{
    "Tool": "DeepJanus",
    "Run ID": "18",
    "Tags": [
        "Orientation",
        "Moves",
        "black-box",
        "rescaled"
    ],
    "Total Samples": 80,
    "Valid Samples": 80,
    "Invalid Samples": 0,
    "Total Misbehaviors": 40,
    "MisbehaviorPerSample": 0.5,
    "Features": {
        "orientation": {
            "meta": {
                "name": "orientation",
                "min-value": 7.0,
                "max-value": 94.0,
                "num-cells": 25
            },
            "stats": {
                "mean": 53.6625,
                "stdev": 13.180291913941392,
                "median": 52.5
            }
        },
        "moves": {
            "meta": {
                "name": "moves",
                "min-value": 0.0,
                "max-value": 31.0,
                "num-cells": 25
            },
            "stats": {
                "mean": 1.125,
                "stdev": 3.975797030196141,
                "median": 0.0
            }
        }
    },
    "Reports": [
        {
            "Features": [
                "orientation",
                "moves"
            ],
            "Total Cells": 625,
            "Filled Cells": 17,
            "Mapped Misbehaviors": 16,
            "Misbehavior Relative Density": 0.9411764705882353,
            "Misbehavior Density": 0.0256,
            "Filled Cells Density": 0.0272,
            "Collisions": 15,
            "Misbehavior Collisions": 11,
            "Collision Ratio": 3.7058823529411766,
            "Misbehavior Collision Ratio": 1.5,
            "Coverage Sparseness": 14.1875,
            "Misbehavior Sparseness": 14.933333333333334,
            "Avg Sample Distance": 8.279411764705884,
            "Avg Misbehavior Distance": 8.283333333333328
        }
    ]
}