{
    "Tool": "DeepHyperion",
    "Run ID": "25",
    "Tags": [
        "Orientation",
        "Moves",
        "black-box",
        "rescaled"
    ],
    "Total Samples": 78,
    "Valid Samples": 78,
    "Invalid Samples": 0,
    "Total Misbehaviors": 28,
    "MisbehaviorPerSample": 0.358974358974359,
    "Features": {
        "orientation": {
            "meta": {
                "name": "orientation",
                "min-value": 7.0,
                "max-value": 94.0,
                "num-cells": 25
            },
            "stats": {
                "mean": 59.44871794871795,
                "stdev": 13.476913820575026,
                "median": 62.5
            }
        },
        "moves": {
            "meta": {
                "name": "moves",
                "min-value": 0.0,
                "max-value": 31.0,
                "num-cells": 25
            },
            "stats": {
                "mean": 9.628205128205128,
                "stdev": 7.737761974431649,
                "median": 11.5
            }
        }
    },
    "Reports": [
        {
            "Features": [
                "orientation",
                "moves"
            ],
            "Total Cells": 625,
            "Filled Cells": 64,
            "Mapped Misbehaviors": 23,
            "Misbehavior Relative Density": 0.359375,
            "Misbehavior Density": 0.0368,
            "Filled Cells Density": 0.1024,
            "Collisions": 12,
            "Misbehavior Collisions": 4,
            "Collision Ratio": 0.21875,
            "Misbehavior Collision Ratio": 0.21739130434782608,
            "Coverage Sparseness": 19.952380952380953,
            "Misbehavior Sparseness": 16.227272727272727,
            "Avg Sample Distance": 10.80109126984127,
            "Avg Misbehavior Distance": 10.197628458498029
        }
    ]
}