{
    "Tool": "DeepHyperion",
    "Run ID": "14",
    "Tags": [
        "Moves",
        "Bitmaps",
        "black-box",
        "rescaled"
    ],
    "Total Samples": 81,
    "Valid Samples": 81,
    "Invalid Samples": 0,
    "Total Misbehaviors": 28,
    "MisbehaviorPerSample": 0.345679012345679,
    "Features": {
        "moves": {
            "meta": {
                "name": "moves",
                "min-value": 0.0,
                "max-value": 31.0,
                "num-cells": 25
            },
            "stats": {
                "mean": 9.333333333333334,
                "stdev": 7.619055059520177,
                "median": 10
            }
        },
        "bitmaps": {
            "meta": {
                "name": "bitmaps",
                "min-value": 3.0,
                "max-value": 207.0,
                "num-cells": 25
            },
            "stats": {
                "mean": 85.70370370370371,
                "stdev": 38.398386829541565,
                "median": 82
            }
        }
    },
    "Reports": [
        {
            "Features": [
                "moves",
                "bitmaps"
            ],
            "Total Cells": 625,
            "Filled Cells": 67,
            "Mapped Misbehaviors": 23,
            "Misbehavior Relative Density": 0.34328358208955223,
            "Misbehavior Density": 0.0368,
            "Filled Cells Density": 0.1072,
            "Collisions": 13,
            "Misbehavior Collisions": 5,
            "Collision Ratio": 0.208955223880597,
            "Misbehavior Collision Ratio": 0.21739130434782608,
            "Coverage Sparseness": 19.893939393939394,
            "Misbehavior Sparseness": 22.454545454545453,
            "Avg Sample Distance": 11.456354590682947,
            "Avg Misbehavior Distance": 11.011857707509884
        }
    ]
}