{
    "Tool": "DeepJanus",
    "Run ID": "25",
    "Tags": [
        "Orientation",
        "Moves",
        "black-box",
        "rescaled"
    ],
    "Total Samples": 94,
    "Valid Samples": 94,
    "Invalid Samples": 0,
    "Total Misbehaviors": 47,
    "MisbehaviorPerSample": 0.5,
    "Features": {
        "orientation": {
            "meta": {
                "name": "orientation",
                "min-value": 7.0,
                "max-value": 94.0,
                "num-cells": 25
            },
            "stats": {
                "mean": 54.37234042553192,
                "stdev": 13.507452377570194,
                "median": 53.0
            }
        },
        "moves": {
            "meta": {
                "name": "moves",
                "min-value": 0.0,
                "max-value": 31.0,
                "num-cells": 25
            },
            "stats": {
                "mean": 0.776595744680851,
                "stdev": 3.189884062069351,
                "median": 0.0
            }
        }
    },
    "Reports": [
        {
            "Features": [
                "orientation",
                "moves"
            ],
            "Total Cells": 625,
            "Filled Cells": 19,
            "Mapped Misbehaviors": 18,
            "Misbehavior Relative Density": 0.9473684210526315,
            "Misbehavior Density": 0.0288,
            "Filled Cells Density": 0.0304,
            "Collisions": 16,
            "Misbehavior Collisions": 11,
            "Collision Ratio": 3.9473684210526314,
            "Misbehavior Collision Ratio": 1.6111111111111112,
            "Coverage Sparseness": 14.88888888888889,
            "Misbehavior Sparseness": 14.764705882352942,
            "Avg Sample Distance": 8.561403508771933,
            "Avg Misbehavior Distance": 7.954248366013071
        }
    ]
}