{
    "Tool": "DeepHyperion",
    "Run ID": "5",
    "Tags": [
        "Moves",
        "Bitmaps",
        "black-box",
        "rescaled"
    ],
    "Total Samples": 91,
    "Valid Samples": 91,
    "Invalid Samples": 0,
    "Total Misbehaviors": 31,
    "MisbehaviorPerSample": 0.34065934065934067,
    "Features": {
        "moves": {
            "meta": {
                "name": "moves",
                "min-value": 0.0,
                "max-value": 31.0,
                "num-cells": 25
            },
            "stats": {
                "mean": 9.32967032967033,
                "stdev": 7.344014864810279,
                "median": 11
            }
        },
        "bitmaps": {
            "meta": {
                "name": "bitmaps",
                "min-value": 3.0,
                "max-value": 207.0,
                "num-cells": 25
            },
            "stats": {
                "mean": 87.36263736263736,
                "stdev": 38.334352590367146,
                "median": 82
            }
        }
    },
    "Reports": [
        {
            "Features": [
                "moves",
                "bitmaps"
            ],
            "Total Cells": 625,
            "Filled Cells": 68,
            "Mapped Misbehaviors": 24,
            "Misbehavior Relative Density": 0.35294117647058826,
            "Misbehavior Density": 0.0384,
            "Filled Cells Density": 0.1088,
            "Collisions": 18,
            "Misbehavior Collisions": 5,
            "Collision Ratio": 0.3382352941176471,
            "Misbehavior Collision Ratio": 0.2916666666666667,
            "Coverage Sparseness": 17.686567164179106,
            "Misbehavior Sparseness": 18.565217391304348,
            "Avg Sample Distance": 11.369183494293218,
            "Avg Misbehavior Distance": 10.706521739130434
        }
    ]
}