{
    "Tool": "DeepJanus",
    "Run ID": "27",
    "Tags": [
        "Orientation",
        "Moves",
        "white-box",
        "rescaled"
    ],
    "Total Samples": 16928,
    "Valid Samples": 16928,
    "Invalid Samples": 0,
    "Total Misbehaviors": 2936,
    "MisbehaviorPerSample": 0.17344045368620037,
    "Features": {
        "orientation": {
            "meta": {
                "name": "orientation",
                "min-value": 7.0,
                "max-value": 94.0,
                "num-cells": 25
            },
            "stats": {
                "mean": 57.6828331758034,
                "stdev": 12.026231474412745,
                "median": 61.0
            }
        },
        "moves": {
            "meta": {
                "name": "moves",
                "min-value": 0.0,
                "max-value": 31.0,
                "num-cells": 25
            },
            "stats": {
                "mean": 1.4622518903591681,
                "stdev": 4.54055512113382,
                "median": 0.0
            }
        }
    },
    "Reports": [
        {
            "Features": [
                "orientation",
                "moves"
            ],
            "Total Cells": 625,
            "Filled Cells": 83,
            "Mapped Misbehaviors": 33,
            "Misbehavior Relative Density": 0.39759036144578314,
            "Misbehavior Density": 0.0528,
            "Filled Cells Density": 0.1328,
            "Collisions": 73,
            "Misbehavior Collisions": 29,
            "Collision Ratio": 202.95180722891567,
            "Misbehavior Collision Ratio": 87.96969696969697,
            "Coverage Sparseness": 19.621951219512194,
            "Misbehavior Sparseness": 18.125,
            "Avg Sample Distance": 10.777549221275352,
            "Avg Misbehavior Distance": 11.59090909090909
        }
    ]
}