{
    "Tool": "DeepJanus",
    "Run ID": "27",
    "Tags": [
        "Orientation",
        "Bitmaps",
        "white-box",
        "rescaled"
    ],
    "Total Samples": 16928,
    "Valid Samples": 16928,
    "Invalid Samples": 0,
    "Total Misbehaviors": 2936,
    "MisbehaviorPerSample": 0.17344045368620037,
    "Features": {
        "orientation": {
            "meta": {
                "name": "orientation",
                "min-value": 7.0,
                "max-value": 94.0,
                "num-cells": 25
            },
            "stats": {
                "mean": 57.6828331758034,
                "stdev": 12.026231474412745,
                "median": 61.0
            }
        },
        "bitmaps": {
            "meta": {
                "name": "bitmaps",
                "min-value": 3.0,
                "max-value": 207.0,
                "num-cells": 25
            },
            "stats": {
                "mean": 99.80186672967864,
                "stdev": 29.081120219133602,
                "median": 95.0
            }
        }
    },
    "Reports": [
        {
            "Features": [
                "orientation",
                "bitmaps"
            ],
            "Total Cells": 625,
            "Filled Cells": 227,
            "Mapped Misbehaviors": 134,
            "Misbehavior Relative Density": 0.5903083700440529,
            "Misbehavior Density": 0.2144,
            "Filled Cells Density": 0.3632,
            "Collisions": 215,
            "Misbehavior Collisions": 112,
            "Collision Ratio": 73.57268722466961,
            "Misbehavior Collision Ratio": 20.91044776119403,
            "Coverage Sparseness": 17.45575221238938,
            "Misbehavior Sparseness": 17.157894736842106,
            "Avg Sample Distance": 10.519122061518077,
            "Avg Misbehavior Distance": 8.99966333744802
        }
    ]
}