{
    "Tool": "DeepJanus",
    "Run ID": "22",
    "Tags": [
        "Orientation",
        "Bitmaps",
        "black-box",
        "rescaled"
    ],
    "Total Samples": 88,
    "Valid Samples": 88,
    "Invalid Samples": 0,
    "Total Misbehaviors": 44,
    "MisbehaviorPerSample": 0.5,
    "Features": {
        "orientation": {
            "meta": {
                "name": "orientation",
                "min-value": 7.0,
                "max-value": 94.0,
                "num-cells": 25
            },
            "stats": {
                "mean": 53.375,
                "stdev": 12.66392514191394,
                "median": 53.0
            }
        },
        "bitmaps": {
            "meta": {
                "name": "bitmaps",
                "min-value": 3.0,
                "max-value": 207.0,
                "num-cells": 25
            },
            "stats": {
                "mean": 98.70454545454545,
                "stdev": 29.979747604969596,
                "median": 93.5
            }
        }
    },
    "Reports": [
        {
            "Features": [
                "orientation",
                "bitmaps"
            ],
            "Total Cells": 625,
            "Filled Cells": 47,
            "Mapped Misbehaviors": 39,
            "Misbehavior Relative Density": 0.8297872340425532,
            "Misbehavior Density": 0.0624,
            "Filled Cells Density": 0.0752,
            "Collisions": 29,
            "Misbehavior Collisions": 5,
            "Collision Ratio": 0.8723404255319149,
            "Misbehavior Collision Ratio": 0.1282051282051282,
            "Coverage Sparseness": 13.108695652173912,
            "Misbehavior Sparseness": 12.947368421052632,
            "Avg Sample Distance": 7.898242368177612,
            "Avg Misbehavior Distance": 8.178137651821856
        }
    ]
}