{
    "Tool": "DeepJanus",
    "Run ID": "30",
    "Tags": [
        "Orientation",
        "Bitmaps",
        "black-box",
        "rescaled"
    ],
    "Total Samples": 90,
    "Valid Samples": 90,
    "Invalid Samples": 0,
    "Total Misbehaviors": 45,
    "MisbehaviorPerSample": 0.5,
    "Features": {
        "orientation": {
            "meta": {
                "name": "orientation",
                "min-value": 7.0,
                "max-value": 94.0,
                "num-cells": 25
            },
            "stats": {
                "mean": 53.611111111111114,
                "stdev": 13.327924933057789,
                "median": 52.5
            }
        },
        "bitmaps": {
            "meta": {
                "name": "bitmaps",
                "min-value": 3.0,
                "max-value": 207.0,
                "num-cells": 25
            },
            "stats": {
                "mean": 98.3,
                "stdev": 27.842433866232053,
                "median": 92.0
            }
        }
    },
    "Reports": [
        {
            "Features": [
                "orientation",
                "bitmaps"
            ],
            "Total Cells": 625,
            "Filled Cells": 45,
            "Mapped Misbehaviors": 37,
            "Misbehavior Relative Density": 0.8222222222222222,
            "Misbehavior Density": 0.0592,
            "Filled Cells Density": 0.072,
            "Collisions": 27,
            "Misbehavior Collisions": 8,
            "Collision Ratio": 1.0,
            "Misbehavior Collision Ratio": 0.21621621621621623,
            "Coverage Sparseness": 14.75,
            "Misbehavior Sparseness": 14.75,
            "Avg Sample Distance": 8.321212121212112,
            "Avg Misbehavior Distance": 8.060060060060076
        }
    ]
}