{
    "Tool": "DeepHyperion",
    "Run ID": "21",
    "Tags": [
        "Orientation",
        "Moves",
        "black-box",
        "rescaled"
    ],
    "Total Samples": 76,
    "Valid Samples": 76,
    "Invalid Samples": 0,
    "Total Misbehaviors": 22,
    "MisbehaviorPerSample": 0.2894736842105263,
    "Features": {
        "orientation": {
            "meta": {
                "name": "orientation",
                "min-value": 7.0,
                "max-value": 94.0,
                "num-cells": 25
            },
            "stats": {
                "mean": 60.63157894736842,
                "stdev": 12.586598275163583,
                "median": 63.0
            }
        },
        "moves": {
            "meta": {
                "name": "moves",
                "min-value": 0.0,
                "max-value": 31.0,
                "num-cells": 25
            },
            "stats": {
                "mean": 10.763157894736842,
                "stdev": 6.975898357540543,
                "median": 14.0
            }
        }
    },
    "Reports": [
        {
            "Features": [
                "orientation",
                "moves"
            ],
            "Total Cells": 625,
            "Filled Cells": 57,
            "Mapped Misbehaviors": 19,
            "Misbehavior Relative Density": 0.3333333333333333,
            "Misbehavior Density": 0.0304,
            "Filled Cells Density": 0.0912,
            "Collisions": 14,
            "Misbehavior Collisions": 3,
            "Collision Ratio": 0.3333333333333333,
            "Misbehavior Collision Ratio": 0.15789473684210525,
            "Coverage Sparseness": 19.214285714285715,
            "Misbehavior Sparseness": 17.38888888888889,
            "Avg Sample Distance": 10.325814536340863,
            "Avg Misbehavior Distance": 11.005847953216376
        }
    ]
}