{
    "Tool": "DeepHyperion",
    "Run ID": "3",
    "Tags": [
        "Orientation",
        "Moves",
        "black-box",
        "rescaled"
    ],
    "Total Samples": 79,
    "Valid Samples": 79,
    "Invalid Samples": 0,
    "Total Misbehaviors": 27,
    "MisbehaviorPerSample": 0.34177215189873417,
    "Features": {
        "orientation": {
            "meta": {
                "name": "orientation",
                "min-value": 7.0,
                "max-value": 94.0,
                "num-cells": 25
            },
            "stats": {
                "mean": 58.89873417721519,
                "stdev": 14.075433168821867,
                "median": 62
            }
        },
        "moves": {
            "meta": {
                "name": "moves",
                "min-value": 0.0,
                "max-value": 31.0,
                "num-cells": 25
            },
            "stats": {
                "mean": 10.240506329113924,
                "stdev": 7.543404641572524,
                "median": 12
            }
        }
    },
    "Reports": [
        {
            "Features": [
                "orientation",
                "moves"
            ],
            "Total Cells": 625,
            "Filled Cells": 56,
            "Mapped Misbehaviors": 20,
            "Misbehavior Relative Density": 0.35714285714285715,
            "Misbehavior Density": 0.032,
            "Filled Cells Density": 0.0896,
            "Collisions": 18,
            "Misbehavior Collisions": 4,
            "Collision Ratio": 0.4107142857142857,
            "Misbehavior Collision Ratio": 0.35,
            "Coverage Sparseness": 19.963636363636365,
            "Misbehavior Sparseness": 17.789473684210527,
            "Avg Sample Distance": 11.212337662337648,
            "Avg Misbehavior Distance": 11.915789473684207
        }
    ]
}