{
    "Tool": "DeepHyperion",
    "Run ID": "21",
    "Tags": [
        "Moves",
        "Bitmaps",
        "black-box",
        "rescaled"
    ],
    "Total Samples": 98,
    "Valid Samples": 98,
    "Invalid Samples": 0,
    "Total Misbehaviors": 35,
    "MisbehaviorPerSample": 0.35714285714285715,
    "Features": {
        "moves": {
            "meta": {
                "name": "moves",
                "min-value": 0.0,
                "max-value": 31.0,
                "num-cells": 25
            },
            "stats": {
                "mean": 8.979591836734693,
                "stdev": 7.604908333406808,
                "median": 10.5
            }
        },
        "bitmaps": {
            "meta": {
                "name": "bitmaps",
                "min-value": 3.0,
                "max-value": 207.0,
                "num-cells": 25
            },
            "stats": {
                "mean": 86.60204081632654,
                "stdev": 38.72151158864614,
                "median": 79.5
            }
        }
    },
    "Reports": [
        {
            "Features": [
                "moves",
                "bitmaps"
            ],
            "Total Cells": 625,
            "Filled Cells": 73,
            "Mapped Misbehaviors": 24,
            "Misbehavior Relative Density": 0.3287671232876712,
            "Misbehavior Density": 0.0384,
            "Filled Cells Density": 0.1168,
            "Collisions": 17,
            "Misbehavior Collisions": 5,
            "Collision Ratio": 0.3424657534246575,
            "Misbehavior Collision Ratio": 0.4583333333333333,
            "Coverage Sparseness": 19.194444444444443,
            "Misbehavior Sparseness": 21.695652173913043,
            "Avg Sample Distance": 11.624048706240487,
            "Avg Misbehavior Distance": 11.097826086956514
        }
    ]
}