{
    "Tool": "DeepJanus",
    "Run ID": "7",
    "Tags": [
        "Moves",
        "Bitmaps",
        "black-box",
        "rescaled"
    ],
    "Total Samples": 94,
    "Valid Samples": 94,
    "Invalid Samples": 0,
    "Total Misbehaviors": 47,
    "MisbehaviorPerSample": 0.5,
    "Features": {
        "moves": {
            "meta": {
                "name": "moves",
                "min-value": 0.0,
                "max-value": 31.0,
                "num-cells": 25
            },
            "stats": {
                "mean": 0.6382978723404256,
                "stdev": 3.043947153928498,
                "median": 0.0
            }
        },
        "bitmaps": {
            "meta": {
                "name": "bitmaps",
                "min-value": 3.0,
                "max-value": 207.0,
                "num-cells": 25
            },
            "stats": {
                "mean": 94.96808510638297,
                "stdev": 30.99026976245396,
                "median": 85.5
            }
        }
    },
    "Reports": [
        {
            "Features": [
                "moves",
                "bitmaps"
            ],
            "Total Cells": 625,
            "Filled Cells": 17,
            "Mapped Misbehaviors": 17,
            "Misbehavior Relative Density": 1.0,
            "Misbehavior Density": 0.0272,
            "Filled Cells Density": 0.0272,
            "Collisions": 15,
            "Misbehavior Collisions": 11,
            "Collision Ratio": 4.529411764705882,
            "Misbehavior Collision Ratio": 1.7647058823529411,
            "Coverage Sparseness": 15.4375,
            "Misbehavior Sparseness": 15.4375,
            "Avg Sample Distance": 7.897058823529412,
            "Avg Misbehavior Distance": 7.897058823529412
        }
    ]
}