{
    "Tool": "DeepHyperion",
    "Run ID": "12",
    "Tags": [
        "Orientation",
        "Bitmaps",
        "black-box",
        "rescaled"
    ],
    "Total Samples": 452,
    "Valid Samples": 452,
    "Invalid Samples": 0,
    "Total Misbehaviors": 137,
    "MisbehaviorPerSample": 0.3030973451327434,
    "Features": {
        "orientation": {
            "meta": {
                "name": "orientation",
                "min-value": 7.0,
                "max-value": 94.0,
                "num-cells": 25
            },
            "stats": {
                "mean": 55.43141592920354,
                "stdev": 13.5375697883115,
                "median": 57.0
            }
        },
        "bitmaps": {
            "meta": {
                "name": "bitmaps",
                "min-value": 3.0,
                "max-value": 207.0,
                "num-cells": 25
            },
            "stats": {
                "mean": 101.11283185840708,
                "stdev": 34.52012638221288,
                "median": 99.0
            }
        }
    },
    "Reports": [
        {
            "Features": [
                "orientation",
                "bitmaps"
            ],
            "Total Cells": 625,
            "Filled Cells": 189,
            "Mapped Misbehaviors": 92,
            "Misbehavior Relative Density": 0.48677248677248675,
            "Misbehavior Density": 0.1472,
            "Filled Cells Density": 0.3024,
            "Collisions": 117,
            "Misbehavior Collisions": 32,
            "Collision Ratio": 1.3915343915343916,
            "Misbehavior Collision Ratio": 0.4891304347826087,
            "Coverage Sparseness": 16.388297872340427,
            "Misbehavior Sparseness": 13.846153846153847,
            "Avg Sample Distance": 10.17662951705506,
            "Avg Misbehavior Distance": 8.918060200668895
        }
    ]
}