{
    "Tool": "DeepHyperion",
    "Run ID": "15",
    "Tags": [
        "Moves",
        "Bitmaps",
        "black-box",
        "rescaled"
    ],
    "Total Samples": 91,
    "Valid Samples": 91,
    "Invalid Samples": 0,
    "Total Misbehaviors": 30,
    "MisbehaviorPerSample": 0.32967032967032966,
    "Features": {
        "moves": {
            "meta": {
                "name": "moves",
                "min-value": 0.0,
                "max-value": 31.0,
                "num-cells": 25
            },
            "stats": {
                "mean": 9.593406593406593,
                "stdev": 7.27244116431343,
                "median": 12
            }
        },
        "bitmaps": {
            "meta": {
                "name": "bitmaps",
                "min-value": 3.0,
                "max-value": 207.0,
                "num-cells": 25
            },
            "stats": {
                "mean": 84.61538461538461,
                "stdev": 35.772978390203725,
                "median": 76
            }
        }
    },
    "Reports": [
        {
            "Features": [
                "moves",
                "bitmaps"
            ],
            "Total Cells": 625,
            "Filled Cells": 65,
            "Mapped Misbehaviors": 22,
            "Misbehavior Relative Density": 0.3384615384615385,
            "Misbehavior Density": 0.0352,
            "Filled Cells Density": 0.104,
            "Collisions": 20,
            "Misbehavior Collisions": 6,
            "Collision Ratio": 0.4,
            "Misbehavior Collision Ratio": 0.36363636363636365,
            "Coverage Sparseness": 17.59375,
            "Misbehavior Sparseness": 19.476190476190474,
            "Avg Sample Distance": 10.931730769230768,
            "Avg Misbehavior Distance": 10.930735930735938
        }
    ]
}