{
    "Tool": "DeepHyperion",
    "Run ID": "29",
    "Tags": [
        "Orientation",
        "Moves",
        "black-box",
        "rescaled"
    ],
    "Total Samples": 80,
    "Valid Samples": 80,
    "Invalid Samples": 0,
    "Total Misbehaviors": 27,
    "MisbehaviorPerSample": 0.3375,
    "Features": {
        "orientation": {
            "meta": {
                "name": "orientation",
                "min-value": 7.0,
                "max-value": 94.0,
                "num-cells": 25
            },
            "stats": {
                "mean": 59.8125,
                "stdev": 13.379649907436653,
                "median": 62.5
            }
        },
        "moves": {
            "meta": {
                "name": "moves",
                "min-value": 0.0,
                "max-value": 31.0,
                "num-cells": 25
            },
            "stats": {
                "mean": 10.075,
                "stdev": 7.442224725225616,
                "median": 13.0
            }
        }
    },
    "Reports": [
        {
            "Features": [
                "orientation",
                "moves"
            ],
            "Total Cells": 625,
            "Filled Cells": 57,
            "Mapped Misbehaviors": 20,
            "Misbehavior Relative Density": 0.3508771929824561,
            "Misbehavior Density": 0.032,
            "Filled Cells Density": 0.0912,
            "Collisions": 15,
            "Misbehavior Collisions": 5,
            "Collision Ratio": 0.40350877192982454,
            "Misbehavior Collision Ratio": 0.35,
            "Coverage Sparseness": 19.196428571428573,
            "Misbehavior Sparseness": 19.36842105263158,
            "Avg Sample Distance": 10.911027568922298,
            "Avg Misbehavior Distance": 12.694736842105259
        }
    ]
}