{
    "Tool": "DeepHyperion",
    "Run ID": "16",
    "Tags": [
        "Orientation",
        "Moves",
        "black-box",
        "rescaled"
    ],
    "Total Samples": 78,
    "Valid Samples": 78,
    "Invalid Samples": 0,
    "Total Misbehaviors": 30,
    "MisbehaviorPerSample": 0.38461538461538464,
    "Features": {
        "orientation": {
            "meta": {
                "name": "orientation",
                "min-value": 7.0,
                "max-value": 94.0,
                "num-cells": 25
            },
            "stats": {
                "mean": 59.32051282051282,
                "stdev": 13.895242192123014,
                "median": 63.0
            }
        },
        "moves": {
            "meta": {
                "name": "moves",
                "min-value": 0.0,
                "max-value": 31.0,
                "num-cells": 25
            },
            "stats": {
                "mean": 9.320512820512821,
                "stdev": 7.548103038105632,
                "median": 11.5
            }
        }
    },
    "Reports": [
        {
            "Features": [
                "orientation",
                "moves"
            ],
            "Total Cells": 625,
            "Filled Cells": 64,
            "Mapped Misbehaviors": 24,
            "Misbehavior Relative Density": 0.375,
            "Misbehavior Density": 0.0384,
            "Filled Cells Density": 0.1024,
            "Collisions": 12,
            "Misbehavior Collisions": 5,
            "Collision Ratio": 0.21875,
            "Misbehavior Collision Ratio": 0.25,
            "Coverage Sparseness": 19.58730158730159,
            "Misbehavior Sparseness": 20.52173913043478,
            "Avg Sample Distance": 11.021329365079353,
            "Avg Misbehavior Distance": 11.141304347826091
        }
    ]
}