{
    "Tool": "DeepJanus",
    "Run ID": "17",
    "Tags": [
        "Orientation",
        "Bitmaps",
        "black-box",
        "rescaled"
    ],
    "Total Samples": 92,
    "Valid Samples": 92,
    "Invalid Samples": 0,
    "Total Misbehaviors": 46,
    "MisbehaviorPerSample": 0.5,
    "Features": {
        "orientation": {
            "meta": {
                "name": "orientation",
                "min-value": 7.0,
                "max-value": 94.0,
                "num-cells": 25
            },
            "stats": {
                "mean": 53.80434782608695,
                "stdev": 13.905678443592338,
                "median": 53.0
            }
        },
        "bitmaps": {
            "meta": {
                "name": "bitmaps",
                "min-value": 3.0,
                "max-value": 207.0,
                "num-cells": 25
            },
            "stats": {
                "mean": 95.1195652173913,
                "stdev": 27.72345473901169,
                "median": 85.0
            }
        }
    },
    "Reports": [
        {
            "Features": [
                "orientation",
                "bitmaps"
            ],
            "Total Cells": 625,
            "Filled Cells": 47,
            "Mapped Misbehaviors": 39,
            "Misbehavior Relative Density": 0.8297872340425532,
            "Misbehavior Density": 0.0624,
            "Filled Cells Density": 0.0752,
            "Collisions": 30,
            "Misbehavior Collisions": 6,
            "Collision Ratio": 0.9574468085106383,
            "Misbehavior Collision Ratio": 0.1794871794871795,
            "Coverage Sparseness": 14.695652173913043,
            "Misbehavior Sparseness": 14.842105263157896,
            "Avg Sample Distance": 8.338575393154503,
            "Avg Misbehavior Distance": 8.531713900134946
        }
    ]
}