{
    "Tool": "DeepHyperion",
    "Run ID": "12",
    "Tags": [
        "Orientation",
        "Moves",
        "black-box",
        "rescaled"
    ],
    "Total Samples": 76,
    "Valid Samples": 76,
    "Invalid Samples": 0,
    "Total Misbehaviors": 29,
    "MisbehaviorPerSample": 0.3815789473684211,
    "Features": {
        "orientation": {
            "meta": {
                "name": "orientation",
                "min-value": 7.0,
                "max-value": 94.0,
                "num-cells": 25
            },
            "stats": {
                "mean": 59.828947368421055,
                "stdev": 14.328887519408465,
                "median": 62.5
            }
        },
        "moves": {
            "meta": {
                "name": "moves",
                "min-value": 0.0,
                "max-value": 31.0,
                "num-cells": 25
            },
            "stats": {
                "mean": 9.723684210526315,
                "stdev": 7.498619756036042,
                "median": 12.0
            }
        }
    },
    "Reports": [
        {
            "Features": [
                "orientation",
                "moves"
            ],
            "Total Cells": 625,
            "Filled Cells": 56,
            "Mapped Misbehaviors": 23,
            "Misbehavior Relative Density": 0.4107142857142857,
            "Misbehavior Density": 0.0368,
            "Filled Cells Density": 0.0896,
            "Collisions": 13,
            "Misbehavior Collisions": 4,
            "Collision Ratio": 0.35714285714285715,
            "Misbehavior Collision Ratio": 0.2608695652173913,
            "Coverage Sparseness": 20.0,
            "Misbehavior Sparseness": 18.318181818181817,
            "Avg Sample Distance": 11.034415584415587,
            "Avg Misbehavior Distance": 11.826086956521742
        }
    ]
}