{
    "Tool": "DeepJanus",
    "Run ID": "10",
    "Tags": [
        "Moves",
        "Bitmaps",
        "black-box",
        "rescaled"
    ],
    "Total Samples": 88,
    "Valid Samples": 88,
    "Invalid Samples": 0,
    "Total Misbehaviors": 44,
    "MisbehaviorPerSample": 0.5,
    "Features": {
        "moves": {
            "meta": {
                "name": "moves",
                "min-value": 0.0,
                "max-value": 31.0,
                "num-cells": 25
            },
            "stats": {
                "mean": 0.6818181818181818,
                "stdev": 3.142388924126073,
                "median": 0.0
            }
        },
        "bitmaps": {
            "meta": {
                "name": "bitmaps",
                "min-value": 3.0,
                "max-value": 207.0,
                "num-cells": 25
            },
            "stats": {
                "mean": 97.10227272727273,
                "stdev": 31.75047823795034,
                "median": 86.5
            }
        }
    },
    "Reports": [
        {
            "Features": [
                "moves",
                "bitmaps"
            ],
            "Total Cells": 625,
            "Filled Cells": 18,
            "Mapped Misbehaviors": 17,
            "Misbehavior Relative Density": 0.9444444444444444,
            "Misbehavior Density": 0.0272,
            "Filled Cells Density": 0.0288,
            "Collisions": 15,
            "Misbehavior Collisions": 11,
            "Collision Ratio": 3.888888888888889,
            "Misbehavior Collision Ratio": 1.588235294117647,
            "Coverage Sparseness": 15.588235294117647,
            "Misbehavior Sparseness": 15.3125,
            "Avg Sample Distance": 8.058823529411766,
            "Avg Misbehavior Distance": 8.01470588235294
        }
    ]
}