{
    "Tool": "DeepHyperion",
    "Run ID": "10",
    "Tags": [
        "Orientation",
        "Moves",
        "black-box",
        "rescaled"
    ],
    "Total Samples": 71,
    "Valid Samples": 71,
    "Invalid Samples": 0,
    "Total Misbehaviors": 23,
    "MisbehaviorPerSample": 0.323943661971831,
    "Features": {
        "orientation": {
            "meta": {
                "name": "orientation",
                "min-value": 7.0,
                "max-value": 94.0,
                "num-cells": 25
            },
            "stats": {
                "mean": 59.67605633802817,
                "stdev": 14.223496303036569,
                "median": 62
            }
        },
        "moves": {
            "meta": {
                "name": "moves",
                "min-value": 0.0,
                "max-value": 31.0,
                "num-cells": 25
            },
            "stats": {
                "mean": 10.464788732394366,
                "stdev": 7.566525879378184,
                "median": 13
            }
        }
    },
    "Reports": [
        {
            "Features": [
                "orientation",
                "moves"
            ],
            "Total Cells": 625,
            "Filled Cells": 58,
            "Mapped Misbehaviors": 19,
            "Misbehavior Relative Density": 0.3275862068965517,
            "Misbehavior Density": 0.0304,
            "Filled Cells Density": 0.0928,
            "Collisions": 10,
            "Misbehavior Collisions": 3,
            "Collision Ratio": 0.22413793103448276,
            "Misbehavior Collision Ratio": 0.21052631578947367,
            "Coverage Sparseness": 19.140350877192983,
            "Misbehavior Sparseness": 16.77777777777778,
            "Avg Sample Distance": 11.023593466424677,
            "Avg Misbehavior Distance": 11.602339181286546
        }
    ]
}