{
    "Tool": "DeepJanus",
    "Run ID": "28",
    "Tags": [
        "Moves",
        "Bitmaps",
        "white-box",
        "rescaled"
    ],
    "Total Samples": 29968,
    "Valid Samples": 29968,
    "Invalid Samples": 0,
    "Total Misbehaviors": 5335,
    "MisbehaviorPerSample": 0.1780232247730913,
    "Features": {
        "moves": {
            "meta": {
                "name": "moves",
                "min-value": 0.0,
                "max-value": 31.0,
                "num-cells": 25
            },
            "stats": {
                "mean": 1.408769353977576,
                "stdev": 4.4205181739412165,
                "median": 0.0
            }
        },
        "bitmaps": {
            "meta": {
                "name": "bitmaps",
                "min-value": 3.0,
                "max-value": 207.0,
                "num-cells": 25
            },
            "stats": {
                "mean": 99.40029364655632,
                "stdev": 29.33761580608021,
                "median": 96.0
            }
        }
    },
    "Reports": [
        {
            "Features": [
                "moves",
                "bitmaps"
            ],
            "Total Cells": 625,
            "Filled Cells": 101,
            "Mapped Misbehaviors": 33,
            "Misbehavior Relative Density": 0.32673267326732675,
            "Misbehavior Density": 0.0528,
            "Filled Cells Density": 0.1616,
            "Collisions": 93,
            "Misbehavior Collisions": 27,
            "Collision Ratio": 295.71287128712873,
            "Misbehavior Collision Ratio": 160.66666666666666,
            "Coverage Sparseness": 18.18,
            "Misbehavior Sparseness": 22.25,
            "Avg Sample Distance": 11.05821782178218,
            "Avg Misbehavior Distance": 11.250000000000002
        }
    ]
}