{
    "Tool": "DeepHyperion",
    "Run ID": "24",
    "Tags": [
        "Orientation",
        "Moves",
        "black-box",
        "rescaled"
    ],
    "Total Samples": 75,
    "Valid Samples": 75,
    "Invalid Samples": 0,
    "Total Misbehaviors": 23,
    "MisbehaviorPerSample": 0.30666666666666664,
    "Features": {
        "orientation": {
            "meta": {
                "name": "orientation",
                "min-value": 7.0,
                "max-value": 94.0,
                "num-cells": 25
            },
            "stats": {
                "mean": 59.82666666666667,
                "stdev": 13.516129836819628,
                "median": 63
            }
        },
        "moves": {
            "meta": {
                "name": "moves",
                "min-value": 0.0,
                "max-value": 31.0,
                "num-cells": 25
            },
            "stats": {
                "mean": 10.373333333333333,
                "stdev": 7.298228836104287,
                "median": 13
            }
        }
    },
    "Reports": [
        {
            "Features": [
                "orientation",
                "moves"
            ],
            "Total Cells": 625,
            "Filled Cells": 64,
            "Mapped Misbehaviors": 19,
            "Misbehavior Relative Density": 0.296875,
            "Misbehavior Density": 0.0304,
            "Filled Cells Density": 0.1024,
            "Collisions": 9,
            "Misbehavior Collisions": 3,
            "Collision Ratio": 0.171875,
            "Misbehavior Collision Ratio": 0.21052631578947367,
            "Coverage Sparseness": 19.333333333333332,
            "Misbehavior Sparseness": 16.77777777777778,
            "Avg Sample Distance": 10.461805555555559,
            "Avg Misbehavior Distance": 11.216374269005852
        }
    ]
}