{
    "Tool": "DeepJanus",
    "Run ID": "16",
    "Tags": [
        "Orientation",
        "Bitmaps",
        "black-box",
        "rescaled"
    ],
    "Total Samples": 82,
    "Valid Samples": 82,
    "Invalid Samples": 0,
    "Total Misbehaviors": 41,
    "MisbehaviorPerSample": 0.5,
    "Features": {
        "orientation": {
            "meta": {
                "name": "orientation",
                "min-value": 7.0,
                "max-value": 94.0,
                "num-cells": 25
            },
            "stats": {
                "mean": 53.63414634146341,
                "stdev": 13.262322194963112,
                "median": 52.5
            }
        },
        "bitmaps": {
            "meta": {
                "name": "bitmaps",
                "min-value": 3.0,
                "max-value": 207.0,
                "num-cells": 25
            },
            "stats": {
                "mean": 97.7439024390244,
                "stdev": 26.570108042179285,
                "median": 88.0
            }
        }
    },
    "Reports": [
        {
            "Features": [
                "orientation",
                "bitmaps"
            ],
            "Total Cells": 625,
            "Filled Cells": 42,
            "Mapped Misbehaviors": 32,
            "Misbehavior Relative Density": 0.7619047619047619,
            "Misbehavior Density": 0.0512,
            "Filled Cells Density": 0.0672,
            "Collisions": 27,
            "Misbehavior Collisions": 9,
            "Collision Ratio": 0.9523809523809523,
            "Misbehavior Collision Ratio": 0.28125,
            "Coverage Sparseness": 14.536585365853659,
            "Misbehavior Sparseness": 14.225806451612904,
            "Avg Sample Distance": 8.495934959349603,
            "Avg Misbehavior Distance": 7.893145161290324
        }
    ]
}