{
    "Tool": "DeepJanus",
    "Run ID": "24",
    "Tags": [
        "Orientation",
        "Moves",
        "black-box",
        "rescaled"
    ],
    "Total Samples": 82,
    "Valid Samples": 82,
    "Invalid Samples": 0,
    "Total Misbehaviors": 41,
    "MisbehaviorPerSample": 0.5,
    "Features": {
        "orientation": {
            "meta": {
                "name": "orientation",
                "min-value": 7.0,
                "max-value": 94.0,
                "num-cells": 25
            },
            "stats": {
                "mean": 52.86585365853659,
                "stdev": 13.332187168441987,
                "median": 49.0
            }
        },
        "moves": {
            "meta": {
                "name": "moves",
                "min-value": 0.0,
                "max-value": 31.0,
                "num-cells": 25
            },
            "stats": {
                "mean": 1.3902439024390243,
                "stdev": 4.331213434630113,
                "median": 0.0
            }
        }
    },
    "Reports": [
        {
            "Features": [
                "orientation",
                "moves"
            ],
            "Total Cells": 625,
            "Filled Cells": 18,
            "Mapped Misbehaviors": 16,
            "Misbehavior Relative Density": 0.8888888888888888,
            "Misbehavior Density": 0.0256,
            "Filled Cells Density": 0.0288,
            "Collisions": 17,
            "Misbehavior Collisions": 11,
            "Collision Ratio": 3.5555555555555554,
            "Misbehavior Collision Ratio": 1.5625,
            "Coverage Sparseness": 16.0,
            "Misbehavior Sparseness": 15.8,
            "Avg Sample Distance": 8.960784313725496,
            "Avg Misbehavior Distance": 9.200000000000003
        }
    ]
}