{
    "Tool": "DeepHyperion",
    "Run ID": "3",
    "Tags": [
        "Orientation",
        "Bitmaps",
        "black-box",
        "rescaled"
    ],
    "Total Samples": 452,
    "Valid Samples": 452,
    "Invalid Samples": 0,
    "Total Misbehaviors": 143,
    "MisbehaviorPerSample": 0.3163716814159292,
    "Features": {
        "orientation": {
            "meta": {
                "name": "orientation",
                "min-value": 7.0,
                "max-value": 94.0,
                "num-cells": 25
            },
            "stats": {
                "mean": 55.44469026548673,
                "stdev": 13.095048848264813,
                "median": 57.5
            }
        },
        "bitmaps": {
            "meta": {
                "name": "bitmaps",
                "min-value": 3.0,
                "max-value": 207.0,
                "num-cells": 25
            },
            "stats": {
                "mean": 99.48672566371681,
                "stdev": 35.142501174667274,
                "median": 96.0
            }
        }
    },
    "Reports": [
        {
            "Features": [
                "orientation",
                "bitmaps"
            ],
            "Total Cells": 625,
            "Filled Cells": 191,
            "Mapped Misbehaviors": 103,
            "Misbehavior Relative Density": 0.5392670157068062,
            "Misbehavior Density": 0.1648,
            "Filled Cells Density": 0.3056,
            "Collisions": 116,
            "Misbehavior Collisions": 28,
            "Collision Ratio": 1.3664921465968587,
            "Misbehavior Collision Ratio": 0.3883495145631068,
            "Coverage Sparseness": 16.621052631578948,
            "Misbehavior Sparseness": 15.57843137254902,
            "Avg Sample Distance": 10.161807660512562,
            "Avg Misbehavior Distance": 9.034837235865211
        }
    ]
}