{
    "Tool": "DeepJanus",
    "Run ID": "25",
    "Tags": [
        "Orientation",
        "Bitmaps",
        "black-box",
        "rescaled"
    ],
    "Total Samples": 94,
    "Valid Samples": 94,
    "Invalid Samples": 0,
    "Total Misbehaviors": 47,
    "MisbehaviorPerSample": 0.5,
    "Features": {
        "orientation": {
            "meta": {
                "name": "orientation",
                "min-value": 7.0,
                "max-value": 94.0,
                "num-cells": 25
            },
            "stats": {
                "mean": 54.37234042553192,
                "stdev": 13.507452377570194,
                "median": 53.0
            }
        },
        "bitmaps": {
            "meta": {
                "name": "bitmaps",
                "min-value": 3.0,
                "max-value": 207.0,
                "num-cells": 25
            },
            "stats": {
                "mean": 95.25531914893617,
                "stdev": 29.67817929457828,
                "median": 85.5
            }
        }
    },
    "Reports": [
        {
            "Features": [
                "orientation",
                "bitmaps"
            ],
            "Total Cells": 625,
            "Filled Cells": 49,
            "Mapped Misbehaviors": 39,
            "Misbehavior Relative Density": 0.7959183673469388,
            "Misbehavior Density": 0.0624,
            "Filled Cells Density": 0.0784,
            "Collisions": 31,
            "Misbehavior Collisions": 7,
            "Collision Ratio": 0.9183673469387755,
            "Misbehavior Collision Ratio": 0.20512820512820512,
            "Coverage Sparseness": 15.208333333333334,
            "Misbehavior Sparseness": 14.894736842105264,
            "Avg Sample Distance": 8.397959183673482,
            "Avg Misbehavior Distance": 8.537112010796227
        }
    ]
}