{
    "Tool": "DeepJanus",
    "Run ID": "23",
    "Tags": [
        "Orientation",
        "Bitmaps",
        "black-box",
        "rescaled"
    ],
    "Total Samples": 84,
    "Valid Samples": 84,
    "Invalid Samples": 0,
    "Total Misbehaviors": 42,
    "MisbehaviorPerSample": 0.5,
    "Features": {
        "orientation": {
            "meta": {
                "name": "orientation",
                "min-value": 7.0,
                "max-value": 94.0,
                "num-cells": 25
            },
            "stats": {
                "mean": 54.714285714285715,
                "stdev": 13.334050468379345,
                "median": 53.5
            }
        },
        "bitmaps": {
            "meta": {
                "name": "bitmaps",
                "min-value": 3.0,
                "max-value": 207.0,
                "num-cells": 25
            },
            "stats": {
                "mean": 96.26190476190476,
                "stdev": 27.065791794898523,
                "median": 90.0
            }
        }
    },
    "Reports": [
        {
            "Features": [
                "orientation",
                "bitmaps"
            ],
            "Total Cells": 625,
            "Filled Cells": 39,
            "Mapped Misbehaviors": 34,
            "Misbehavior Relative Density": 0.8717948717948718,
            "Misbehavior Density": 0.0544,
            "Filled Cells Density": 0.0624,
            "Collisions": 29,
            "Misbehavior Collisions": 7,
            "Collision Ratio": 1.1538461538461537,
            "Misbehavior Collision Ratio": 0.23529411764705882,
            "Coverage Sparseness": 14.605263157894736,
            "Misbehavior Sparseness": 14.393939393939394,
            "Avg Sample Distance": 7.894736842105259,
            "Avg Misbehavior Distance": 8.197860962566844
        }
    ]
}