{
    "Tool": "DeepJanus",
    "Run ID": "30",
    "Tags": [
        "Orientation",
        "Moves",
        "white-box",
        "rescaled"
    ],
    "Total Samples": 24418,
    "Valid Samples": 24418,
    "Invalid Samples": 0,
    "Total Misbehaviors": 4527,
    "MisbehaviorPerSample": 0.18539601933000247,
    "Features": {
        "orientation": {
            "meta": {
                "name": "orientation",
                "min-value": 7.0,
                "max-value": 94.0,
                "num-cells": 25
            },
            "stats": {
                "mean": 57.719714964370546,
                "stdev": 11.951454907576602,
                "median": 61.0
            }
        },
        "moves": {
            "meta": {
                "name": "moves",
                "min-value": 0.0,
                "max-value": 31.0,
                "num-cells": 25
            },
            "stats": {
                "mean": 1.2884757146367434,
                "stdev": 4.273246674458032,
                "median": 0.0
            }
        }
    },
    "Reports": [
        {
            "Features": [
                "orientation",
                "moves"
            ],
            "Total Cells": 625,
            "Filled Cells": 87,
            "Mapped Misbehaviors": 34,
            "Misbehavior Relative Density": 0.39080459770114945,
            "Misbehavior Density": 0.0544,
            "Filled Cells Density": 0.1392,
            "Collisions": 75,
            "Misbehavior Collisions": 30,
            "Collision Ratio": 279.6666666666667,
            "Misbehavior Collision Ratio": 132.14705882352942,
            "Coverage Sparseness": 19.593023255813954,
            "Misbehavior Sparseness": 18.09090909090909,
            "Avg Sample Distance": 11.050521251002362,
            "Avg Misbehavior Distance": 11.720142602495539
        }
    ]
}