{
    "Tool": "DeepHyperion",
    "Run ID": "4",
    "Tags": [
        "Moves",
        "Bitmaps",
        "black-box",
        "rescaled"
    ],
    "Total Samples": 88,
    "Valid Samples": 88,
    "Invalid Samples": 0,
    "Total Misbehaviors": 22,
    "MisbehaviorPerSample": 0.25,
    "Features": {
        "moves": {
            "meta": {
                "name": "moves",
                "min-value": 0.0,
                "max-value": 31.0,
                "num-cells": 25
            },
            "stats": {
                "mean": 9.204545454545455,
                "stdev": 7.230457753921495,
                "median": 10.0
            }
        },
        "bitmaps": {
            "meta": {
                "name": "bitmaps",
                "min-value": 3.0,
                "max-value": 207.0,
                "num-cells": 25
            },
            "stats": {
                "mean": 87.81818181818181,
                "stdev": 38.92449084395087,
                "median": 82.0
            }
        }
    },
    "Reports": [
        {
            "Features": [
                "moves",
                "bitmaps"
            ],
            "Total Cells": 625,
            "Filled Cells": 67,
            "Mapped Misbehaviors": 18,
            "Misbehavior Relative Density": 0.26865671641791045,
            "Misbehavior Density": 0.0288,
            "Filled Cells Density": 0.1072,
            "Collisions": 18,
            "Misbehavior Collisions": 4,
            "Collision Ratio": 0.31343283582089554,
            "Misbehavior Collision Ratio": 0.2222222222222222,
            "Coverage Sparseness": 18.939393939393938,
            "Misbehavior Sparseness": 21.58823529411765,
            "Avg Sample Distance": 11.709633649932172,
            "Avg Misbehavior Distance": 11.339869281045756
        }
    ]
}