{
    "Tool": "DeepHyperion",
    "Run ID": "23",
    "Tags": [
        "Orientation",
        "Moves",
        "black-box",
        "rescaled"
    ],
    "Total Samples": 80,
    "Valid Samples": 80,
    "Invalid Samples": 0,
    "Total Misbehaviors": 29,
    "MisbehaviorPerSample": 0.3625,
    "Features": {
        "orientation": {
            "meta": {
                "name": "orientation",
                "min-value": 7.0,
                "max-value": 94.0,
                "num-cells": 25
            },
            "stats": {
                "mean": 59.8625,
                "stdev": 14.156220397739188,
                "median": 63.0
            }
        },
        "moves": {
            "meta": {
                "name": "moves",
                "min-value": 0.0,
                "max-value": 31.0,
                "num-cells": 25
            },
            "stats": {
                "mean": 9.625,
                "stdev": 7.489021500701856,
                "median": 11.0
            }
        }
    },
    "Reports": [
        {
            "Features": [
                "orientation",
                "moves"
            ],
            "Total Cells": 625,
            "Filled Cells": 60,
            "Mapped Misbehaviors": 25,
            "Misbehavior Relative Density": 0.4166666666666667,
            "Misbehavior Density": 0.04,
            "Filled Cells Density": 0.096,
            "Collisions": 17,
            "Misbehavior Collisions": 4,
            "Collision Ratio": 0.3333333333333333,
            "Misbehavior Collision Ratio": 0.16,
            "Coverage Sparseness": 18.016949152542374,
            "Misbehavior Sparseness": 17.5,
            "Avg Sample Distance": 10.650282485875705,
            "Avg Misbehavior Distance": 11.039999999999988
        }
    ]
}