{
    "Tool": "DeepJanus",
    "Run ID": "8",
    "Tags": [
        "Orientation",
        "Moves",
        "black-box",
        "rescaled"
    ],
    "Total Samples": 76,
    "Valid Samples": 76,
    "Invalid Samples": 0,
    "Total Misbehaviors": 38,
    "MisbehaviorPerSample": 0.5,
    "Features": {
        "orientation": {
            "meta": {
                "name": "orientation",
                "min-value": 7.0,
                "max-value": 94.0,
                "num-cells": 25
            },
            "stats": {
                "mean": 53.026315789473685,
                "stdev": 13.617609858033605,
                "median": 53.0
            }
        },
        "moves": {
            "meta": {
                "name": "moves",
                "min-value": 0.0,
                "max-value": 31.0,
                "num-cells": 25
            },
            "stats": {
                "mean": 1.394736842105263,
                "stdev": 4.32382222073147,
                "median": 0.0
            }
        }
    },
    "Reports": [
        {
            "Features": [
                "orientation",
                "moves"
            ],
            "Total Cells": 625,
            "Filled Cells": 17,
            "Mapped Misbehaviors": 17,
            "Misbehavior Relative Density": 1.0,
            "Misbehavior Density": 0.0272,
            "Filled Cells Density": 0.0272,
            "Collisions": 17,
            "Misbehavior Collisions": 10,
            "Collision Ratio": 3.4705882352941178,
            "Misbehavior Collision Ratio": 1.2352941176470589,
            "Coverage Sparseness": 15.1875,
            "Misbehavior Sparseness": 15.1875,
            "Avg Sample Distance": 8.617647058823534,
            "Avg Misbehavior Distance": 8.617647058823534
        }
    ]
}