{
    "Tool": "DeepHyperion",
    "Run ID": "5",
    "Tags": [
        "Orientation",
        "Bitmaps",
        "black-box",
        "rescaled"
    ],
    "Total Samples": 430,
    "Valid Samples": 430,
    "Invalid Samples": 0,
    "Total Misbehaviors": 146,
    "MisbehaviorPerSample": 0.3395348837209302,
    "Features": {
        "orientation": {
            "meta": {
                "name": "orientation",
                "min-value": 7.0,
                "max-value": 94.0,
                "num-cells": 25
            },
            "stats": {
                "mean": 54.78139534883721,
                "stdev": 13.840201162253146,
                "median": 56.0
            }
        },
        "bitmaps": {
            "meta": {
                "name": "bitmaps",
                "min-value": 3.0,
                "max-value": 207.0,
                "num-cells": 25
            },
            "stats": {
                "mean": 100.22325581395349,
                "stdev": 33.99453430090401,
                "median": 96.0
            }
        }
    },
    "Reports": [
        {
            "Features": [
                "orientation",
                "bitmaps"
            ],
            "Total Cells": 625,
            "Filled Cells": 190,
            "Mapped Misbehaviors": 100,
            "Misbehavior Relative Density": 0.5263157894736842,
            "Misbehavior Density": 0.16,
            "Filled Cells Density": 0.304,
            "Collisions": 115,
            "Misbehavior Collisions": 33,
            "Collision Ratio": 1.263157894736842,
            "Misbehavior Collision Ratio": 0.46,
            "Coverage Sparseness": 16.497354497354497,
            "Misbehavior Sparseness": 15.878787878787879,
            "Avg Sample Distance": 10.091395154553075,
            "Avg Misbehavior Distance": 9.304646464646467
        }
    ]
}