{
    "Tool": "DeepJanus",
    "Run ID": "23",
    "Tags": [
        "Orientation",
        "Moves",
        "black-box",
        "rescaled"
    ],
    "Total Samples": 84,
    "Valid Samples": 84,
    "Invalid Samples": 0,
    "Total Misbehaviors": 42,
    "MisbehaviorPerSample": 0.5,
    "Features": {
        "orientation": {
            "meta": {
                "name": "orientation",
                "min-value": 7.0,
                "max-value": 94.0,
                "num-cells": 25
            },
            "stats": {
                "mean": 54.714285714285715,
                "stdev": 13.334050468379345,
                "median": 53.5
            }
        },
        "moves": {
            "meta": {
                "name": "moves",
                "min-value": 0.0,
                "max-value": 31.0,
                "num-cells": 25
            },
            "stats": {
                "mean": 0.5,
                "stdev": 2.4568566458613845,
                "median": 0.0
            }
        }
    },
    "Reports": [
        {
            "Features": [
                "orientation",
                "moves"
            ],
            "Total Cells": 625,
            "Filled Cells": 16,
            "Mapped Misbehaviors": 16,
            "Misbehavior Relative Density": 1.0,
            "Misbehavior Density": 0.0256,
            "Filled Cells Density": 0.0256,
            "Collisions": 16,
            "Misbehavior Collisions": 11,
            "Collision Ratio": 4.25,
            "Misbehavior Collision Ratio": 1.625,
            "Coverage Sparseness": 13.0,
            "Misbehavior Sparseness": 13.0,
            "Avg Sample Distance": 6.7416666666666645,
            "Avg Misbehavior Distance": 6.7416666666666645
        }
    ]
}