{
    "Tool": "DeepJanus",
    "Run ID": "27",
    "Tags": [
        "Orientation",
        "Bitmaps",
        "black-box",
        "rescaled"
    ],
    "Total Samples": 94,
    "Valid Samples": 94,
    "Invalid Samples": 0,
    "Total Misbehaviors": 47,
    "MisbehaviorPerSample": 0.5,
    "Features": {
        "orientation": {
            "meta": {
                "name": "orientation",
                "min-value": 7.0,
                "max-value": 94.0,
                "num-cells": 25
            },
            "stats": {
                "mean": 53.1063829787234,
                "stdev": 13.480745396820634,
                "median": 51.5
            }
        },
        "bitmaps": {
            "meta": {
                "name": "bitmaps",
                "min-value": 3.0,
                "max-value": 207.0,
                "num-cells": 25
            },
            "stats": {
                "mean": 94.3936170212766,
                "stdev": 28.71634283672394,
                "median": 84.5
            }
        }
    },
    "Reports": [
        {
            "Features": [
                "orientation",
                "bitmaps"
            ],
            "Total Cells": 625,
            "Filled Cells": 47,
            "Mapped Misbehaviors": 38,
            "Misbehavior Relative Density": 0.8085106382978723,
            "Misbehavior Density": 0.0608,
            "Filled Cells Density": 0.0752,
            "Collisions": 31,
            "Misbehavior Collisions": 8,
            "Collision Ratio": 1.0,
            "Misbehavior Collision Ratio": 0.23684210526315788,
            "Coverage Sparseness": 14.978260869565217,
            "Misbehavior Sparseness": 14.594594594594595,
            "Avg Sample Distance": 8.1554116558742,
            "Avg Misbehavior Distance": 8.26031294452347
        }
    ]
}