{
    "Tool": "DeepJanus",
    "Run ID": "9",
    "Tags": [
        "Orientation",
        "Bitmaps",
        "black-box",
        "rescaled"
    ],
    "Total Samples": 78,
    "Valid Samples": 78,
    "Invalid Samples": 0,
    "Total Misbehaviors": 39,
    "MisbehaviorPerSample": 0.5,
    "Features": {
        "orientation": {
            "meta": {
                "name": "orientation",
                "min-value": 7.0,
                "max-value": 94.0,
                "num-cells": 25
            },
            "stats": {
                "mean": 53.12820512820513,
                "stdev": 12.841045163554286,
                "median": 52.5
            }
        },
        "bitmaps": {
            "meta": {
                "name": "bitmaps",
                "min-value": 3.0,
                "max-value": 207.0,
                "num-cells": 25
            },
            "stats": {
                "mean": 94.56410256410257,
                "stdev": 26.565082904136208,
                "median": 86.5
            }
        }
    },
    "Reports": [
        {
            "Features": [
                "orientation",
                "bitmaps"
            ],
            "Total Cells": 625,
            "Filled Cells": 40,
            "Mapped Misbehaviors": 34,
            "Misbehavior Relative Density": 0.85,
            "Misbehavior Density": 0.0544,
            "Filled Cells Density": 0.064,
            "Collisions": 28,
            "Misbehavior Collisions": 5,
            "Collision Ratio": 0.95,
            "Misbehavior Collision Ratio": 0.14705882352941177,
            "Coverage Sparseness": 13.487179487179487,
            "Misbehavior Sparseness": 13.242424242424242,
            "Avg Sample Distance": 7.676923076923078,
            "Avg Misbehavior Distance": 7.729055258467027
        }
    ]
}