{
    "Tool": "DeepHyperion",
    "Run ID": "18",
    "Tags": [
        "Moves",
        "Bitmaps",
        "black-box",
        "rescaled"
    ],
    "Total Samples": 92,
    "Valid Samples": 92,
    "Invalid Samples": 0,
    "Total Misbehaviors": 28,
    "MisbehaviorPerSample": 0.30434782608695654,
    "Features": {
        "moves": {
            "meta": {
                "name": "moves",
                "min-value": 0.0,
                "max-value": 31.0,
                "num-cells": 25
            },
            "stats": {
                "mean": 9.891304347826088,
                "stdev": 7.479578823629175,
                "median": 12.5
            }
        },
        "bitmaps": {
            "meta": {
                "name": "bitmaps",
                "min-value": 3.0,
                "max-value": 207.0,
                "num-cells": 25
            },
            "stats": {
                "mean": 89.47826086956522,
                "stdev": 37.1399131473209,
                "median": 83.5
            }
        }
    },
    "Reports": [
        {
            "Features": [
                "moves",
                "bitmaps"
            ],
            "Total Cells": 625,
            "Filled Cells": 74,
            "Mapped Misbehaviors": 21,
            "Misbehavior Relative Density": 0.28378378378378377,
            "Misbehavior Density": 0.0336,
            "Filled Cells Density": 0.1184,
            "Collisions": 14,
            "Misbehavior Collisions": 5,
            "Collision Ratio": 0.24324324324324326,
            "Misbehavior Collision Ratio": 0.3333333333333333,
            "Coverage Sparseness": 17.931506849315067,
            "Misbehavior Sparseness": 22.75,
            "Avg Sample Distance": 11.31173639392816,
            "Avg Misbehavior Distance": 10.571428571428571
        }
    ]
}