{
    "Tool": "DeepJanus",
    "Run ID": "7",
    "Tags": [
        "Orientation",
        "Moves",
        "black-box",
        "rescaled"
    ],
    "Total Samples": 94,
    "Valid Samples": 94,
    "Invalid Samples": 0,
    "Total Misbehaviors": 47,
    "MisbehaviorPerSample": 0.5,
    "Features": {
        "orientation": {
            "meta": {
                "name": "orientation",
                "min-value": 7.0,
                "max-value": 94.0,
                "num-cells": 25
            },
            "stats": {
                "mean": 53.96808510638298,
                "stdev": 12.975951393763934,
                "median": 53.5
            }
        },
        "moves": {
            "meta": {
                "name": "moves",
                "min-value": 0.0,
                "max-value": 31.0,
                "num-cells": 25
            },
            "stats": {
                "mean": 0.6382978723404256,
                "stdev": 3.043947153928498,
                "median": 0.0
            }
        }
    },
    "Reports": [
        {
            "Features": [
                "orientation",
                "moves"
            ],
            "Total Cells": 625,
            "Filled Cells": 16,
            "Mapped Misbehaviors": 16,
            "Misbehavior Relative Density": 1.0,
            "Misbehavior Density": 0.0256,
            "Filled Cells Density": 0.0256,
            "Collisions": 16,
            "Misbehavior Collisions": 11,
            "Collision Ratio": 4.875,
            "Misbehavior Collision Ratio": 1.9375,
            "Coverage Sparseness": 13.8,
            "Misbehavior Sparseness": 13.8,
            "Avg Sample Distance": 7.624999999999998,
            "Avg Misbehavior Distance": 7.624999999999998
        }
    ]
}