{
    "Tool": "DeepHyperion",
    "Run ID": "30",
    "Tags": [
        "Orientation",
        "Moves",
        "black-box",
        "rescaled"
    ],
    "Total Samples": 76,
    "Valid Samples": 76,
    "Invalid Samples": 0,
    "Total Misbehaviors": 24,
    "MisbehaviorPerSample": 0.3157894736842105,
    "Features": {
        "orientation": {
            "meta": {
                "name": "orientation",
                "min-value": 7.0,
                "max-value": 94.0,
                "num-cells": 25
            },
            "stats": {
                "mean": 59.10526315789474,
                "stdev": 14.202890736155013,
                "median": 62.0
            }
        },
        "moves": {
            "meta": {
                "name": "moves",
                "min-value": 0.0,
                "max-value": 31.0,
                "num-cells": 25
            },
            "stats": {
                "mean": 9.526315789473685,
                "stdev": 7.340251919765018,
                "median": 12.0
            }
        }
    },
    "Reports": [
        {
            "Features": [
                "orientation",
                "moves"
            ],
            "Total Cells": 625,
            "Filled Cells": 59,
            "Mapped Misbehaviors": 20,
            "Misbehavior Relative Density": 0.3389830508474576,
            "Misbehavior Density": 0.032,
            "Filled Cells Density": 0.0944,
            "Collisions": 14,
            "Misbehavior Collisions": 4,
            "Collision Ratio": 0.288135593220339,
            "Misbehavior Collision Ratio": 0.2,
            "Coverage Sparseness": 18.810344827586206,
            "Misbehavior Sparseness": 16.894736842105264,
            "Avg Sample Distance": 10.753945061367611,
            "Avg Misbehavior Distance": 11.499999999999998
        }
    ]
}