{
    "Tool": "DeepHyperion",
    "Run ID": "15",
    "Tags": [
        "Orientation",
        "Moves",
        "black-box",
        "rescaled"
    ],
    "Total Samples": 70,
    "Valid Samples": 70,
    "Invalid Samples": 0,
    "Total Misbehaviors": 22,
    "MisbehaviorPerSample": 0.3142857142857143,
    "Features": {
        "orientation": {
            "meta": {
                "name": "orientation",
                "min-value": 7.0,
                "max-value": 94.0,
                "num-cells": 25
            },
            "stats": {
                "mean": 61.7,
                "stdev": 13.589584673351974,
                "median": 64.0
            }
        },
        "moves": {
            "meta": {
                "name": "moves",
                "min-value": 0.0,
                "max-value": 31.0,
                "num-cells": 25
            },
            "stats": {
                "mean": 10.742857142857142,
                "stdev": 7.575103604372499,
                "median": 13.0
            }
        }
    },
    "Reports": [
        {
            "Features": [
                "orientation",
                "moves"
            ],
            "Total Cells": 625,
            "Filled Cells": 57,
            "Mapped Misbehaviors": 19,
            "Misbehavior Relative Density": 0.3333333333333333,
            "Misbehavior Density": 0.0304,
            "Filled Cells Density": 0.0912,
            "Collisions": 12,
            "Misbehavior Collisions": 3,
            "Collision Ratio": 0.22807017543859648,
            "Misbehavior Collision Ratio": 0.15789473684210525,
            "Coverage Sparseness": 19.875,
            "Misbehavior Sparseness": 16.72222222222222,
            "Avg Sample Distance": 10.551378446115292,
            "Avg Misbehavior Distance": 11.321637426900594
        }
    ]
}