{
    "Tool": "DeepJanus",
    "Run ID": "26",
    "Tags": [
        "Moves",
        "Bitmaps",
        "black-box",
        "rescaled"
    ],
    "Total Samples": 88,
    "Valid Samples": 88,
    "Invalid Samples": 0,
    "Total Misbehaviors": 44,
    "MisbehaviorPerSample": 0.5,
    "Features": {
        "moves": {
            "meta": {
                "name": "moves",
                "min-value": 0.0,
                "max-value": 31.0,
                "num-cells": 25
            },
            "stats": {
                "mean": 1.1704545454545454,
                "stdev": 3.913494457830924,
                "median": 0.0
            }
        },
        "bitmaps": {
            "meta": {
                "name": "bitmaps",
                "min-value": 3.0,
                "max-value": 207.0,
                "num-cells": 25
            },
            "stats": {
                "mean": 100.51136363636364,
                "stdev": 31.324770528989273,
                "median": 94.5
            }
        }
    },
    "Reports": [
        {
            "Features": [
                "moves",
                "bitmaps"
            ],
            "Total Cells": 625,
            "Filled Cells": 21,
            "Mapped Misbehaviors": 19,
            "Misbehavior Relative Density": 0.9047619047619048,
            "Misbehavior Density": 0.0304,
            "Filled Cells Density": 0.0336,
            "Collisions": 14,
            "Misbehavior Collisions": 9,
            "Collision Ratio": 3.1904761904761907,
            "Misbehavior Collision Ratio": 1.3157894736842106,
            "Coverage Sparseness": 15.1,
            "Misbehavior Sparseness": 16.444444444444443,
            "Avg Sample Distance": 9.847619047619052,
            "Avg Misbehavior Distance": 9.05263157894737
        }
    ]
}