{
    "Tool": "DeepHyperion",
    "Run ID": "19",
    "Tags": [
        "Orientation",
        "Bitmaps",
        "black-box",
        "rescaled"
    ],
    "Total Samples": 443,
    "Valid Samples": 443,
    "Invalid Samples": 0,
    "Total Misbehaviors": 143,
    "MisbehaviorPerSample": 0.3227990970654628,
    "Features": {
        "orientation": {
            "meta": {
                "name": "orientation",
                "min-value": 7.0,
                "max-value": 94.0,
                "num-cells": 25
            },
            "stats": {
                "mean": 55.50112866817156,
                "stdev": 13.812476280003867,
                "median": 58
            }
        },
        "bitmaps": {
            "meta": {
                "name": "bitmaps",
                "min-value": 3.0,
                "max-value": 207.0,
                "num-cells": 25
            },
            "stats": {
                "mean": 99.09706546275395,
                "stdev": 34.92949673986486,
                "median": 94
            }
        }
    },
    "Reports": [
        {
            "Features": [
                "orientation",
                "bitmaps"
            ],
            "Total Cells": 625,
            "Filled Cells": 201,
            "Mapped Misbehaviors": 102,
            "Misbehavior Relative Density": 0.5074626865671642,
            "Misbehavior Density": 0.1632,
            "Filled Cells Density": 0.3216,
            "Collisions": 111,
            "Misbehavior Collisions": 31,
            "Collision Ratio": 1.2039800995024876,
            "Misbehavior Collision Ratio": 0.4019607843137255,
            "Coverage Sparseness": 16.815,
            "Misbehavior Sparseness": 16.128712871287128,
            "Avg Sample Distance": 10.259303482586995,
            "Avg Misbehavior Distance": 9.246942341292929
        }
    ]
}