{
    "Tool": "DeepJanus",
    "Run ID": "5",
    "Tags": [
        "Orientation",
        "Bitmaps",
        "black-box",
        "rescaled"
    ],
    "Total Samples": 72,
    "Valid Samples": 72,
    "Invalid Samples": 0,
    "Total Misbehaviors": 36,
    "MisbehaviorPerSample": 0.5,
    "Features": {
        "orientation": {
            "meta": {
                "name": "orientation",
                "min-value": 7.0,
                "max-value": 94.0,
                "num-cells": 25
            },
            "stats": {
                "mean": 51.55555555555556,
                "stdev": 11.985776651537108,
                "median": 50.0
            }
        },
        "bitmaps": {
            "meta": {
                "name": "bitmaps",
                "min-value": 3.0,
                "max-value": 207.0,
                "num-cells": 25
            },
            "stats": {
                "mean": 100.51388888888889,
                "stdev": 28.67348633260967,
                "median": 95.0
            }
        }
    },
    "Reports": [
        {
            "Features": [
                "orientation",
                "bitmaps"
            ],
            "Total Cells": 625,
            "Filled Cells": 42,
            "Mapped Misbehaviors": 32,
            "Misbehavior Relative Density": 0.7619047619047619,
            "Misbehavior Density": 0.0512,
            "Filled Cells Density": 0.0672,
            "Collisions": 24,
            "Misbehavior Collisions": 4,
            "Collision Ratio": 0.7142857142857143,
            "Misbehavior Collision Ratio": 0.125,
            "Coverage Sparseness": 13.731707317073171,
            "Misbehavior Sparseness": 12.903225806451612,
            "Avg Sample Distance": 7.614401858304304,
            "Avg Misbehavior Distance": 7.6209677419354795
        }
    ]
}