{
    "Tool": "DeepHyperion",
    "Run ID": "3",
    "Tags": [
        "Moves",
        "Bitmaps",
        "black-box",
        "rescaled"
    ],
    "Total Samples": 96,
    "Valid Samples": 96,
    "Invalid Samples": 0,
    "Total Misbehaviors": 32,
    "MisbehaviorPerSample": 0.3333333333333333,
    "Features": {
        "moves": {
            "meta": {
                "name": "moves",
                "min-value": 0.0,
                "max-value": 31.0,
                "num-cells": 25
            },
            "stats": {
                "mean": 9.375,
                "stdev": 7.624406793145839,
                "median": 12.0
            }
        },
        "bitmaps": {
            "meta": {
                "name": "bitmaps",
                "min-value": 3.0,
                "max-value": 207.0,
                "num-cells": 25
            },
            "stats": {
                "mean": 85.83333333333333,
                "stdev": 35.91354140349223,
                "median": 80.5
            }
        }
    },
    "Reports": [
        {
            "Features": [
                "moves",
                "bitmaps"
            ],
            "Total Cells": 625,
            "Filled Cells": 68,
            "Mapped Misbehaviors": 23,
            "Misbehavior Relative Density": 0.3382352941176471,
            "Misbehavior Density": 0.0368,
            "Filled Cells Density": 0.1088,
            "Collisions": 19,
            "Misbehavior Collisions": 6,
            "Collision Ratio": 0.4117647058823529,
            "Misbehavior Collision Ratio": 0.391304347826087,
            "Coverage Sparseness": 19.253731343283583,
            "Misbehavior Sparseness": 19.181818181818183,
            "Avg Sample Distance": 11.4934152765584,
            "Avg Misbehavior Distance": 11.106719367588939
        }
    ]
}