{
    "Tool": "DeepHyperion",
    "Run ID": "6",
    "Tags": [
        "Orientation",
        "Bitmaps",
        "black-box",
        "rescaled"
    ],
    "Total Samples": 450,
    "Valid Samples": 450,
    "Invalid Samples": 0,
    "Total Misbehaviors": 150,
    "MisbehaviorPerSample": 0.3333333333333333,
    "Features": {
        "orientation": {
            "meta": {
                "name": "orientation",
                "min-value": 7.0,
                "max-value": 94.0,
                "num-cells": 25
            },
            "stats": {
                "mean": 55.17111111111111,
                "stdev": 13.354663895450733,
                "median": 57.0
            }
        },
        "bitmaps": {
            "meta": {
                "name": "bitmaps",
                "min-value": 3.0,
                "max-value": 207.0,
                "num-cells": 25
            },
            "stats": {
                "mean": 100.20444444444445,
                "stdev": 35.459038481704745,
                "median": 96.0
            }
        }
    },
    "Reports": [
        {
            "Features": [
                "orientation",
                "bitmaps"
            ],
            "Total Cells": 625,
            "Filled Cells": 195,
            "Mapped Misbehaviors": 100,
            "Misbehavior Relative Density": 0.5128205128205128,
            "Misbehavior Density": 0.16,
            "Filled Cells Density": 0.312,
            "Collisions": 120,
            "Misbehavior Collisions": 30,
            "Collision Ratio": 1.3076923076923077,
            "Misbehavior Collision Ratio": 0.5,
            "Coverage Sparseness": 17.52061855670103,
            "Misbehavior Sparseness": 16.494949494949495,
            "Avg Sample Distance": 10.282632831086412,
            "Avg Misbehavior Distance": 9.348888888888883
        }
    ]
}