{
    "Tool": "DeepJanus",
    "Run ID": "4",
    "Tags": [
        "Orientation",
        "Bitmaps",
        "black-box",
        "rescaled"
    ],
    "Total Samples": 86,
    "Valid Samples": 86,
    "Invalid Samples": 0,
    "Total Misbehaviors": 43,
    "MisbehaviorPerSample": 0.5,
    "Features": {
        "orientation": {
            "meta": {
                "name": "orientation",
                "min-value": 7.0,
                "max-value": 94.0,
                "num-cells": 25
            },
            "stats": {
                "mean": 52.81395348837209,
                "stdev": 13.629131108558674,
                "median": 48.5
            }
        },
        "bitmaps": {
            "meta": {
                "name": "bitmaps",
                "min-value": 3.0,
                "max-value": 207.0,
                "num-cells": 25
            },
            "stats": {
                "mean": 97.69767441860465,
                "stdev": 27.60608192471228,
                "median": 88.5
            }
        }
    },
    "Reports": [
        {
            "Features": [
                "orientation",
                "bitmaps"
            ],
            "Total Cells": 625,
            "Filled Cells": 45,
            "Mapped Misbehaviors": 37,
            "Misbehavior Relative Density": 0.8222222222222222,
            "Misbehavior Density": 0.0592,
            "Filled Cells Density": 0.072,
            "Collisions": 29,
            "Misbehavior Collisions": 5,
            "Collision Ratio": 0.9111111111111111,
            "Misbehavior Collision Ratio": 0.16216216216216217,
            "Coverage Sparseness": 14.5,
            "Misbehavior Sparseness": 15.194444444444445,
            "Avg Sample Distance": 8.07474747474748,
            "Avg Misbehavior Distance": 8.315315315315301
        }
    ]
}