{
    "Tool": "DeepHyperion",
    "Run ID": "15",
    "Tags": [
        "Orientation",
        "Bitmaps",
        "black-box",
        "rescaled"
    ],
    "Total Samples": 464,
    "Valid Samples": 464,
    "Invalid Samples": 0,
    "Total Misbehaviors": 140,
    "MisbehaviorPerSample": 0.3017241379310345,
    "Features": {
        "orientation": {
            "meta": {
                "name": "orientation",
                "min-value": 7.0,
                "max-value": 94.0,
                "num-cells": 25
            },
            "stats": {
                "mean": 55.4676724137931,
                "stdev": 13.389296125119827,
                "median": 57.0
            }
        },
        "bitmaps": {
            "meta": {
                "name": "bitmaps",
                "min-value": 3.0,
                "max-value": 207.0,
                "num-cells": 25
            },
            "stats": {
                "mean": 99.92025862068965,
                "stdev": 34.69714852404603,
                "median": 97.0
            }
        }
    },
    "Reports": [
        {
            "Features": [
                "orientation",
                "bitmaps"
            ],
            "Total Cells": 625,
            "Filled Cells": 193,
            "Mapped Misbehaviors": 95,
            "Misbehavior Relative Density": 0.49222797927461137,
            "Misbehavior Density": 0.152,
            "Filled Cells Density": 0.3088,
            "Collisions": 128,
            "Misbehavior Collisions": 35,
            "Collision Ratio": 1.4041450777202074,
            "Misbehavior Collision Ratio": 0.47368421052631576,
            "Coverage Sparseness": 16.578125,
            "Misbehavior Sparseness": 15.98936170212766,
            "Avg Sample Distance": 10.069192573402416,
            "Avg Misbehavior Distance": 9.1793952967525
        }
    ]
}