{
    "Tool": "DeepHyperion",
    "Run ID": "12",
    "Tags": [
        "Moves",
        "Bitmaps",
        "black-box",
        "rescaled"
    ],
    "Total Samples": 89,
    "Valid Samples": 89,
    "Invalid Samples": 0,
    "Total Misbehaviors": 31,
    "MisbehaviorPerSample": 0.34831460674157305,
    "Features": {
        "moves": {
            "meta": {
                "name": "moves",
                "min-value": 0.0,
                "max-value": 31.0,
                "num-cells": 25
            },
            "stats": {
                "mean": 9.47191011235955,
                "stdev": 7.540933580436554,
                "median": 12
            }
        },
        "bitmaps": {
            "meta": {
                "name": "bitmaps",
                "min-value": 3.0,
                "max-value": 207.0,
                "num-cells": 25
            },
            "stats": {
                "mean": 86.95505617977528,
                "stdev": 38.28894633761205,
                "median": 84
            }
        }
    },
    "Reports": [
        {
            "Features": [
                "moves",
                "bitmaps"
            ],
            "Total Cells": 625,
            "Filled Cells": 70,
            "Mapped Misbehaviors": 22,
            "Misbehavior Relative Density": 0.3142857142857143,
            "Misbehavior Density": 0.0352,
            "Filled Cells Density": 0.112,
            "Collisions": 17,
            "Misbehavior Collisions": 7,
            "Collision Ratio": 0.2714285714285714,
            "Misbehavior Collision Ratio": 0.4090909090909091,
            "Coverage Sparseness": 18.81159420289855,
            "Misbehavior Sparseness": 20.666666666666668,
            "Avg Sample Distance": 11.594202898550703,
            "Avg Misbehavior Distance": 11.727272727272721
        }
    ]
}