{
    "Tool": "DeepHyperion",
    "Run ID": "6",
    "Tags": [
        "Moves",
        "Bitmaps",
        "black-box",
        "rescaled"
    ],
    "Total Samples": 85,
    "Valid Samples": 85,
    "Invalid Samples": 0,
    "Total Misbehaviors": 32,
    "MisbehaviorPerSample": 0.3764705882352941,
    "Features": {
        "moves": {
            "meta": {
                "name": "moves",
                "min-value": 0.0,
                "max-value": 31.0,
                "num-cells": 25
            },
            "stats": {
                "mean": 8.882352941176471,
                "stdev": 7.813924940078941,
                "median": 10
            }
        },
        "bitmaps": {
            "meta": {
                "name": "bitmaps",
                "min-value": 3.0,
                "max-value": 207.0,
                "num-cells": 25
            },
            "stats": {
                "mean": 86.95294117647059,
                "stdev": 37.50330330922386,
                "median": 84
            }
        }
    },
    "Reports": [
        {
            "Features": [
                "moves",
                "bitmaps"
            ],
            "Total Cells": 625,
            "Filled Cells": 63,
            "Mapped Misbehaviors": 20,
            "Misbehavior Relative Density": 0.31746031746031744,
            "Misbehavior Density": 0.032,
            "Filled Cells Density": 0.1008,
            "Collisions": 16,
            "Misbehavior Collisions": 8,
            "Collision Ratio": 0.3492063492063492,
            "Misbehavior Collision Ratio": 0.6,
            "Coverage Sparseness": 19.29032258064516,
            "Misbehavior Sparseness": 21.42105263157895,
            "Avg Sample Distance": 11.840245775729663,
            "Avg Misbehavior Distance": 11.373684210526317
        }
    ]
}