{
    "Tool": "DeepHyperion",
    "Run ID": "18",
    "Tags": [
        "Orientation",
        "Moves",
        "black-box",
        "rescaled"
    ],
    "Total Samples": 77,
    "Valid Samples": 77,
    "Invalid Samples": 0,
    "Total Misbehaviors": 23,
    "MisbehaviorPerSample": 0.2987012987012987,
    "Features": {
        "orientation": {
            "meta": {
                "name": "orientation",
                "min-value": 7.0,
                "max-value": 94.0,
                "num-cells": 25
            },
            "stats": {
                "mean": 61.883116883116884,
                "stdev": 12.540433579734694,
                "median": 63
            }
        },
        "moves": {
            "meta": {
                "name": "moves",
                "min-value": 0.0,
                "max-value": 31.0,
                "num-cells": 25
            },
            "stats": {
                "mean": 10.636363636363637,
                "stdev": 7.570561216263072,
                "median": 13
            }
        }
    },
    "Reports": [
        {
            "Features": [
                "orientation",
                "moves"
            ],
            "Total Cells": 625,
            "Filled Cells": 61,
            "Mapped Misbehaviors": 21,
            "Misbehavior Relative Density": 0.3442622950819672,
            "Misbehavior Density": 0.0336,
            "Filled Cells Density": 0.0976,
            "Collisions": 14,
            "Misbehavior Collisions": 2,
            "Collision Ratio": 0.26229508196721313,
            "Misbehavior Collision Ratio": 0.09523809523809523,
            "Coverage Sparseness": 19.4,
            "Misbehavior Sparseness": 16.1,
            "Avg Sample Distance": 10.613114754098355,
            "Avg Misbehavior Distance": 10.085714285714293
        }
    ]
}