{
    "Tool": "DeepJanus",
    "Run ID": "13",
    "Tags": [
        "Orientation",
        "Bitmaps",
        "black-box",
        "rescaled"
    ],
    "Total Samples": 90,
    "Valid Samples": 90,
    "Invalid Samples": 0,
    "Total Misbehaviors": 45,
    "MisbehaviorPerSample": 0.5,
    "Features": {
        "orientation": {
            "meta": {
                "name": "orientation",
                "min-value": 7.0,
                "max-value": 94.0,
                "num-cells": 25
            },
            "stats": {
                "mean": 52.955555555555556,
                "stdev": 13.418845636909905,
                "median": 52.0
            }
        },
        "bitmaps": {
            "meta": {
                "name": "bitmaps",
                "min-value": 3.0,
                "max-value": 207.0,
                "num-cells": 25
            },
            "stats": {
                "mean": 99.52222222222223,
                "stdev": 29.547990968712934,
                "median": 93.0
            }
        }
    },
    "Reports": [
        {
            "Features": [
                "orientation",
                "bitmaps"
            ],
            "Total Cells": 625,
            "Filled Cells": 41,
            "Mapped Misbehaviors": 34,
            "Misbehavior Relative Density": 0.8292682926829268,
            "Misbehavior Density": 0.0544,
            "Filled Cells Density": 0.0656,
            "Collisions": 29,
            "Misbehavior Collisions": 11,
            "Collision Ratio": 1.1951219512195121,
            "Misbehavior Collision Ratio": 0.3235294117647059,
            "Coverage Sparseness": 15.375,
            "Misbehavior Sparseness": 15.393939393939394,
            "Avg Sample Distance": 8.095121951219511,
            "Avg Misbehavior Distance": 8.329768270944752
        }
    ]
}