{
    "Tool": "DeepHyperion",
    "Run ID": "25",
    "Tags": [
        "Orientation",
        "Bitmaps",
        "black-box",
        "rescaled"
    ],
    "Total Samples": 441,
    "Valid Samples": 441,
    "Invalid Samples": 0,
    "Total Misbehaviors": 137,
    "MisbehaviorPerSample": 0.31065759637188206,
    "Features": {
        "orientation": {
            "meta": {
                "name": "orientation",
                "min-value": 7.0,
                "max-value": 94.0,
                "num-cells": 25
            },
            "stats": {
                "mean": 55.673469387755105,
                "stdev": 13.604559696179132,
                "median": 57
            }
        },
        "bitmaps": {
            "meta": {
                "name": "bitmaps",
                "min-value": 3.0,
                "max-value": 207.0,
                "num-cells": 25
            },
            "stats": {
                "mean": 100.42630385487529,
                "stdev": 34.38524574169208,
                "median": 96
            }
        }
    },
    "Reports": [
        {
            "Features": [
                "orientation",
                "bitmaps"
            ],
            "Total Cells": 625,
            "Filled Cells": 189,
            "Mapped Misbehaviors": 91,
            "Misbehavior Relative Density": 0.48148148148148145,
            "Misbehavior Density": 0.1456,
            "Filled Cells Density": 0.3024,
            "Collisions": 119,
            "Misbehavior Collisions": 36,
            "Collision Ratio": 1.3333333333333333,
            "Misbehavior Collision Ratio": 0.5054945054945055,
            "Coverage Sparseness": 15.829787234042554,
            "Misbehavior Sparseness": 14.977777777777778,
            "Avg Sample Distance": 9.88010807159742,
            "Avg Misbehavior Distance": 9.020757020757038
        }
    ]
}