{
    "Tool": "DeepHyperion",
    "Run ID": "5",
    "Tags": [
        "Orientation",
        "Moves",
        "black-box",
        "rescaled"
    ],
    "Total Samples": 81,
    "Valid Samples": 81,
    "Invalid Samples": 0,
    "Total Misbehaviors": 31,
    "MisbehaviorPerSample": 0.38271604938271603,
    "Features": {
        "orientation": {
            "meta": {
                "name": "orientation",
                "min-value": 7.0,
                "max-value": 94.0,
                "num-cells": 25
            },
            "stats": {
                "mean": 60.074074074074076,
                "stdev": 14.675470842342484,
                "median": 64
            }
        },
        "moves": {
            "meta": {
                "name": "moves",
                "min-value": 0.0,
                "max-value": 31.0,
                "num-cells": 25
            },
            "stats": {
                "mean": 9.62962962962963,
                "stdev": 7.522374034246842,
                "median": 12
            }
        }
    },
    "Reports": [
        {
            "Features": [
                "orientation",
                "moves"
            ],
            "Total Cells": 625,
            "Filled Cells": 63,
            "Mapped Misbehaviors": 25,
            "Misbehavior Relative Density": 0.3968253968253968,
            "Misbehavior Density": 0.04,
            "Filled Cells Density": 0.1008,
            "Collisions": 13,
            "Misbehavior Collisions": 5,
            "Collision Ratio": 0.2857142857142857,
            "Misbehavior Collision Ratio": 0.24,
            "Coverage Sparseness": 18.306451612903224,
            "Misbehavior Sparseness": 17.833333333333332,
            "Avg Sample Distance": 11.072196620583725,
            "Avg Misbehavior Distance": 12.07333333333332
        }
    ]
}