{
    "Tool": "DeepHyperion",
    "Run ID": "23",
    "Tags": [
        "Orientation",
        "Bitmaps",
        "black-box",
        "rescaled"
    ],
    "Total Samples": 435,
    "Valid Samples": 435,
    "Invalid Samples": 0,
    "Total Misbehaviors": 134,
    "MisbehaviorPerSample": 0.3080459770114943,
    "Features": {
        "orientation": {
            "meta": {
                "name": "orientation",
                "min-value": 7.0,
                "max-value": 94.0,
                "num-cells": 25
            },
            "stats": {
                "mean": 55.38390804597701,
                "stdev": 13.250761855874938,
                "median": 57
            }
        },
        "bitmaps": {
            "meta": {
                "name": "bitmaps",
                "min-value": 3.0,
                "max-value": 207.0,
                "num-cells": 25
            },
            "stats": {
                "mean": 100.40919540229885,
                "stdev": 34.46079597206876,
                "median": 95
            }
        }
    },
    "Reports": [
        {
            "Features": [
                "orientation",
                "bitmaps"
            ],
            "Total Cells": 625,
            "Filled Cells": 188,
            "Mapped Misbehaviors": 91,
            "Misbehavior Relative Density": 0.48404255319148937,
            "Misbehavior Density": 0.1456,
            "Filled Cells Density": 0.3008,
            "Collisions": 118,
            "Misbehavior Collisions": 37,
            "Collision Ratio": 1.3138297872340425,
            "Misbehavior Collision Ratio": 0.4725274725274725,
            "Coverage Sparseness": 16.197860962566846,
            "Misbehavior Sparseness": 16.466666666666665,
            "Avg Sample Distance": 10.01922858118099,
            "Avg Misbehavior Distance": 8.94114774114773
        }
    ]
}