{
    "Tool": "DeepHyperion",
    "Run ID": "2",
    "Tags": [
        "Moves",
        "Bitmaps",
        "black-box",
        "rescaled"
    ],
    "Total Samples": 93,
    "Valid Samples": 93,
    "Invalid Samples": 0,
    "Total Misbehaviors": 27,
    "MisbehaviorPerSample": 0.2903225806451613,
    "Features": {
        "moves": {
            "meta": {
                "name": "moves",
                "min-value": 0.0,
                "max-value": 31.0,
                "num-cells": 25
            },
            "stats": {
                "mean": 9.78494623655914,
                "stdev": 7.358593707752434,
                "median": 12
            }
        },
        "bitmaps": {
            "meta": {
                "name": "bitmaps",
                "min-value": 3.0,
                "max-value": 207.0,
                "num-cells": 25
            },
            "stats": {
                "mean": 87.05376344086021,
                "stdev": 37.83240087986402,
                "median": 82
            }
        }
    },
    "Reports": [
        {
            "Features": [
                "moves",
                "bitmaps"
            ],
            "Total Cells": 625,
            "Filled Cells": 69,
            "Mapped Misbehaviors": 20,
            "Misbehavior Relative Density": 0.2898550724637681,
            "Misbehavior Density": 0.032,
            "Filled Cells Density": 0.1104,
            "Collisions": 19,
            "Misbehavior Collisions": 6,
            "Collision Ratio": 0.34782608695652173,
            "Misbehavior Collision Ratio": 0.35,
            "Coverage Sparseness": 19.485294117647058,
            "Misbehavior Sparseness": 22.210526315789473,
            "Avg Sample Distance": 11.400682011935217,
            "Avg Misbehavior Distance": 12.115789473684204
        }
    ]
}