{
    "Tool": "DeepJanus",
    "Run ID": "28",
    "Tags": [
        "Orientation",
        "Moves",
        "white-box",
        "rescaled"
    ],
    "Total Samples": 29968,
    "Valid Samples": 29968,
    "Invalid Samples": 0,
    "Total Misbehaviors": 5335,
    "MisbehaviorPerSample": 0.1780232247730913,
    "Features": {
        "orientation": {
            "meta": {
                "name": "orientation",
                "min-value": 7.0,
                "max-value": 94.0,
                "num-cells": 25
            },
            "stats": {
                "mean": 57.481179925253606,
                "stdev": 11.982937705682145,
                "median": 60.0
            }
        },
        "moves": {
            "meta": {
                "name": "moves",
                "min-value": 0.0,
                "max-value": 31.0,
                "num-cells": 25
            },
            "stats": {
                "mean": 1.408769353977576,
                "stdev": 4.4205181739412165,
                "median": 0.0
            }
        }
    },
    "Reports": [
        {
            "Features": [
                "orientation",
                "moves"
            ],
            "Total Cells": 625,
            "Filled Cells": 89,
            "Mapped Misbehaviors": 33,
            "Misbehavior Relative Density": 0.3707865168539326,
            "Misbehavior Density": 0.0528,
            "Filled Cells Density": 0.1424,
            "Collisions": 78,
            "Misbehavior Collisions": 27,
            "Collision Ratio": 335.7191011235955,
            "Misbehavior Collision Ratio": 160.66666666666666,
            "Coverage Sparseness": 19.193181818181817,
            "Misbehavior Sparseness": 18.34375,
            "Avg Sample Distance": 10.549029622063333,
            "Avg Misbehavior Distance": 11.25757575757577
        }
    ]
}