{
    "Tool": "DeepHyperion",
    "Run ID": "11",
    "Tags": [
        "Orientation",
        "Bitmaps",
        "black-box",
        "rescaled"
    ],
    "Total Samples": 439,
    "Valid Samples": 439,
    "Invalid Samples": 0,
    "Total Misbehaviors": 143,
    "MisbehaviorPerSample": 0.32574031890660593,
    "Features": {
        "orientation": {
            "meta": {
                "name": "orientation",
                "min-value": 7.0,
                "max-value": 94.0,
                "num-cells": 25
            },
            "stats": {
                "mean": 55.735763097949885,
                "stdev": 13.91948049529212,
                "median": 58
            }
        },
        "bitmaps": {
            "meta": {
                "name": "bitmaps",
                "min-value": 3.0,
                "max-value": 207.0,
                "num-cells": 25
            },
            "stats": {
                "mean": 98.26879271070615,
                "stdev": 33.575250535761086,
                "median": 94
            }
        }
    },
    "Reports": [
        {
            "Features": [
                "orientation",
                "bitmaps"
            ],
            "Total Cells": 625,
            "Filled Cells": 189,
            "Mapped Misbehaviors": 99,
            "Misbehavior Relative Density": 0.5238095238095238,
            "Misbehavior Density": 0.1584,
            "Filled Cells Density": 0.3024,
            "Collisions": 116,
            "Misbehavior Collisions": 29,
            "Collision Ratio": 1.3227513227513228,
            "Misbehavior Collision Ratio": 0.4444444444444444,
            "Coverage Sparseness": 17.5531914893617,
            "Misbehavior Sparseness": 17.23469387755102,
            "Avg Sample Distance": 10.161319374085355,
            "Avg Misbehavior Distance": 9.473922902494301
        }
    ]
}