{
    "Tool": "DeepHyperion",
    "Run ID": "10",
    "Tags": [
        "Orientation",
        "Bitmaps",
        "black-box",
        "rescaled"
    ],
    "Total Samples": 449,
    "Valid Samples": 449,
    "Invalid Samples": 0,
    "Total Misbehaviors": 137,
    "MisbehaviorPerSample": 0.3051224944320713,
    "Features": {
        "orientation": {
            "meta": {
                "name": "orientation",
                "min-value": 7.0,
                "max-value": 94.0,
                "num-cells": 25
            },
            "stats": {
                "mean": 55.43875278396437,
                "stdev": 13.362775262897085,
                "median": 57
            }
        },
        "bitmaps": {
            "meta": {
                "name": "bitmaps",
                "min-value": 3.0,
                "max-value": 207.0,
                "num-cells": 25
            },
            "stats": {
                "mean": 100.79064587973274,
                "stdev": 34.25952424641704,
                "median": 97
            }
        }
    },
    "Reports": [
        {
            "Features": [
                "orientation",
                "bitmaps"
            ],
            "Total Cells": 625,
            "Filled Cells": 182,
            "Mapped Misbehaviors": 94,
            "Misbehavior Relative Density": 0.5164835164835165,
            "Misbehavior Density": 0.1504,
            "Filled Cells Density": 0.2912,
            "Collisions": 116,
            "Misbehavior Collisions": 29,
            "Collision Ratio": 1.467032967032967,
            "Misbehavior Collision Ratio": 0.4574468085106383,
            "Coverage Sparseness": 15.751381215469614,
            "Misbehavior Sparseness": 15.064516129032258,
            "Avg Sample Distance": 9.976564871592494,
            "Avg Misbehavior Distance": 9.041180507892935
        }
    ]
}