{
    "Tool": "DeepJanus",
    "Run ID": "1",
    "Tags": [
        "Orientation",
        "Bitmaps",
        "black-box",
        "rescaled"
    ],
    "Total Samples": 90,
    "Valid Samples": 90,
    "Invalid Samples": 0,
    "Total Misbehaviors": 45,
    "MisbehaviorPerSample": 0.5,
    "Features": {
        "orientation": {
            "meta": {
                "name": "orientation",
                "min-value": 7.0,
                "max-value": 94.0,
                "num-cells": 25
            },
            "stats": {
                "mean": 52.333333333333336,
                "stdev": 12.571592732037763,
                "median": 51.5
            }
        },
        "bitmaps": {
            "meta": {
                "name": "bitmaps",
                "min-value": 3.0,
                "max-value": 207.0,
                "num-cells": 25
            },
            "stats": {
                "mean": 98.71111111111111,
                "stdev": 28.940560722476263,
                "median": 91.5
            }
        }
    },
    "Reports": [
        {
            "Features": [
                "orientation",
                "bitmaps"
            ],
            "Total Cells": 625,
            "Filled Cells": 50,
            "Mapped Misbehaviors": 41,
            "Misbehavior Relative Density": 0.82,
            "Misbehavior Density": 0.0656,
            "Filled Cells Density": 0.08,
            "Collisions": 31,
            "Misbehavior Collisions": 4,
            "Collision Ratio": 0.8,
            "Misbehavior Collision Ratio": 0.0975609756097561,
            "Coverage Sparseness": 12.938775510204081,
            "Misbehavior Sparseness": 12.7,
            "Avg Sample Distance": 7.901224489795911,
            "Avg Misbehavior Distance": 7.897560975609768
        }
    ]
}