{
    "Tool": "DeepJanus",
    "Run ID": "21",
    "Tags": [
        "Orientation",
        "Moves",
        "black-box",
        "rescaled"
    ],
    "Total Samples": 86,
    "Valid Samples": 86,
    "Invalid Samples": 0,
    "Total Misbehaviors": 43,
    "MisbehaviorPerSample": 0.5,
    "Features": {
        "orientation": {
            "meta": {
                "name": "orientation",
                "min-value": 7.0,
                "max-value": 94.0,
                "num-cells": 25
            },
            "stats": {
                "mean": 54.116279069767444,
                "stdev": 12.95096508295916,
                "median": 53.0
            }
        },
        "moves": {
            "meta": {
                "name": "moves",
                "min-value": 0.0,
                "max-value": 31.0,
                "num-cells": 25
            },
            "stats": {
                "mean": 0.6976744186046512,
                "stdev": 3.1773824500563554,
                "median": 0.0
            }
        }
    },
    "Reports": [
        {
            "Features": [
                "orientation",
                "moves"
            ],
            "Total Cells": 625,
            "Filled Cells": 16,
            "Mapped Misbehaviors": 16,
            "Misbehavior Relative Density": 1.0,
            "Misbehavior Density": 0.0256,
            "Filled Cells Density": 0.0256,
            "Collisions": 16,
            "Misbehavior Collisions": 12,
            "Collision Ratio": 4.375,
            "Misbehavior Collision Ratio": 1.6875,
            "Coverage Sparseness": 13.8,
            "Misbehavior Sparseness": 13.8,
            "Avg Sample Distance": 7.624999999999998,
            "Avg Misbehavior Distance": 7.624999999999998
        }
    ]
}