{
    "Tool": "DeepJanus",
    "Run ID": "1",
    "Tags": [
        "Orientation",
        "Moves",
        "black-box",
        "rescaled"
    ],
    "Total Samples": 90,
    "Valid Samples": 90,
    "Invalid Samples": 0,
    "Total Misbehaviors": 45,
    "MisbehaviorPerSample": 0.5,
    "Features": {
        "orientation": {
            "meta": {
                "name": "orientation",
                "min-value": 7.0,
                "max-value": 94.0,
                "num-cells": 25
            },
            "stats": {
                "mean": 52.333333333333336,
                "stdev": 12.571592732037763,
                "median": 51.5
            }
        },
        "moves": {
            "meta": {
                "name": "moves",
                "min-value": 0.0,
                "max-value": 31.0,
                "num-cells": 25
            },
            "stats": {
                "mean": 0.8,
                "stdev": 3.2053326353704366,
                "median": 0.0
            }
        }
    },
    "Reports": [
        {
            "Features": [
                "orientation",
                "moves"
            ],
            "Total Cells": 625,
            "Filled Cells": 16,
            "Mapped Misbehaviors": 16,
            "Misbehavior Relative Density": 1.0,
            "Misbehavior Density": 0.0256,
            "Filled Cells Density": 0.0256,
            "Collisions": 16,
            "Misbehavior Collisions": 12,
            "Collision Ratio": 4.625,
            "Misbehavior Collision Ratio": 1.8125,
            "Coverage Sparseness": 13.333333333333334,
            "Misbehavior Sparseness": 13.333333333333334,
            "Avg Sample Distance": 7.300000000000001,
            "Avg Misbehavior Distance": 7.300000000000001
        }
    ]
}