{
    "Tool": "DeepJanus",
    "Run ID": "15",
    "Tags": [
        "Orientation",
        "Moves",
        "black-box",
        "rescaled"
    ],
    "Total Samples": 94,
    "Valid Samples": 94,
    "Invalid Samples": 0,
    "Total Misbehaviors": 47,
    "MisbehaviorPerSample": 0.5,
    "Features": {
        "orientation": {
            "meta": {
                "name": "orientation",
                "min-value": 7.0,
                "max-value": 94.0,
                "num-cells": 25
            },
            "stats": {
                "mean": 53.191489361702125,
                "stdev": 12.395174742525217,
                "median": 53.0
            }
        },
        "moves": {
            "meta": {
                "name": "moves",
                "min-value": 0.0,
                "max-value": 31.0,
                "num-cells": 25
            },
            "stats": {
                "mean": 0.7659574468085106,
                "stdev": 3.1398429243463126,
                "median": 0.0
            }
        }
    },
    "Reports": [
        {
            "Features": [
                "orientation",
                "moves"
            ],
            "Total Cells": 625,
            "Filled Cells": 17,
            "Mapped Misbehaviors": 16,
            "Misbehavior Relative Density": 0.9411764705882353,
            "Misbehavior Density": 0.0256,
            "Filled Cells Density": 0.0272,
            "Collisions": 15,
            "Misbehavior Collisions": 12,
            "Collision Ratio": 4.529411764705882,
            "Misbehavior Collision Ratio": 1.9375,
            "Coverage Sparseness": 12.875,
            "Misbehavior Sparseness": 13.666666666666666,
            "Avg Sample Distance": 7.441176470588241,
            "Avg Misbehavior Distance": 7.424999999999999
        }
    ]
}