{
    "Tool": "DeepHyperion",
    "Run ID": "7",
    "Tags": [
        "Orientation",
        "Moves",
        "black-box",
        "rescaled"
    ],
    "Total Samples": 74,
    "Valid Samples": 74,
    "Invalid Samples": 0,
    "Total Misbehaviors": 25,
    "MisbehaviorPerSample": 0.33783783783783783,
    "Features": {
        "orientation": {
            "meta": {
                "name": "orientation",
                "min-value": 7.0,
                "max-value": 94.0,
                "num-cells": 25
            },
            "stats": {
                "mean": 60.554054054054056,
                "stdev": 13.579942796389185,
                "median": 63.0
            }
        },
        "moves": {
            "meta": {
                "name": "moves",
                "min-value": 0.0,
                "max-value": 31.0,
                "num-cells": 25
            },
            "stats": {
                "mean": 9.58108108108108,
                "stdev": 7.450304318059228,
                "median": 12.0
            }
        }
    },
    "Reports": [
        {
            "Features": [
                "orientation",
                "moves"
            ],
            "Total Cells": 625,
            "Filled Cells": 59,
            "Mapped Misbehaviors": 18,
            "Misbehavior Relative Density": 0.3050847457627119,
            "Misbehavior Density": 0.0288,
            "Filled Cells Density": 0.0944,
            "Collisions": 13,
            "Misbehavior Collisions": 6,
            "Collision Ratio": 0.2542372881355932,
            "Misbehavior Collision Ratio": 0.3888888888888889,
            "Coverage Sparseness": 17.96551724137931,
            "Misbehavior Sparseness": 18.11764705882353,
            "Avg Sample Distance": 10.523670368205703,
            "Avg Misbehavior Distance": 11.241830065359478
        }
    ]
}