{
    "Tool": "DeepHyperion",
    "Run ID": "11",
    "Tags": [
        "Moves",
        "Bitmaps",
        "black-box",
        "rescaled"
    ],
    "Total Samples": 89,
    "Valid Samples": 89,
    "Invalid Samples": 0,
    "Total Misbehaviors": 30,
    "MisbehaviorPerSample": 0.33707865168539325,
    "Features": {
        "moves": {
            "meta": {
                "name": "moves",
                "min-value": 0.0,
                "max-value": 31.0,
                "num-cells": 25
            },
            "stats": {
                "mean": 9.415730337078651,
                "stdev": 7.664571666802162,
                "median": 11
            }
        },
        "bitmaps": {
            "meta": {
                "name": "bitmaps",
                "min-value": 3.0,
                "max-value": 207.0,
                "num-cells": 25
            },
            "stats": {
                "mean": 86.66292134831461,
                "stdev": 37.18807965788864,
                "median": 83
            }
        }
    },
    "Reports": [
        {
            "Features": [
                "moves",
                "bitmaps"
            ],
            "Total Cells": 625,
            "Filled Cells": 65,
            "Mapped Misbehaviors": 22,
            "Misbehavior Relative Density": 0.3384615384615385,
            "Misbehavior Density": 0.0352,
            "Filled Cells Density": 0.104,
            "Collisions": 18,
            "Misbehavior Collisions": 6,
            "Collision Ratio": 0.36923076923076925,
            "Misbehavior Collision Ratio": 0.36363636363636365,
            "Coverage Sparseness": 21.5625,
            "Misbehavior Sparseness": 22.952380952380953,
            "Avg Sample Distance": 11.825000000000003,
            "Avg Misbehavior Distance": 11.341991341991346
        }
    ]
}