{
    "Tool": "DeepHyperion",
    "Run ID": "17",
    "Tags": [
        "Orientation",
        "Bitmaps",
        "black-box",
        "rescaled"
    ],
    "Total Samples": 442,
    "Valid Samples": 442,
    "Invalid Samples": 0,
    "Total Misbehaviors": 138,
    "MisbehaviorPerSample": 0.31221719457013575,
    "Features": {
        "orientation": {
            "meta": {
                "name": "orientation",
                "min-value": 7.0,
                "max-value": 94.0,
                "num-cells": 25
            },
            "stats": {
                "mean": 55.255656108597286,
                "stdev": 13.519961798350721,
                "median": 57.0
            }
        },
        "bitmaps": {
            "meta": {
                "name": "bitmaps",
                "min-value": 3.0,
                "max-value": 207.0,
                "num-cells": 25
            },
            "stats": {
                "mean": 101.0158371040724,
                "stdev": 35.17919431050428,
                "median": 98.5
            }
        }
    },
    "Reports": [
        {
            "Features": [
                "orientation",
                "bitmaps"
            ],
            "Total Cells": 625,
            "Filled Cells": 190,
            "Mapped Misbehaviors": 98,
            "Misbehavior Relative Density": 0.5157894736842106,
            "Misbehavior Density": 0.1568,
            "Filled Cells Density": 0.304,
            "Collisions": 119,
            "Misbehavior Collisions": 28,
            "Collision Ratio": 1.3263157894736841,
            "Misbehavior Collision Ratio": 0.40816326530612246,
            "Coverage Sparseness": 16.11111111111111,
            "Misbehavior Sparseness": 15.670103092783505,
            "Avg Sample Distance": 10.117683096630477,
            "Avg Misbehavior Distance": 8.960866820955198
        }
    ]
}