{
    "Tool": "DeepJanus",
    "Run ID": "2",
    "Tags": [
        "Orientation",
        "Bitmaps",
        "black-box",
        "rescaled"
    ],
    "Total Samples": 88,
    "Valid Samples": 88,
    "Invalid Samples": 0,
    "Total Misbehaviors": 44,
    "MisbehaviorPerSample": 0.5,
    "Features": {
        "orientation": {
            "meta": {
                "name": "orientation",
                "min-value": 7.0,
                "max-value": 94.0,
                "num-cells": 25
            },
            "stats": {
                "mean": 52.30681818181818,
                "stdev": 12.129907898320358,
                "median": 51.0
            }
        },
        "bitmaps": {
            "meta": {
                "name": "bitmaps",
                "min-value": 3.0,
                "max-value": 207.0,
                "num-cells": 25
            },
            "stats": {
                "mean": 96.92045454545455,
                "stdev": 29.70592324189037,
                "median": 91.0
            }
        }
    },
    "Reports": [
        {
            "Features": [
                "orientation",
                "bitmaps"
            ],
            "Total Cells": 625,
            "Filled Cells": 46,
            "Mapped Misbehaviors": 37,
            "Misbehavior Relative Density": 0.8043478260869565,
            "Misbehavior Density": 0.0592,
            "Filled Cells Density": 0.0736,
            "Collisions": 32,
            "Misbehavior Collisions": 6,
            "Collision Ratio": 0.9130434782608695,
            "Misbehavior Collision Ratio": 0.1891891891891892,
            "Coverage Sparseness": 14.2,
            "Misbehavior Sparseness": 14.222222222222221,
            "Avg Sample Distance": 8.13623188405798,
            "Avg Misbehavior Distance": 8.228228228228229
        }
    ]
}