{
    "Tool": "DeepHyperion",
    "Run ID": "8",
    "Tags": [
        "Orientation",
        "Bitmaps",
        "black-box",
        "rescaled"
    ],
    "Total Samples": 432,
    "Valid Samples": 432,
    "Invalid Samples": 0,
    "Total Misbehaviors": 135,
    "MisbehaviorPerSample": 0.3125,
    "Features": {
        "orientation": {
            "meta": {
                "name": "orientation",
                "min-value": 7.0,
                "max-value": 94.0,
                "num-cells": 25
            },
            "stats": {
                "mean": 55.0787037037037,
                "stdev": 13.331688961504359,
                "median": 56.5
            }
        },
        "bitmaps": {
            "meta": {
                "name": "bitmaps",
                "min-value": 3.0,
                "max-value": 207.0,
                "num-cells": 25
            },
            "stats": {
                "mean": 100.94444444444444,
                "stdev": 33.707719642475766,
                "median": 99.0
            }
        }
    },
    "Reports": [
        {
            "Features": [
                "orientation",
                "bitmaps"
            ],
            "Total Cells": 625,
            "Filled Cells": 178,
            "Mapped Misbehaviors": 90,
            "Misbehavior Relative Density": 0.5056179775280899,
            "Misbehavior Density": 0.144,
            "Filled Cells Density": 0.2848,
            "Collisions": 122,
            "Misbehavior Collisions": 32,
            "Collision Ratio": 1.4269662921348314,
            "Misbehavior Collision Ratio": 0.5,
            "Coverage Sparseness": 16.231638418079097,
            "Misbehavior Sparseness": 15.97752808988764,
            "Avg Sample Distance": 9.587253221608545,
            "Avg Misbehavior Distance": 8.721348314606757
        }
    ]
}