{
    "Tool": "DeepHyperion",
    "Run ID": "19",
    "Tags": [
        "Moves",
        "Bitmaps",
        "black-box",
        "rescaled"
    ],
    "Total Samples": 91,
    "Valid Samples": 91,
    "Invalid Samples": 0,
    "Total Misbehaviors": 25,
    "MisbehaviorPerSample": 0.27472527472527475,
    "Features": {
        "moves": {
            "meta": {
                "name": "moves",
                "min-value": 0.0,
                "max-value": 31.0,
                "num-cells": 25
            },
            "stats": {
                "mean": 9.901098901098901,
                "stdev": 7.490816518399854,
                "median": 12
            }
        },
        "bitmaps": {
            "meta": {
                "name": "bitmaps",
                "min-value": 3.0,
                "max-value": 207.0,
                "num-cells": 25
            },
            "stats": {
                "mean": 87.04395604395604,
                "stdev": 38.355909898942876,
                "median": 80
            }
        }
    },
    "Reports": [
        {
            "Features": [
                "moves",
                "bitmaps"
            ],
            "Total Cells": 625,
            "Filled Cells": 72,
            "Mapped Misbehaviors": 20,
            "Misbehavior Relative Density": 0.2777777777777778,
            "Misbehavior Density": 0.032,
            "Filled Cells Density": 0.1152,
            "Collisions": 17,
            "Misbehavior Collisions": 5,
            "Collision Ratio": 0.2638888888888889,
            "Misbehavior Collision Ratio": 0.25,
            "Coverage Sparseness": 20.35211267605634,
            "Misbehavior Sparseness": 25.105263157894736,
            "Avg Sample Distance": 11.905712050078249,
            "Avg Misbehavior Distance": 11.510526315789475
        }
    ]
}