{
    "Tool": "DeepHyperion",
    "Run ID": "26",
    "Tags": [
        "Orientation",
        "Bitmaps",
        "black-box",
        "rescaled"
    ],
    "Total Samples": 461,
    "Valid Samples": 461,
    "Invalid Samples": 0,
    "Total Misbehaviors": 147,
    "MisbehaviorPerSample": 0.3188720173535792,
    "Features": {
        "orientation": {
            "meta": {
                "name": "orientation",
                "min-value": 7.0,
                "max-value": 94.0,
                "num-cells": 25
            },
            "stats": {
                "mean": 55.77440347071583,
                "stdev": 13.296987069727852,
                "median": 58
            }
        },
        "bitmaps": {
            "meta": {
                "name": "bitmaps",
                "min-value": 3.0,
                "max-value": 207.0,
                "num-cells": 25
            },
            "stats": {
                "mean": 100.39696312364426,
                "stdev": 34.51856323992407,
                "median": 97
            }
        }
    },
    "Reports": [
        {
            "Features": [
                "orientation",
                "bitmaps"
            ],
            "Total Cells": 625,
            "Filled Cells": 195,
            "Mapped Misbehaviors": 96,
            "Misbehavior Relative Density": 0.49230769230769234,
            "Misbehavior Density": 0.1536,
            "Filled Cells Density": 0.312,
            "Collisions": 118,
            "Misbehavior Collisions": 31,
            "Collision Ratio": 1.3641025641025641,
            "Misbehavior Collision Ratio": 0.53125,
            "Coverage Sparseness": 16.350515463917525,
            "Misbehavior Sparseness": 16.11578947368421,
            "Avg Sample Distance": 10.132381707639437,
            "Avg Misbehavior Distance": 9.669736842105262
        }
    ]
}