{
    "Tool": "DeepHyperion",
    "Run ID": "23",
    "Tags": [
        "Moves",
        "Bitmaps",
        "black-box",
        "rescaled"
    ],
    "Total Samples": 93,
    "Valid Samples": 93,
    "Invalid Samples": 0,
    "Total Misbehaviors": 31,
    "MisbehaviorPerSample": 0.3333333333333333,
    "Features": {
        "moves": {
            "meta": {
                "name": "moves",
                "min-value": 0.0,
                "max-value": 31.0,
                "num-cells": 25
            },
            "stats": {
                "mean": 9.838709677419354,
                "stdev": 7.340018840428144,
                "median": 12
            }
        },
        "bitmaps": {
            "meta": {
                "name": "bitmaps",
                "min-value": 3.0,
                "max-value": 207.0,
                "num-cells": 25
            },
            "stats": {
                "mean": 88.35483870967742,
                "stdev": 36.691618863313444,
                "median": 81
            }
        }
    },
    "Reports": [
        {
            "Features": [
                "moves",
                "bitmaps"
            ],
            "Total Cells": 625,
            "Filled Cells": 74,
            "Mapped Misbehaviors": 21,
            "Misbehavior Relative Density": 0.28378378378378377,
            "Misbehavior Density": 0.0336,
            "Filled Cells Density": 0.1184,
            "Collisions": 12,
            "Misbehavior Collisions": 6,
            "Collision Ratio": 0.25675675675675674,
            "Misbehavior Collision Ratio": 0.47619047619047616,
            "Coverage Sparseness": 19.945205479452056,
            "Misbehavior Sparseness": 24.1,
            "Avg Sample Distance": 11.456497593483878,
            "Avg Misbehavior Distance": 11.685714285714297
        }
    ]
}