{
    "Tool": "DeepJanus",
    "Run ID": "6",
    "Tags": [
        "Orientation",
        "Bitmaps",
        "black-box",
        "rescaled"
    ],
    "Total Samples": 68,
    "Valid Samples": 68,
    "Invalid Samples": 0,
    "Total Misbehaviors": 34,
    "MisbehaviorPerSample": 0.5,
    "Features": {
        "orientation": {
            "meta": {
                "name": "orientation",
                "min-value": 7.0,
                "max-value": 94.0,
                "num-cells": 25
            },
            "stats": {
                "mean": 52.8235294117647,
                "stdev": 13.138687519892947,
                "median": 50.5
            }
        },
        "bitmaps": {
            "meta": {
                "name": "bitmaps",
                "min-value": 3.0,
                "max-value": 207.0,
                "num-cells": 25
            },
            "stats": {
                "mean": 96.01470588235294,
                "stdev": 27.033695197505033,
                "median": 93.0
            }
        }
    },
    "Reports": [
        {
            "Features": [
                "orientation",
                "bitmaps"
            ],
            "Total Cells": 625,
            "Filled Cells": 42,
            "Mapped Misbehaviors": 32,
            "Misbehavior Relative Density": 0.7619047619047619,
            "Misbehavior Density": 0.0512,
            "Filled Cells Density": 0.0672,
            "Collisions": 21,
            "Misbehavior Collisions": 2,
            "Collision Ratio": 0.6190476190476191,
            "Misbehavior Collision Ratio": 0.0625,
            "Coverage Sparseness": 13.804878048780488,
            "Misbehavior Sparseness": 13.774193548387096,
            "Avg Sample Distance": 7.563298490127761,
            "Avg Misbehavior Distance": 7.796370967741933
        }
    ]
}