{
    "Tool": "DeepJanus",
    "Run ID": "12",
    "Tags": [
        "Orientation",
        "Moves",
        "black-box",
        "rescaled"
    ],
    "Total Samples": 78,
    "Valid Samples": 78,
    "Invalid Samples": 0,
    "Total Misbehaviors": 39,
    "MisbehaviorPerSample": 0.5,
    "Features": {
        "orientation": {
            "meta": {
                "name": "orientation",
                "min-value": 7.0,
                "max-value": 94.0,
                "num-cells": 25
            },
            "stats": {
                "mean": 53.73076923076923,
                "stdev": 13.213209719402439,
                "median": 53.0
            }
        },
        "moves": {
            "meta": {
                "name": "moves",
                "min-value": 0.0,
                "max-value": 31.0,
                "num-cells": 25
            },
            "stats": {
                "mean": 0.9230769230769231,
                "stdev": 3.429320597471132,
                "median": 0.0
            }
        }
    },
    "Reports": [
        {
            "Features": [
                "orientation",
                "moves"
            ],
            "Total Cells": 625,
            "Filled Cells": 16,
            "Mapped Misbehaviors": 16,
            "Misbehavior Relative Density": 1.0,
            "Misbehavior Density": 0.0256,
            "Filled Cells Density": 0.0256,
            "Collisions": 16,
            "Misbehavior Collisions": 12,
            "Collision Ratio": 3.875,
            "Misbehavior Collision Ratio": 1.4375,
            "Coverage Sparseness": 14.266666666666667,
            "Misbehavior Sparseness": 14.266666666666667,
            "Avg Sample Distance": 7.783333333333337,
            "Avg Misbehavior Distance": 7.783333333333337
        }
    ]
}