{
    "Tool": "DeepJanus",
    "Run ID": "16",
    "Tags": [
        "Moves",
        "Bitmaps",
        "black-box",
        "rescaled"
    ],
    "Total Samples": 82,
    "Valid Samples": 82,
    "Invalid Samples": 0,
    "Total Misbehaviors": 41,
    "MisbehaviorPerSample": 0.5,
    "Features": {
        "moves": {
            "meta": {
                "name": "moves",
                "min-value": 0.0,
                "max-value": 31.0,
                "num-cells": 25
            },
            "stats": {
                "mean": 0.8780487804878049,
                "stdev": 3.3495540292883694,
                "median": 0.0
            }
        },
        "bitmaps": {
            "meta": {
                "name": "bitmaps",
                "min-value": 3.0,
                "max-value": 207.0,
                "num-cells": 25
            },
            "stats": {
                "mean": 97.7439024390244,
                "stdev": 26.570108042179285,
                "median": 88.0
            }
        }
    },
    "Reports": [
        {
            "Features": [
                "moves",
                "bitmaps"
            ],
            "Total Cells": 625,
            "Filled Cells": 17,
            "Mapped Misbehaviors": 14,
            "Misbehavior Relative Density": 0.8235294117647058,
            "Misbehavior Density": 0.0224,
            "Filled Cells Density": 0.0272,
            "Collisions": 12,
            "Misbehavior Collisions": 9,
            "Collision Ratio": 3.823529411764706,
            "Misbehavior Collision Ratio": 1.9285714285714286,
            "Coverage Sparseness": 14.9375,
            "Misbehavior Sparseness": 13.923076923076923,
            "Avg Sample Distance": 7.911764705882354,
            "Avg Misbehavior Distance": 7.681318681318678
        }
    ]
}