{
    "Tool": "DeepJanus",
    "Run ID": "15",
    "Tags": [
        "Moves",
        "Bitmaps",
        "black-box",
        "rescaled"
    ],
    "Total Samples": 94,
    "Valid Samples": 94,
    "Invalid Samples": 0,
    "Total Misbehaviors": 47,
    "MisbehaviorPerSample": 0.5,
    "Features": {
        "moves": {
            "meta": {
                "name": "moves",
                "min-value": 0.0,
                "max-value": 31.0,
                "num-cells": 25
            },
            "stats": {
                "mean": 0.7659574468085106,
                "stdev": 3.1398429243463126,
                "median": 0.0
            }
        },
        "bitmaps": {
            "meta": {
                "name": "bitmaps",
                "min-value": 3.0,
                "max-value": 207.0,
                "num-cells": 25
            },
            "stats": {
                "mean": 95.32978723404256,
                "stdev": 29.28517122568493,
                "median": 85.5
            }
        }
    },
    "Reports": [
        {
            "Features": [
                "moves",
                "bitmaps"
            ],
            "Total Cells": 625,
            "Filled Cells": 18,
            "Mapped Misbehaviors": 17,
            "Misbehavior Relative Density": 0.9444444444444444,
            "Misbehavior Density": 0.0272,
            "Filled Cells Density": 0.0288,
            "Collisions": 16,
            "Misbehavior Collisions": 11,
            "Collision Ratio": 4.222222222222222,
            "Misbehavior Collision Ratio": 1.7647058823529411,
            "Coverage Sparseness": 15.058823529411764,
            "Misbehavior Sparseness": 14.6875,
            "Avg Sample Distance": 7.973856209150327,
            "Avg Misbehavior Distance": 7.779411764705884
        }
    ]
}