{
    "Tool": "DeepJanus",
    "Run ID": "3",
    "Tags": [
        "Orientation",
        "Bitmaps",
        "black-box",
        "rescaled"
    ],
    "Total Samples": 96,
    "Valid Samples": 96,
    "Invalid Samples": 0,
    "Total Misbehaviors": 48,
    "MisbehaviorPerSample": 0.5,
    "Features": {
        "orientation": {
            "meta": {
                "name": "orientation",
                "min-value": 7.0,
                "max-value": 94.0,
                "num-cells": 25
            },
            "stats": {
                "mean": 53.635416666666664,
                "stdev": 13.213326440152574,
                "median": 52.5
            }
        },
        "bitmaps": {
            "meta": {
                "name": "bitmaps",
                "min-value": 3.0,
                "max-value": 207.0,
                "num-cells": 25
            },
            "stats": {
                "mean": 99.0625,
                "stdev": 30.16509397858462,
                "median": 90.5
            }
        }
    },
    "Reports": [
        {
            "Features": [
                "orientation",
                "bitmaps"
            ],
            "Total Cells": 625,
            "Filled Cells": 50,
            "Mapped Misbehaviors": 41,
            "Misbehavior Relative Density": 0.82,
            "Misbehavior Density": 0.0656,
            "Filled Cells Density": 0.08,
            "Collisions": 32,
            "Misbehavior Collisions": 6,
            "Collision Ratio": 0.92,
            "Misbehavior Collision Ratio": 0.17073170731707318,
            "Coverage Sparseness": 15.26530612244898,
            "Misbehavior Sparseness": 14.725,
            "Avg Sample Distance": 8.404897959183675,
            "Avg Misbehavior Distance": 8.509756097560972
        }
    ]
}