{
    "Tool": "DeepHyperion",
    "Run ID": "17",
    "Tags": [
        "Moves",
        "Bitmaps",
        "black-box",
        "rescaled"
    ],
    "Total Samples": 89,
    "Valid Samples": 89,
    "Invalid Samples": 0,
    "Total Misbehaviors": 26,
    "MisbehaviorPerSample": 0.29213483146067415,
    "Features": {
        "moves": {
            "meta": {
                "name": "moves",
                "min-value": 0.0,
                "max-value": 31.0,
                "num-cells": 25
            },
            "stats": {
                "mean": 9.179775280898877,
                "stdev": 7.658272113676119,
                "median": 10
            }
        },
        "bitmaps": {
            "meta": {
                "name": "bitmaps",
                "min-value": 3.0,
                "max-value": 207.0,
                "num-cells": 25
            },
            "stats": {
                "mean": 88.66292134831461,
                "stdev": 40.45647038378655,
                "median": 83
            }
        }
    },
    "Reports": [
        {
            "Features": [
                "moves",
                "bitmaps"
            ],
            "Total Cells": 625,
            "Filled Cells": 72,
            "Mapped Misbehaviors": 20,
            "Misbehavior Relative Density": 0.2777777777777778,
            "Misbehavior Density": 0.032,
            "Filled Cells Density": 0.1152,
            "Collisions": 13,
            "Misbehavior Collisions": 4,
            "Collision Ratio": 0.2361111111111111,
            "Misbehavior Collision Ratio": 0.3,
            "Coverage Sparseness": 20.070422535211268,
            "Misbehavior Sparseness": 20.105263157894736,
            "Avg Sample Distance": 11.950312989045353,
            "Avg Misbehavior Distance": 10.41578947368421
        }
    ]
}