{
    "Tool": "DeepJanus",
    "Run ID": "8",
    "Tags": [
        "Orientation",
        "Bitmaps",
        "black-box",
        "rescaled"
    ],
    "Total Samples": 76,
    "Valid Samples": 76,
    "Invalid Samples": 0,
    "Total Misbehaviors": 38,
    "MisbehaviorPerSample": 0.5,
    "Features": {
        "orientation": {
            "meta": {
                "name": "orientation",
                "min-value": 7.0,
                "max-value": 94.0,
                "num-cells": 25
            },
            "stats": {
                "mean": 53.026315789473685,
                "stdev": 13.617609858033605,
                "median": 53.0
            }
        },
        "bitmaps": {
            "meta": {
                "name": "bitmaps",
                "min-value": 3.0,
                "max-value": 207.0,
                "num-cells": 25
            },
            "stats": {
                "mean": 97.25,
                "stdev": 28.960720525106645,
                "median": 90.0
            }
        }
    },
    "Reports": [
        {
            "Features": [
                "orientation",
                "bitmaps"
            ],
            "Total Cells": 625,
            "Filled Cells": 36,
            "Mapped Misbehaviors": 33,
            "Misbehavior Relative Density": 0.9166666666666666,
            "Misbehavior Density": 0.0528,
            "Filled Cells Density": 0.0576,
            "Collisions": 31,
            "Misbehavior Collisions": 5,
            "Collision Ratio": 1.1111111111111112,
            "Misbehavior Collision Ratio": 0.15151515151515152,
            "Coverage Sparseness": 14.714285714285714,
            "Misbehavior Sparseness": 14.78125,
            "Avg Sample Distance": 7.982539682539686,
            "Avg Misbehavior Distance": 8.291666666666679
        }
    ]
}