{
    "Tool": "DeepHyperion",
    "Run ID": "1",
    "Tags": [
        "Moves",
        "Bitmaps",
        "black-box",
        "rescaled"
    ],
    "Total Samples": 98,
    "Valid Samples": 98,
    "Invalid Samples": 0,
    "Total Misbehaviors": 33,
    "MisbehaviorPerSample": 0.336734693877551,
    "Features": {
        "moves": {
            "meta": {
                "name": "moves",
                "min-value": 0.0,
                "max-value": 31.0,
                "num-cells": 25
            },
            "stats": {
                "mean": 9.193877551020408,
                "stdev": 7.236303327011782,
                "median": 12.0
            }
        },
        "bitmaps": {
            "meta": {
                "name": "bitmaps",
                "min-value": 3.0,
                "max-value": 207.0,
                "num-cells": 25
            },
            "stats": {
                "mean": 85.33673469387755,
                "stdev": 35.50807774442521,
                "median": 79.0
            }
        }
    },
    "Reports": [
        {
            "Features": [
                "moves",
                "bitmaps"
            ],
            "Total Cells": 625,
            "Filled Cells": 71,
            "Mapped Misbehaviors": 21,
            "Misbehavior Relative Density": 0.29577464788732394,
            "Misbehavior Density": 0.0336,
            "Filled Cells Density": 0.1136,
            "Collisions": 21,
            "Misbehavior Collisions": 8,
            "Collision Ratio": 0.38028169014084506,
            "Misbehavior Collision Ratio": 0.5714285714285714,
            "Coverage Sparseness": 15.871428571428572,
            "Misbehavior Sparseness": 17.9,
            "Avg Sample Distance": 10.849094567404425,
            "Avg Misbehavior Distance": 11.133333333333333
        }
    ]
}