{
    "Tool": "DeepJanus",
    "Run ID": "30",
    "Tags": [
        "Orientation",
        "Bitmaps",
        "white-box",
        "rescaled"
    ],
    "Total Samples": 24418,
    "Valid Samples": 24418,
    "Invalid Samples": 0,
    "Total Misbehaviors": 4527,
    "MisbehaviorPerSample": 0.18539601933000247,
    "Features": {
        "orientation": {
            "meta": {
                "name": "orientation",
                "min-value": 7.0,
                "max-value": 94.0,
                "num-cells": 25
            },
            "stats": {
                "mean": 57.719714964370546,
                "stdev": 11.951454907576602,
                "median": 61.0
            }
        },
        "bitmaps": {
            "meta": {
                "name": "bitmaps",
                "min-value": 3.0,
                "max-value": 207.0,
                "num-cells": 25
            },
            "stats": {
                "mean": 100.1450569252191,
                "stdev": 29.917590465955747,
                "median": 97.0
            }
        }
    },
    "Reports": [
        {
            "Features": [
                "orientation",
                "bitmaps"
            ],
            "Total Cells": 625,
            "Filled Cells": 226,
            "Mapped Misbehaviors": 137,
            "Misbehavior Relative Density": 0.6061946902654868,
            "Misbehavior Density": 0.2192,
            "Filled Cells Density": 0.3616,
            "Collisions": 214,
            "Misbehavior Collisions": 120,
            "Collision Ratio": 107.04424778761062,
            "Misbehavior Collision Ratio": 32.043795620437955,
            "Coverage Sparseness": 17.16,
            "Misbehavior Sparseness": 17.058823529411764,
            "Avg Sample Distance": 10.593588987217313,
            "Avg Misbehavior Distance": 9.128810648346949
        }
    ]
}