{
    "Tool": "DeepJanus",
    "Run ID": "26",
    "Tags": [
        "Orientation",
        "Bitmaps",
        "black-box",
        "rescaled"
    ],
    "Total Samples": 88,
    "Valid Samples": 88,
    "Invalid Samples": 0,
    "Total Misbehaviors": 44,
    "MisbehaviorPerSample": 0.5,
    "Features": {
        "orientation": {
            "meta": {
                "name": "orientation",
                "min-value": 7.0,
                "max-value": 94.0,
                "num-cells": 25
            },
            "stats": {
                "mean": 54.48863636363637,
                "stdev": 13.67016578545706,
                "median": 53.5
            }
        },
        "bitmaps": {
            "meta": {
                "name": "bitmaps",
                "min-value": 3.0,
                "max-value": 207.0,
                "num-cells": 25
            },
            "stats": {
                "mean": 100.51136363636364,
                "stdev": 31.324770528989273,
                "median": 94.5
            }
        }
    },
    "Reports": [
        {
            "Features": [
                "orientation",
                "bitmaps"
            ],
            "Total Cells": 625,
            "Filled Cells": 46,
            "Mapped Misbehaviors": 37,
            "Misbehavior Relative Density": 0.8043478260869565,
            "Misbehavior Density": 0.0592,
            "Filled Cells Density": 0.0736,
            "Collisions": 30,
            "Misbehavior Collisions": 7,
            "Collision Ratio": 0.9130434782608695,
            "Misbehavior Collision Ratio": 0.1891891891891892,
            "Coverage Sparseness": 14.777777777777779,
            "Misbehavior Sparseness": 14.222222222222221,
            "Avg Sample Distance": 8.984541062801942,
            "Avg Misbehavior Distance": 8.723723723723724
        }
    ]
}