{
    "Tool": "DeepJanus",
    "Run ID": "14",
    "Tags": [
        "Orientation",
        "Moves",
        "black-box",
        "rescaled"
    ],
    "Total Samples": 86,
    "Valid Samples": 86,
    "Invalid Samples": 0,
    "Total Misbehaviors": 43,
    "MisbehaviorPerSample": 0.5,
    "Features": {
        "orientation": {
            "meta": {
                "name": "orientation",
                "min-value": 7.0,
                "max-value": 94.0,
                "num-cells": 25
            },
            "stats": {
                "mean": 54,
                "stdev": 12.500352936193911,
                "median": 54.0
            }
        },
        "moves": {
            "meta": {
                "name": "moves",
                "min-value": 0.0,
                "max-value": 31.0,
                "num-cells": 25
            },
            "stats": {
                "mean": 1.4883720930232558,
                "stdev": 4.684754211762215,
                "median": 0.0
            }
        }
    },
    "Reports": [
        {
            "Features": [
                "orientation",
                "moves"
            ],
            "Total Cells": 625,
            "Filled Cells": 18,
            "Mapped Misbehaviors": 17,
            "Misbehavior Relative Density": 0.9444444444444444,
            "Misbehavior Density": 0.0272,
            "Filled Cells Density": 0.0288,
            "Collisions": 16,
            "Misbehavior Collisions": 13,
            "Collision Ratio": 3.7777777777777777,
            "Misbehavior Collision Ratio": 1.5294117647058822,
            "Coverage Sparseness": 14.647058823529411,
            "Misbehavior Sparseness": 14.5,
            "Avg Sample Distance": 9.098039215686274,
            "Avg Misbehavior Distance": 8.794117647058817
        }
    ]
}