{
    "Tool": "DeepHyperion",
    "Run ID": "9",
    "Tags": [
        "Orientation",
        "Bitmaps",
        "black-box",
        "rescaled"
    ],
    "Total Samples": 457,
    "Valid Samples": 457,
    "Invalid Samples": 0,
    "Total Misbehaviors": 137,
    "MisbehaviorPerSample": 0.29978118161925604,
    "Features": {
        "orientation": {
            "meta": {
                "name": "orientation",
                "min-value": 7.0,
                "max-value": 94.0,
                "num-cells": 25
            },
            "stats": {
                "mean": 55.97374179431072,
                "stdev": 13.24761521914745,
                "median": 58
            }
        },
        "bitmaps": {
            "meta": {
                "name": "bitmaps",
                "min-value": 3.0,
                "max-value": 207.0,
                "num-cells": 25
            },
            "stats": {
                "mean": 100.70240700218818,
                "stdev": 34.95214546009745,
                "median": 97
            }
        }
    },
    "Reports": [
        {
            "Features": [
                "orientation",
                "bitmaps"
            ],
            "Total Cells": 625,
            "Filled Cells": 187,
            "Mapped Misbehaviors": 87,
            "Misbehavior Relative Density": 0.46524064171123,
            "Misbehavior Density": 0.1392,
            "Filled Cells Density": 0.2992,
            "Collisions": 119,
            "Misbehavior Collisions": 31,
            "Collision Ratio": 1.4438502673796791,
            "Misbehavior Collision Ratio": 0.5747126436781609,
            "Coverage Sparseness": 16.322580645161292,
            "Misbehavior Sparseness": 15.965116279069768,
            "Avg Sample Distance": 9.975964579380102,
            "Avg Misbehavior Distance": 9.100775193798468
        }
    ]
}