{
    "Tool": "DeepHyperion",
    "Run ID": "7",
    "Tags": [
        "Orientation",
        "Bitmaps",
        "black-box",
        "rescaled"
    ],
    "Total Samples": 456,
    "Valid Samples": 456,
    "Invalid Samples": 0,
    "Total Misbehaviors": 151,
    "MisbehaviorPerSample": 0.33114035087719296,
    "Features": {
        "orientation": {
            "meta": {
                "name": "orientation",
                "min-value": 7.0,
                "max-value": 94.0,
                "num-cells": 25
            },
            "stats": {
                "mean": 55.68421052631579,
                "stdev": 13.410224598080596,
                "median": 57.0
            }
        },
        "bitmaps": {
            "meta": {
                "name": "bitmaps",
                "min-value": 3.0,
                "max-value": 207.0,
                "num-cells": 25
            },
            "stats": {
                "mean": 99.53728070175438,
                "stdev": 34.487626901433245,
                "median": 95.5
            }
        }
    },
    "Reports": [
        {
            "Features": [
                "orientation",
                "bitmaps"
            ],
            "Total Cells": 625,
            "Filled Cells": 192,
            "Mapped Misbehaviors": 97,
            "Misbehavior Relative Density": 0.5052083333333334,
            "Misbehavior Density": 0.1552,
            "Filled Cells Density": 0.3072,
            "Collisions": 116,
            "Misbehavior Collisions": 37,
            "Collision Ratio": 1.375,
            "Misbehavior Collision Ratio": 0.5567010309278351,
            "Coverage Sparseness": 16.43979057591623,
            "Misbehavior Sparseness": 16.28125,
            "Avg Sample Distance": 10.05720986038393,
            "Avg Misbehavior Distance": 9.141752577319595
        }
    ]
}