{
    "Tool": "DeepHyperion",
    "Run ID": "17",
    "Tags": [
        "Orientation",
        "Moves",
        "black-box",
        "rescaled"
    ],
    "Total Samples": 76,
    "Valid Samples": 76,
    "Invalid Samples": 0,
    "Total Misbehaviors": 26,
    "MisbehaviorPerSample": 0.34210526315789475,
    "Features": {
        "orientation": {
            "meta": {
                "name": "orientation",
                "min-value": 7.0,
                "max-value": 94.0,
                "num-cells": 25
            },
            "stats": {
                "mean": 59.71052631578947,
                "stdev": 14.381298772571444,
                "median": 63.0
            }
        },
        "moves": {
            "meta": {
                "name": "moves",
                "min-value": 0.0,
                "max-value": 31.0,
                "num-cells": 25
            },
            "stats": {
                "mean": 9.907894736842104,
                "stdev": 7.292329543804133,
                "median": 12.0
            }
        }
    },
    "Reports": [
        {
            "Features": [
                "orientation",
                "moves"
            ],
            "Total Cells": 625,
            "Filled Cells": 61,
            "Mapped Misbehaviors": 22,
            "Misbehavior Relative Density": 0.36065573770491804,
            "Misbehavior Density": 0.0352,
            "Filled Cells Density": 0.0976,
            "Collisions": 12,
            "Misbehavior Collisions": 4,
            "Collision Ratio": 0.2459016393442623,
            "Misbehavior Collision Ratio": 0.18181818181818182,
            "Coverage Sparseness": 20.366666666666667,
            "Misbehavior Sparseness": 17.476190476190474,
            "Avg Sample Distance": 10.674316939890703,
            "Avg Misbehavior Distance": 11.359307359307357
        }
    ]
}