{
    "Tool": "DeepJanus",
    "Run ID": "2",
    "Tags": [
        "Orientation",
        "Moves",
        "black-box",
        "rescaled"
    ],
    "Total Samples": 88,
    "Valid Samples": 88,
    "Invalid Samples": 0,
    "Total Misbehaviors": 44,
    "MisbehaviorPerSample": 0.5,
    "Features": {
        "orientation": {
            "meta": {
                "name": "orientation",
                "min-value": 7.0,
                "max-value": 94.0,
                "num-cells": 25
            },
            "stats": {
                "mean": 52.30681818181818,
                "stdev": 12.129907898320358,
                "median": 51.0
            }
        },
        "moves": {
            "meta": {
                "name": "moves",
                "min-value": 0.0,
                "max-value": 31.0,
                "num-cells": 25
            },
            "stats": {
                "mean": 0.8181818181818182,
                "stdev": 3.2396447036122087,
                "median": 0.0
            }
        }
    },
    "Reports": [
        {
            "Features": [
                "orientation",
                "moves"
            ],
            "Total Cells": 625,
            "Filled Cells": 16,
            "Mapped Misbehaviors": 16,
            "Misbehavior Relative Density": 1.0,
            "Misbehavior Density": 0.0256,
            "Filled Cells Density": 0.0256,
            "Collisions": 16,
            "Misbehavior Collisions": 11,
            "Collision Ratio": 4.5,
            "Misbehavior Collision Ratio": 1.75,
            "Coverage Sparseness": 14.666666666666666,
            "Misbehavior Sparseness": 14.666666666666666,
            "Avg Sample Distance": 7.483333333333338,
            "Avg Misbehavior Distance": 7.483333333333338
        }
    ]
}