{
    "Tool": "DeepJanus",
    "Run ID": "27",
    "Tags": [
        "Moves",
        "Bitmaps",
        "black-box",
        "rescaled"
    ],
    "Total Samples": 94,
    "Valid Samples": 94,
    "Invalid Samples": 0,
    "Total Misbehaviors": 47,
    "MisbehaviorPerSample": 0.5,
    "Features": {
        "moves": {
            "meta": {
                "name": "moves",
                "min-value": 0.0,
                "max-value": 31.0,
                "num-cells": 25
            },
            "stats": {
                "mean": 1.3191489361702127,
                "stdev": 4.080408913615238,
                "median": 0.0
            }
        },
        "bitmaps": {
            "meta": {
                "name": "bitmaps",
                "min-value": 3.0,
                "max-value": 207.0,
                "num-cells": 25
            },
            "stats": {
                "mean": 94.3936170212766,
                "stdev": 28.71634283672394,
                "median": 84.5
            }
        }
    },
    "Reports": [
        {
            "Features": [
                "moves",
                "bitmaps"
            ],
            "Total Cells": 625,
            "Filled Cells": 19,
            "Mapped Misbehaviors": 18,
            "Misbehavior Relative Density": 0.9473684210526315,
            "Misbehavior Density": 0.0288,
            "Filled Cells Density": 0.0304,
            "Collisions": 15,
            "Misbehavior Collisions": 9,
            "Collision Ratio": 3.9473684210526314,
            "Misbehavior Collision Ratio": 1.6111111111111112,
            "Coverage Sparseness": 15.777777777777779,
            "Misbehavior Sparseness": 16.647058823529413,
            "Avg Sample Distance": 9.742690058479528,
            "Avg Misbehavior Distance": 9.169934640522877
        }
    ]
}