{
    "Tool": "DeepJanus",
    "Run ID": "6",
    "Tags": [
        "Moves",
        "Bitmaps",
        "black-box",
        "rescaled"
    ],
    "Total Samples": 68,
    "Valid Samples": 68,
    "Invalid Samples": 0,
    "Total Misbehaviors": 34,
    "MisbehaviorPerSample": 0.5,
    "Features": {
        "moves": {
            "meta": {
                "name": "moves",
                "min-value": 0.0,
                "max-value": 31.0,
                "num-cells": 25
            },
            "stats": {
                "mean": 0.8823529411764706,
                "stdev": 3.5556531056757583,
                "median": 0.0
            }
        },
        "bitmaps": {
            "meta": {
                "name": "bitmaps",
                "min-value": 3.0,
                "max-value": 207.0,
                "num-cells": 25
            },
            "stats": {
                "mean": 96.01470588235294,
                "stdev": 27.033695197505033,
                "median": 93.0
            }
        }
    },
    "Reports": [
        {
            "Features": [
                "moves",
                "bitmaps"
            ],
            "Total Cells": 625,
            "Filled Cells": 15,
            "Mapped Misbehaviors": 13,
            "Misbehavior Relative Density": 0.8666666666666667,
            "Misbehavior Density": 0.0208,
            "Filled Cells Density": 0.024,
            "Collisions": 13,
            "Misbehavior Collisions": 8,
            "Collision Ratio": 3.533333333333333,
            "Misbehavior Collision Ratio": 1.6153846153846154,
            "Coverage Sparseness": 14.714285714285714,
            "Misbehavior Sparseness": 14.25,
            "Avg Sample Distance": 7.6571428571428575,
            "Avg Misbehavior Distance": 7.666666666666667
        }
    ]
}