{
    "Tool": "DeepHyperion",
    "Run ID": "9",
    "Tags": [
        "Moves",
        "Bitmaps",
        "black-box",
        "rescaled"
    ],
    "Total Samples": 94,
    "Valid Samples": 94,
    "Invalid Samples": 0,
    "Total Misbehaviors": 33,
    "MisbehaviorPerSample": 0.35106382978723405,
    "Features": {
        "moves": {
            "meta": {
                "name": "moves",
                "min-value": 0.0,
                "max-value": 31.0,
                "num-cells": 25
            },
            "stats": {
                "mean": 9.22340425531915,
                "stdev": 7.550766186743132,
                "median": 11.0
            }
        },
        "bitmaps": {
            "meta": {
                "name": "bitmaps",
                "min-value": 3.0,
                "max-value": 207.0,
                "num-cells": 25
            },
            "stats": {
                "mean": 90.54255319148936,
                "stdev": 40.10997379346182,
                "median": 83.5
            }
        }
    },
    "Reports": [
        {
            "Features": [
                "moves",
                "bitmaps"
            ],
            "Total Cells": 625,
            "Filled Cells": 73,
            "Mapped Misbehaviors": 25,
            "Misbehavior Relative Density": 0.3424657534246575,
            "Misbehavior Density": 0.04,
            "Filled Cells Density": 0.1168,
            "Collisions": 18,
            "Misbehavior Collisions": 7,
            "Collision Ratio": 0.2876712328767123,
            "Misbehavior Collision Ratio": 0.32,
            "Coverage Sparseness": 20.666666666666668,
            "Misbehavior Sparseness": 19.708333333333332,
            "Avg Sample Distance": 11.778538812785392,
            "Avg Misbehavior Distance": 11.86666666666668
        }
    ]
}