{
    "Tool": "DeepJanus",
    "Run ID": "21",
    "Tags": [
        "Orientation",
        "Bitmaps",
        "black-box",
        "rescaled"
    ],
    "Total Samples": 86,
    "Valid Samples": 86,
    "Invalid Samples": 0,
    "Total Misbehaviors": 43,
    "MisbehaviorPerSample": 0.5,
    "Features": {
        "orientation": {
            "meta": {
                "name": "orientation",
                "min-value": 7.0,
                "max-value": 94.0,
                "num-cells": 25
            },
            "stats": {
                "mean": 54.116279069767444,
                "stdev": 12.95096508295916,
                "median": 53.0
            }
        },
        "bitmaps": {
            "meta": {
                "name": "bitmaps",
                "min-value": 3.0,
                "max-value": 207.0,
                "num-cells": 25
            },
            "stats": {
                "mean": 99.73255813953489,
                "stdev": 28.859262726958892,
                "median": 94.5
            }
        }
    },
    "Reports": [
        {
            "Features": [
                "orientation",
                "bitmaps"
            ],
            "Total Cells": 625,
            "Filled Cells": 46,
            "Mapped Misbehaviors": 36,
            "Misbehavior Relative Density": 0.782608695652174,
            "Misbehavior Density": 0.0576,
            "Filled Cells Density": 0.0736,
            "Collisions": 28,
            "Misbehavior Collisions": 6,
            "Collision Ratio": 0.8695652173913043,
            "Misbehavior Collision Ratio": 0.19444444444444445,
            "Coverage Sparseness": 14.622222222222222,
            "Misbehavior Sparseness": 14.428571428571429,
            "Avg Sample Distance": 8.244444444444449,
            "Avg Misbehavior Distance": 8.460317460317455
        }
    ]
}