{
    "Tool": "DeepHyperion",
    "Run ID": "30",
    "Tags": [
        "Orientation",
        "Bitmaps",
        "black-box",
        "rescaled"
    ],
    "Total Samples": 444,
    "Valid Samples": 444,
    "Invalid Samples": 0,
    "Total Misbehaviors": 139,
    "MisbehaviorPerSample": 0.3130630630630631,
    "Features": {
        "orientation": {
            "meta": {
                "name": "orientation",
                "min-value": 7.0,
                "max-value": 94.0,
                "num-cells": 25
            },
            "stats": {
                "mean": 55.740990990990994,
                "stdev": 13.41247136736946,
                "median": 58.0
            }
        },
        "bitmaps": {
            "meta": {
                "name": "bitmaps",
                "min-value": 3.0,
                "max-value": 207.0,
                "num-cells": 25
            },
            "stats": {
                "mean": 100.46396396396396,
                "stdev": 34.6840112988967,
                "median": 97.5
            }
        }
    },
    "Reports": [
        {
            "Features": [
                "orientation",
                "bitmaps"
            ],
            "Total Cells": 625,
            "Filled Cells": 187,
            "Mapped Misbehaviors": 95,
            "Misbehavior Relative Density": 0.5080213903743316,
            "Misbehavior Density": 0.152,
            "Filled Cells Density": 0.2992,
            "Collisions": 121,
            "Misbehavior Collisions": 31,
            "Collision Ratio": 1.374331550802139,
            "Misbehavior Collision Ratio": 0.4631578947368421,
            "Coverage Sparseness": 16.161290322580644,
            "Misbehavior Sparseness": 15.946808510638299,
            "Avg Sample Distance": 9.94295900178257,
            "Avg Misbehavior Distance": 8.77357222844348
        }
    ]
}