{
    "Tool": "DeepJanus",
    "Run ID": "22",
    "Tags": [
        "Orientation",
        "Moves",
        "black-box",
        "rescaled"
    ],
    "Total Samples": 88,
    "Valid Samples": 88,
    "Invalid Samples": 0,
    "Total Misbehaviors": 44,
    "MisbehaviorPerSample": 0.5,
    "Features": {
        "orientation": {
            "meta": {
                "name": "orientation",
                "min-value": 7.0,
                "max-value": 94.0,
                "num-cells": 25
            },
            "stats": {
                "mean": 53.375,
                "stdev": 12.66392514191394,
                "median": 53.0
            }
        },
        "moves": {
            "meta": {
                "name": "moves",
                "min-value": 0.0,
                "max-value": 31.0,
                "num-cells": 25
            },
            "stats": {
                "mean": 0.8181818181818182,
                "stdev": 3.2396447036122087,
                "median": 0.0
            }
        }
    },
    "Reports": [
        {
            "Features": [
                "orientation",
                "moves"
            ],
            "Total Cells": 625,
            "Filled Cells": 17,
            "Mapped Misbehaviors": 17,
            "Misbehavior Relative Density": 1.0,
            "Misbehavior Density": 0.0272,
            "Filled Cells Density": 0.0272,
            "Collisions": 16,
            "Misbehavior Collisions": 10,
            "Collision Ratio": 4.176470588235294,
            "Misbehavior Collision Ratio": 1.588235294117647,
            "Coverage Sparseness": 12.875,
            "Misbehavior Sparseness": 12.875,
            "Avg Sample Distance": 7.441176470588241,
            "Avg Misbehavior Distance": 7.441176470588241
        }
    ]
}