{
    "Tool": "DeepHyperion",
    "Run ID": "27",
    "Tags": [
        "Orientation",
        "Bitmaps",
        "black-box",
        "rescaled"
    ],
    "Total Samples": 447,
    "Valid Samples": 447,
    "Invalid Samples": 0,
    "Total Misbehaviors": 148,
    "MisbehaviorPerSample": 0.33109619686800895,
    "Features": {
        "orientation": {
            "meta": {
                "name": "orientation",
                "min-value": 7.0,
                "max-value": 94.0,
                "num-cells": 25
            },
            "stats": {
                "mean": 55.029082774049215,
                "stdev": 13.603005300031485,
                "median": 57
            }
        },
        "bitmaps": {
            "meta": {
                "name": "bitmaps",
                "min-value": 3.0,
                "max-value": 207.0,
                "num-cells": 25
            },
            "stats": {
                "mean": 99.53467561521252,
                "stdev": 34.01210588121906,
                "median": 95
            }
        }
    },
    "Reports": [
        {
            "Features": [
                "orientation",
                "bitmaps"
            ],
            "Total Cells": 625,
            "Filled Cells": 187,
            "Mapped Misbehaviors": 101,
            "Misbehavior Relative Density": 0.5401069518716578,
            "Misbehavior Density": 0.1616,
            "Filled Cells Density": 0.2992,
            "Collisions": 118,
            "Misbehavior Collisions": 34,
            "Collision Ratio": 1.3903743315508021,
            "Misbehavior Collision Ratio": 0.46534653465346537,
            "Coverage Sparseness": 17.333333333333332,
            "Misbehavior Sparseness": 17.02,
            "Avg Sample Distance": 10.043585762750887,
            "Avg Misbehavior Distance": 9.248316831683193
        }
    ]
}