{
    "Tool": "DeepHyperion",
    "Run ID": "16",
    "Tags": [
        "Orientation",
        "Bitmaps",
        "black-box",
        "rescaled"
    ],
    "Total Samples": 443,
    "Valid Samples": 443,
    "Invalid Samples": 0,
    "Total Misbehaviors": 146,
    "MisbehaviorPerSample": 0.3295711060948081,
    "Features": {
        "orientation": {
            "meta": {
                "name": "orientation",
                "min-value": 7.0,
                "max-value": 94.0,
                "num-cells": 25
            },
            "stats": {
                "mean": 55.690744920993225,
                "stdev": 13.639561176293258,
                "median": 58
            }
        },
        "bitmaps": {
            "meta": {
                "name": "bitmaps",
                "min-value": 3.0,
                "max-value": 207.0,
                "num-cells": 25
            },
            "stats": {
                "mean": 99.30699774266365,
                "stdev": 34.4707315125645,
                "median": 96
            }
        }
    },
    "Reports": [
        {
            "Features": [
                "orientation",
                "bitmaps"
            ],
            "Total Cells": 625,
            "Filled Cells": 191,
            "Mapped Misbehaviors": 93,
            "Misbehavior Relative Density": 0.4869109947643979,
            "Misbehavior Density": 0.1488,
            "Filled Cells Density": 0.3056,
            "Collisions": 118,
            "Misbehavior Collisions": 34,
            "Collision Ratio": 1.3193717277486912,
            "Misbehavior Collision Ratio": 0.5698924731182796,
            "Coverage Sparseness": 16.621052631578948,
            "Misbehavior Sparseness": 16.22826086956522,
            "Avg Sample Distance": 10.130173601543065,
            "Avg Misbehavior Distance": 9.43291257597008
        }
    ]
}