{
    "Tool": "DeepJanus",
    "Run ID": "22",
    "Tags": [
        "Moves",
        "Bitmaps",
        "black-box",
        "rescaled"
    ],
    "Total Samples": 88,
    "Valid Samples": 88,
    "Invalid Samples": 0,
    "Total Misbehaviors": 44,
    "MisbehaviorPerSample": 0.5,
    "Features": {
        "moves": {
            "meta": {
                "name": "moves",
                "min-value": 0.0,
                "max-value": 31.0,
                "num-cells": 25
            },
            "stats": {
                "mean": 0.8181818181818182,
                "stdev": 3.2396447036122087,
                "median": 0.0
            }
        },
        "bitmaps": {
            "meta": {
                "name": "bitmaps",
                "min-value": 3.0,
                "max-value": 207.0,
                "num-cells": 25
            },
            "stats": {
                "mean": 98.70454545454545,
                "stdev": 29.979747604969596,
                "median": 93.5
            }
        }
    },
    "Reports": [
        {
            "Features": [
                "moves",
                "bitmaps"
            ],
            "Total Cells": 625,
            "Filled Cells": 16,
            "Mapped Misbehaviors": 16,
            "Misbehavior Relative Density": 1.0,
            "Misbehavior Density": 0.0256,
            "Filled Cells Density": 0.0256,
            "Collisions": 15,
            "Misbehavior Collisions": 10,
            "Collision Ratio": 4.5,
            "Misbehavior Collision Ratio": 1.75,
            "Coverage Sparseness": 14.4,
            "Misbehavior Sparseness": 14.4,
            "Avg Sample Distance": 7.716666666666667,
            "Avg Misbehavior Distance": 7.716666666666667
        }
    ]
}