{
    "Tool": "DeepHyperion",
    "Run ID": "20",
    "Tags": [
        "Orientation",
        "Moves",
        "black-box",
        "rescaled"
    ],
    "Total Samples": 81,
    "Valid Samples": 81,
    "Invalid Samples": 0,
    "Total Misbehaviors": 27,
    "MisbehaviorPerSample": 0.3333333333333333,
    "Features": {
        "orientation": {
            "meta": {
                "name": "orientation",
                "min-value": 7.0,
                "max-value": 94.0,
                "num-cells": 25
            },
            "stats": {
                "mean": 60.48148148148148,
                "stdev": 13.133079523774224,
                "median": 63
            }
        },
        "moves": {
            "meta": {
                "name": "moves",
                "min-value": 0.0,
                "max-value": 31.0,
                "num-cells": 25
            },
            "stats": {
                "mean": 9.901234567901234,
                "stdev": 7.415532580792166,
                "median": 12
            }
        }
    },
    "Reports": [
        {
            "Features": [
                "orientation",
                "moves"
            ],
            "Total Cells": 625,
            "Filled Cells": 61,
            "Mapped Misbehaviors": 21,
            "Misbehavior Relative Density": 0.3442622950819672,
            "Misbehavior Density": 0.0336,
            "Filled Cells Density": 0.0976,
            "Collisions": 12,
            "Misbehavior Collisions": 4,
            "Collision Ratio": 0.32786885245901637,
            "Misbehavior Collision Ratio": 0.2857142857142857,
            "Coverage Sparseness": 19.616666666666667,
            "Misbehavior Sparseness": 17.65,
            "Avg Sample Distance": 10.90601092896175,
            "Avg Misbehavior Distance": 11.257142857142858
        }
    ]
}