{
    "Tool": "DeepHyperion",
    "Run ID": "27",
    "Tags": [
        "Orientation",
        "Moves",
        "black-box",
        "rescaled"
    ],
    "Total Samples": 78,
    "Valid Samples": 78,
    "Invalid Samples": 0,
    "Total Misbehaviors": 23,
    "MisbehaviorPerSample": 0.2948717948717949,
    "Features": {
        "orientation": {
            "meta": {
                "name": "orientation",
                "min-value": 7.0,
                "max-value": 94.0,
                "num-cells": 25
            },
            "stats": {
                "mean": 60.333333333333336,
                "stdev": 13.379249941769121,
                "median": 63.0
            }
        },
        "moves": {
            "meta": {
                "name": "moves",
                "min-value": 0.0,
                "max-value": 31.0,
                "num-cells": 25
            },
            "stats": {
                "mean": 10.602564102564102,
                "stdev": 7.4211696904032305,
                "median": 13.0
            }
        }
    },
    "Reports": [
        {
            "Features": [
                "orientation",
                "moves"
            ],
            "Total Cells": 625,
            "Filled Cells": 66,
            "Mapped Misbehaviors": 21,
            "Misbehavior Relative Density": 0.3181818181818182,
            "Misbehavior Density": 0.0336,
            "Filled Cells Density": 0.1056,
            "Collisions": 10,
            "Misbehavior Collisions": 2,
            "Collision Ratio": 0.18181818181818182,
            "Misbehavior Collision Ratio": 0.09523809523809523,
            "Coverage Sparseness": 19.584615384615386,
            "Misbehavior Sparseness": 16.2,
            "Avg Sample Distance": 10.627039627039624,
            "Avg Misbehavior Distance": 10.895238095238104
        }
    ]
}