{
    "Tool": "DeepHyperion",
    "Run ID": "18",
    "Tags": [
        "Orientation",
        "Bitmaps",
        "black-box",
        "rescaled"
    ],
    "Total Samples": 716,
    "Valid Samples": 716,
    "Invalid Samples": 0,
    "Total Misbehaviors": 140,
    "MisbehaviorPerSample": 0.19553072625698323,
    "Features": {
        "orientation": {
            "meta": {
                "name": "orientation",
                "min-value": 7.0,
                "max-value": 94.0,
                "num-cells": 25
            },
            "stats": {
                "mean": 57.115921787709496,
                "stdev": 12.039061047165214,
                "median": 60.0
            }
        },
        "bitmaps": {
            "meta": {
                "name": "bitmaps",
                "min-value": 3.0,
                "max-value": 207.0,
                "num-cells": 25
            },
            "stats": {
                "mean": 100.55446927374301,
                "stdev": 30.10603349371897,
                "median": 97.0
            }
        }
    },
    "Reports": [
        {
            "Features": [
                "orientation",
                "bitmaps"
            ],
            "Total Cells": 625,
            "Filled Cells": 194,
            "Mapped Misbehaviors": 88,
            "Misbehavior Relative Density": 0.4536082474226804,
            "Misbehavior Density": 0.1408,
            "Filled Cells Density": 0.3104,
            "Collisions": 139,
            "Misbehavior Collisions": 29,
            "Collision Ratio": 2.6907216494845363,
            "Misbehavior Collision Ratio": 0.5909090909090909,
            "Coverage Sparseness": 16.979274611398964,
            "Misbehavior Sparseness": 16.25287356321839,
            "Avg Sample Distance": 9.81694353934082,
            "Avg Misbehavior Distance": 8.39420062695926
        }
    ]
}