{
    "Tool": "DeepJanus",
    "Run ID": "23",
    "Tags": [
        "Moves",
        "Bitmaps",
        "black-box",
        "rescaled"
    ],
    "Total Samples": 84,
    "Valid Samples": 84,
    "Invalid Samples": 0,
    "Total Misbehaviors": 42,
    "MisbehaviorPerSample": 0.5,
    "Features": {
        "moves": {
            "meta": {
                "name": "moves",
                "min-value": 0.0,
                "max-value": 31.0,
                "num-cells": 25
            },
            "stats": {
                "mean": 0.5,
                "stdev": 2.4568566458613845,
                "median": 0.0
            }
        },
        "bitmaps": {
            "meta": {
                "name": "bitmaps",
                "min-value": 3.0,
                "max-value": 207.0,
                "num-cells": 25
            },
            "stats": {
                "mean": 96.26190476190476,
                "stdev": 27.065791794898523,
                "median": 90.0
            }
        }
    },
    "Reports": [
        {
            "Features": [
                "moves",
                "bitmaps"
            ],
            "Total Cells": 625,
            "Filled Cells": 15,
            "Mapped Misbehaviors": 15,
            "Misbehavior Relative Density": 1.0,
            "Misbehavior Density": 0.024,
            "Filled Cells Density": 0.024,
            "Collisions": 14,
            "Misbehavior Collisions": 10,
            "Collision Ratio": 4.6,
            "Misbehavior Collision Ratio": 1.8,
            "Coverage Sparseness": 14.571428571428571,
            "Misbehavior Sparseness": 14.571428571428571,
            "Avg Sample Distance": 7.1047619047619035,
            "Avg Misbehavior Distance": 7.1047619047619035
        }
    ]
}