{
    "Tool": "DeepHyperion",
    "Run ID": "13",
    "Tags": [
        "Orientation",
        "Bitmaps",
        "black-box",
        "rescaled"
    ],
    "Total Samples": 440,
    "Valid Samples": 440,
    "Invalid Samples": 0,
    "Total Misbehaviors": 144,
    "MisbehaviorPerSample": 0.32727272727272727,
    "Features": {
        "orientation": {
            "meta": {
                "name": "orientation",
                "min-value": 7.0,
                "max-value": 94.0,
                "num-cells": 25
            },
            "stats": {
                "mean": 55.24090909090909,
                "stdev": 13.519787543009603,
                "median": 57.0
            }
        },
        "bitmaps": {
            "meta": {
                "name": "bitmaps",
                "min-value": 3.0,
                "max-value": 207.0,
                "num-cells": 25
            },
            "stats": {
                "mean": 99.26136363636364,
                "stdev": 34.644992379813104,
                "median": 95.5
            }
        }
    },
    "Reports": [
        {
            "Features": [
                "orientation",
                "bitmaps"
            ],
            "Total Cells": 625,
            "Filled Cells": 191,
            "Mapped Misbehaviors": 100,
            "Misbehavior Relative Density": 0.5235602094240838,
            "Misbehavior Density": 0.16,
            "Filled Cells Density": 0.3056,
            "Collisions": 121,
            "Misbehavior Collisions": 32,
            "Collision Ratio": 1.3036649214659686,
            "Misbehavior Collision Ratio": 0.44,
            "Coverage Sparseness": 16.957894736842107,
            "Misbehavior Sparseness": 16.171717171717173,
            "Avg Sample Distance": 9.985891430146069,
            "Avg Misbehavior Distance": 9.080808080808087
        }
    ]
}