{
    "Tool": "DeepJanus",
    "Run ID": "17",
    "Tags": [
        "Moves",
        "Bitmaps",
        "black-box",
        "rescaled"
    ],
    "Total Samples": 92,
    "Valid Samples": 92,
    "Invalid Samples": 0,
    "Total Misbehaviors": 46,
    "MisbehaviorPerSample": 0.5,
    "Features": {
        "moves": {
            "meta": {
                "name": "moves",
                "min-value": 0.0,
                "max-value": 31.0,
                "num-cells": 25
            },
            "stats": {
                "mean": 1.391304347826087,
                "stdev": 4.542731234751808,
                "median": 0.0
            }
        },
        "bitmaps": {
            "meta": {
                "name": "bitmaps",
                "min-value": 3.0,
                "max-value": 207.0,
                "num-cells": 25
            },
            "stats": {
                "mean": 95.1195652173913,
                "stdev": 27.72345473901169,
                "median": 85.0
            }
        }
    },
    "Reports": [
        {
            "Features": [
                "moves",
                "bitmaps"
            ],
            "Total Cells": 625,
            "Filled Cells": 18,
            "Mapped Misbehaviors": 17,
            "Misbehavior Relative Density": 0.9444444444444444,
            "Misbehavior Density": 0.0272,
            "Filled Cells Density": 0.0288,
            "Collisions": 16,
            "Misbehavior Collisions": 11,
            "Collision Ratio": 4.111111111111111,
            "Misbehavior Collision Ratio": 1.7058823529411764,
            "Coverage Sparseness": 15.470588235294118,
            "Misbehavior Sparseness": 16.375,
            "Avg Sample Distance": 10.039215686274513,
            "Avg Misbehavior Distance": 9.500000000000004
        }
    ]
}