{
    "Tool": "DeepJanus",
    "Run ID": "29",
    "Tags": [
        "Moves",
        "Bitmaps",
        "black-box",
        "rescaled"
    ],
    "Total Samples": 82,
    "Valid Samples": 82,
    "Invalid Samples": 0,
    "Total Misbehaviors": 41,
    "MisbehaviorPerSample": 0.5,
    "Features": {
        "moves": {
            "meta": {
                "name": "moves",
                "min-value": 0.0,
                "max-value": 31.0,
                "num-cells": 25
            },
            "stats": {
                "mean": 1.3048780487804879,
                "stdev": 4.218387218556997,
                "median": 0.0
            }
        },
        "bitmaps": {
            "meta": {
                "name": "bitmaps",
                "min-value": 3.0,
                "max-value": 207.0,
                "num-cells": 25
            },
            "stats": {
                "mean": 94,
                "stdev": 29.744176730626048,
                "median": 84.5
            }
        }
    },
    "Reports": [
        {
            "Features": [
                "moves",
                "bitmaps"
            ],
            "Total Cells": 625,
            "Filled Cells": 20,
            "Mapped Misbehaviors": 16,
            "Misbehavior Relative Density": 0.8,
            "Misbehavior Density": 0.0256,
            "Filled Cells Density": 0.032,
            "Collisions": 12,
            "Misbehavior Collisions": 9,
            "Collision Ratio": 3.1,
            "Misbehavior Collision Ratio": 1.5625,
            "Coverage Sparseness": 15.157894736842104,
            "Misbehavior Sparseness": 16.533333333333335,
            "Avg Sample Distance": 9.784210526315789,
            "Avg Misbehavior Distance": 8.816666666666666
        }
    ]
}