{
    "Tool": "DeepJanus",
    "Run ID": "28",
    "Tags": [
        "Moves",
        "Bitmaps",
        "black-box",
        "rescaled"
    ],
    "Total Samples": 104,
    "Valid Samples": 104,
    "Invalid Samples": 0,
    "Total Misbehaviors": 52,
    "MisbehaviorPerSample": 0.5,
    "Features": {
        "moves": {
            "meta": {
                "name": "moves",
                "min-value": 0.0,
                "max-value": 31.0,
                "num-cells": 25
            },
            "stats": {
                "mean": 1.3461538461538463,
                "stdev": 4.3394090035825625,
                "median": 0.0
            }
        },
        "bitmaps": {
            "meta": {
                "name": "bitmaps",
                "min-value": 3.0,
                "max-value": 207.0,
                "num-cells": 25
            },
            "stats": {
                "mean": 95.5,
                "stdev": 27.20222720750166,
                "median": 86.0
            }
        }
    },
    "Reports": [
        {
            "Features": [
                "moves",
                "bitmaps"
            ],
            "Total Cells": 625,
            "Filled Cells": 20,
            "Mapped Misbehaviors": 19,
            "Misbehavior Relative Density": 0.95,
            "Misbehavior Density": 0.0304,
            "Filled Cells Density": 0.032,
            "Collisions": 15,
            "Misbehavior Collisions": 9,
            "Collision Ratio": 4.2,
            "Misbehavior Collision Ratio": 1.736842105263158,
            "Coverage Sparseness": 16.105263157894736,
            "Misbehavior Sparseness": 16.944444444444443,
            "Avg Sample Distance": 10.163157894736834,
            "Avg Misbehavior Distance": 9.625730994152047
        }
    ]
}