{
    "Tool": "DeepJanus",
    "Run ID": "13",
    "Tags": [
        "Moves",
        "Bitmaps",
        "black-box",
        "rescaled"
    ],
    "Total Samples": 90,
    "Valid Samples": 90,
    "Invalid Samples": 0,
    "Total Misbehaviors": 45,
    "MisbehaviorPerSample": 0.5,
    "Features": {
        "moves": {
            "meta": {
                "name": "moves",
                "min-value": 0.0,
                "max-value": 31.0,
                "num-cells": 25
            },
            "stats": {
                "mean": 0.8,
                "stdev": 3.2053326353704366,
                "median": 0.0
            }
        },
        "bitmaps": {
            "meta": {
                "name": "bitmaps",
                "min-value": 3.0,
                "max-value": 207.0,
                "num-cells": 25
            },
            "stats": {
                "mean": 99.52222222222223,
                "stdev": 29.547990968712934,
                "median": 93.0
            }
        }
    },
    "Reports": [
        {
            "Features": [
                "moves",
                "bitmaps"
            ],
            "Total Cells": 625,
            "Filled Cells": 16,
            "Mapped Misbehaviors": 14,
            "Misbehavior Relative Density": 0.875,
            "Misbehavior Density": 0.0224,
            "Filled Cells Density": 0.0256,
            "Collisions": 13,
            "Misbehavior Collisions": 10,
            "Collision Ratio": 4.625,
            "Misbehavior Collision Ratio": 2.2142857142857144,
            "Coverage Sparseness": 14.266666666666667,
            "Misbehavior Sparseness": 14.0,
            "Avg Sample Distance": 8.216666666666663,
            "Avg Misbehavior Distance": 7.824175824175822
        }
    ]
}