{
    "Tool": "DeepJanus",
    "Run ID": "11",
    "Tags": [
        "Orientation",
        "Moves",
        "black-box",
        "rescaled"
    ],
    "Total Samples": 82,
    "Valid Samples": 82,
    "Invalid Samples": 0,
    "Total Misbehaviors": 41,
    "MisbehaviorPerSample": 0.5,
    "Features": {
        "orientation": {
            "meta": {
                "name": "orientation",
                "min-value": 7.0,
                "max-value": 94.0,
                "num-cells": 25
            },
            "stats": {
                "mean": 52.91463414634146,
                "stdev": 12.304973620062116,
                "median": 53.0
            }
        },
        "moves": {
            "meta": {
                "name": "moves",
                "min-value": 0.0,
                "max-value": 31.0,
                "num-cells": 25
            },
            "stats": {
                "mean": 0.7317073170731707,
                "stdev": 3.2510161013223096,
                "median": 0.0
            }
        }
    },
    "Reports": [
        {
            "Features": [
                "orientation",
                "moves"
            ],
            "Total Cells": 625,
            "Filled Cells": 14,
            "Mapped Misbehaviors": 14,
            "Misbehavior Relative Density": 1.0,
            "Misbehavior Density": 0.0224,
            "Filled Cells Density": 0.0224,
            "Collisions": 14,
            "Misbehavior Collisions": 11,
            "Collision Ratio": 4.857142857142857,
            "Misbehavior Collision Ratio": 1.9285714285714286,
            "Coverage Sparseness": 14.692307692307692,
            "Misbehavior Sparseness": 14.692307692307692,
            "Avg Sample Distance": 7.241758241758243,
            "Avg Misbehavior Distance": 7.241758241758243
        }
    ]
}