{
    "Tool": "DeepHyperion",
    "Run ID": "2",
    "Tags": [
        "Orientation",
        "Moves",
        "black-box",
        "rescaled"
    ],
    "Total Samples": 75,
    "Valid Samples": 75,
    "Invalid Samples": 0,
    "Total Misbehaviors": 25,
    "MisbehaviorPerSample": 0.3333333333333333,
    "Features": {
        "orientation": {
            "meta": {
                "name": "orientation",
                "min-value": 7.0,
                "max-value": 94.0,
                "num-cells": 25
            },
            "stats": {
                "mean": 59.81333333333333,
                "stdev": 13.445277813994604,
                "median": 63
            }
        },
        "moves": {
            "meta": {
                "name": "moves",
                "min-value": 0.0,
                "max-value": 31.0,
                "num-cells": 25
            },
            "stats": {
                "mean": 10.066666666666666,
                "stdev": 7.425910324272987,
                "median": 12
            }
        }
    },
    "Reports": [
        {
            "Features": [
                "orientation",
                "moves"
            ],
            "Total Cells": 625,
            "Filled Cells": 56,
            "Mapped Misbehaviors": 20,
            "Misbehavior Relative Density": 0.35714285714285715,
            "Misbehavior Density": 0.032,
            "Filled Cells Density": 0.0896,
            "Collisions": 14,
            "Misbehavior Collisions": 3,
            "Collision Ratio": 0.3392857142857143,
            "Misbehavior Collision Ratio": 0.25,
            "Coverage Sparseness": 18.763636363636362,
            "Misbehavior Sparseness": 16.210526315789473,
            "Avg Sample Distance": 10.318181818181833,
            "Avg Misbehavior Distance": 11.078947368421051
        }
    ]
}