{
    "Tool": "DeepJanus",
    "Run ID": "14",
    "Tags": [
        "Moves",
        "Bitmaps",
        "black-box",
        "rescaled"
    ],
    "Total Samples": 86,
    "Valid Samples": 86,
    "Invalid Samples": 0,
    "Total Misbehaviors": 43,
    "MisbehaviorPerSample": 0.5,
    "Features": {
        "moves": {
            "meta": {
                "name": "moves",
                "min-value": 0.0,
                "max-value": 31.0,
                "num-cells": 25
            },
            "stats": {
                "mean": 1.4883720930232558,
                "stdev": 4.684754211762215,
                "median": 0.0
            }
        },
        "bitmaps": {
            "meta": {
                "name": "bitmaps",
                "min-value": 3.0,
                "max-value": 207.0,
                "num-cells": 25
            },
            "stats": {
                "mean": 99.13953488372093,
                "stdev": 28.350396943251877,
                "median": 95.5
            }
        }
    },
    "Reports": [
        {
            "Features": [
                "moves",
                "bitmaps"
            ],
            "Total Cells": 625,
            "Filled Cells": 18,
            "Mapped Misbehaviors": 16,
            "Misbehavior Relative Density": 0.8888888888888888,
            "Misbehavior Density": 0.0256,
            "Filled Cells Density": 0.0288,
            "Collisions": 13,
            "Misbehavior Collisions": 11,
            "Collision Ratio": 3.7777777777777777,
            "Misbehavior Collision Ratio": 1.6875,
            "Coverage Sparseness": 15.176470588235293,
            "Misbehavior Sparseness": 16.933333333333334,
            "Avg Sample Distance": 10.477124183006534,
            "Avg Misbehavior Distance": 9.591666666666667
        }
    ]
}