{
    "Tool": "DeepHyperion",
    "Run ID": "27",
    "Tags": [
        "Moves",
        "Bitmaps",
        "black-box",
        "rescaled"
    ],
    "Total Samples": 91,
    "Valid Samples": 91,
    "Invalid Samples": 0,
    "Total Misbehaviors": 30,
    "MisbehaviorPerSample": 0.32967032967032966,
    "Features": {
        "moves": {
            "meta": {
                "name": "moves",
                "min-value": 0.0,
                "max-value": 31.0,
                "num-cells": 25
            },
            "stats": {
                "mean": 9.307692307692308,
                "stdev": 7.354049991810722,
                "median": 11
            }
        },
        "bitmaps": {
            "meta": {
                "name": "bitmaps",
                "min-value": 3.0,
                "max-value": 207.0,
                "num-cells": 25
            },
            "stats": {
                "mean": 88.5934065934066,
                "stdev": 38.82867726650212,
                "median": 86
            }
        }
    },
    "Reports": [
        {
            "Features": [
                "moves",
                "bitmaps"
            ],
            "Total Cells": 625,
            "Filled Cells": 73,
            "Mapped Misbehaviors": 24,
            "Misbehavior Relative Density": 0.3287671232876712,
            "Misbehavior Density": 0.0384,
            "Filled Cells Density": 0.1168,
            "Collisions": 15,
            "Misbehavior Collisions": 5,
            "Collision Ratio": 0.2465753424657534,
            "Misbehavior Collision Ratio": 0.25,
            "Coverage Sparseness": 17.708333333333332,
            "Misbehavior Sparseness": 20.347826086956523,
            "Avg Sample Distance": 11.473363774733658,
            "Avg Misbehavior Distance": 12.01449275362319
        }
    ]
}