{
    "Tool": "DeepHyperion",
    "Run ID": "28",
    "Tags": [
        "Orientation",
        "Bitmaps",
        "black-box",
        "rescaled"
    ],
    "Total Samples": 442,
    "Valid Samples": 442,
    "Invalid Samples": 0,
    "Total Misbehaviors": 149,
    "MisbehaviorPerSample": 0.33710407239819007,
    "Features": {
        "orientation": {
            "meta": {
                "name": "orientation",
                "min-value": 7.0,
                "max-value": 94.0,
                "num-cells": 25
            },
            "stats": {
                "mean": 55.328054298642535,
                "stdev": 13.019210655499936,
                "median": 57.0
            }
        },
        "bitmaps": {
            "meta": {
                "name": "bitmaps",
                "min-value": 3.0,
                "max-value": 207.0,
                "num-cells": 25
            },
            "stats": {
                "mean": 101.94343891402715,
                "stdev": 34.72403631997777,
                "median": 99.0
            }
        }
    },
    "Reports": [
        {
            "Features": [
                "orientation",
                "bitmaps"
            ],
            "Total Cells": 625,
            "Filled Cells": 186,
            "Mapped Misbehaviors": 104,
            "Misbehavior Relative Density": 0.5591397849462365,
            "Misbehavior Density": 0.1664,
            "Filled Cells Density": 0.2976,
            "Collisions": 118,
            "Misbehavior Collisions": 30,
            "Collision Ratio": 1.3763440860215055,
            "Misbehavior Collision Ratio": 0.4326923076923077,
            "Coverage Sparseness": 16.691891891891892,
            "Misbehavior Sparseness": 16.02912621359223,
            "Avg Sample Distance": 10.033653007846537,
            "Avg Misbehavior Distance": 9.312920089619118
        }
    ]
}