{
    "Tool": "DeepHyperion",
    "Run ID": "21",
    "Tags": [
        "Orientation",
        "Bitmaps",
        "black-box",
        "rescaled"
    ],
    "Total Samples": 442,
    "Valid Samples": 442,
    "Invalid Samples": 0,
    "Total Misbehaviors": 150,
    "MisbehaviorPerSample": 0.3393665158371041,
    "Features": {
        "orientation": {
            "meta": {
                "name": "orientation",
                "min-value": 7.0,
                "max-value": 94.0,
                "num-cells": 25
            },
            "stats": {
                "mean": 55.87556561085973,
                "stdev": 13.404077298647294,
                "median": 58.0
            }
        },
        "bitmaps": {
            "meta": {
                "name": "bitmaps",
                "min-value": 3.0,
                "max-value": 207.0,
                "num-cells": 25
            },
            "stats": {
                "mean": 100.6289592760181,
                "stdev": 34.52939689831844,
                "median": 98.0
            }
        }
    },
    "Reports": [
        {
            "Features": [
                "orientation",
                "bitmaps"
            ],
            "Total Cells": 625,
            "Filled Cells": 190,
            "Mapped Misbehaviors": 99,
            "Misbehavior Relative Density": 0.5210526315789473,
            "Misbehavior Density": 0.1584,
            "Filled Cells Density": 0.304,
            "Collisions": 114,
            "Misbehavior Collisions": 38,
            "Collision Ratio": 1.3263157894736841,
            "Misbehavior Collision Ratio": 0.5151515151515151,
            "Coverage Sparseness": 15.714285714285714,
            "Misbehavior Sparseness": 15.306122448979592,
            "Avg Sample Distance": 9.918295739348371,
            "Avg Misbehavior Distance": 8.747887033601307
        }
    ]
}