{
    "Tool": "DeepJanus",
    "Run ID": "12",
    "Tags": [
        "Orientation",
        "Bitmaps",
        "black-box",
        "rescaled"
    ],
    "Total Samples": 78,
    "Valid Samples": 78,
    "Invalid Samples": 0,
    "Total Misbehaviors": 39,
    "MisbehaviorPerSample": 0.5,
    "Features": {
        "orientation": {
            "meta": {
                "name": "orientation",
                "min-value": 7.0,
                "max-value": 94.0,
                "num-cells": 25
            },
            "stats": {
                "mean": 53.73076923076923,
                "stdev": 13.213209719402439,
                "median": 53.0
            }
        },
        "bitmaps": {
            "meta": {
                "name": "bitmaps",
                "min-value": 3.0,
                "max-value": 207.0,
                "num-cells": 25
            },
            "stats": {
                "mean": 101.84615384615384,
                "stdev": 29.876836757350578,
                "median": 96.0
            }
        }
    },
    "Reports": [
        {
            "Features": [
                "orientation",
                "bitmaps"
            ],
            "Total Cells": 625,
            "Filled Cells": 35,
            "Mapped Misbehaviors": 31,
            "Misbehavior Relative Density": 0.8857142857142857,
            "Misbehavior Density": 0.0496,
            "Filled Cells Density": 0.056,
            "Collisions": 30,
            "Misbehavior Collisions": 8,
            "Collision Ratio": 1.2285714285714286,
            "Misbehavior Collision Ratio": 0.25806451612903225,
            "Coverage Sparseness": 15.470588235294118,
            "Misbehavior Sparseness": 15.1,
            "Avg Sample Distance": 8.379831932773115,
            "Avg Misbehavior Distance": 8.503225806451614
        }
    ]
}