{
    "Tool": "DeepHyperion",
    "Run ID": "29",
    "Tags": [
        "Moves",
        "Bitmaps",
        "black-box",
        "rescaled"
    ],
    "Total Samples": 92,
    "Valid Samples": 92,
    "Invalid Samples": 0,
    "Total Misbehaviors": 29,
    "MisbehaviorPerSample": 0.31521739130434784,
    "Features": {
        "moves": {
            "meta": {
                "name": "moves",
                "min-value": 0.0,
                "max-value": 31.0,
                "num-cells": 25
            },
            "stats": {
                "mean": 9.141304347826088,
                "stdev": 7.701265090507313,
                "median": 10.0
            }
        },
        "bitmaps": {
            "meta": {
                "name": "bitmaps",
                "min-value": 3.0,
                "max-value": 207.0,
                "num-cells": 25
            },
            "stats": {
                "mean": 90.06521739130434,
                "stdev": 39.163451325597464,
                "median": 84.0
            }
        }
    },
    "Reports": [
        {
            "Features": [
                "moves",
                "bitmaps"
            ],
            "Total Cells": 625,
            "Filled Cells": 72,
            "Mapped Misbehaviors": 21,
            "Misbehavior Relative Density": 0.2916666666666667,
            "Misbehavior Density": 0.0336,
            "Filled Cells Density": 0.1152,
            "Collisions": 17,
            "Misbehavior Collisions": 7,
            "Collision Ratio": 0.2777777777777778,
            "Misbehavior Collision Ratio": 0.38095238095238093,
            "Coverage Sparseness": 20.746478873239436,
            "Misbehavior Sparseness": 22.6,
            "Avg Sample Distance": 11.918231611893587,
            "Avg Misbehavior Distance": 11.085714285714293
        }
    ]
}