{
    "Tool": "DeepHyperion",
    "Run ID": "11",
    "Tags": [
        "Orientation",
        "Moves",
        "black-box",
        "rescaled"
    ],
    "Total Samples": 79,
    "Valid Samples": 79,
    "Invalid Samples": 0,
    "Total Misbehaviors": 24,
    "MisbehaviorPerSample": 0.3037974683544304,
    "Features": {
        "orientation": {
            "meta": {
                "name": "orientation",
                "min-value": 7.0,
                "max-value": 94.0,
                "num-cells": 25
            },
            "stats": {
                "mean": 59.58227848101266,
                "stdev": 13.56523421682617,
                "median": 62
            }
        },
        "moves": {
            "meta": {
                "name": "moves",
                "min-value": 0.0,
                "max-value": 31.0,
                "num-cells": 25
            },
            "stats": {
                "mean": 10.379746835443038,
                "stdev": 7.31577816718743,
                "median": 13
            }
        }
    },
    "Reports": [
        {
            "Features": [
                "orientation",
                "moves"
            ],
            "Total Cells": 625,
            "Filled Cells": 63,
            "Mapped Misbehaviors": 21,
            "Misbehavior Relative Density": 0.3333333333333333,
            "Misbehavior Density": 0.0336,
            "Filled Cells Density": 0.1008,
            "Collisions": 12,
            "Misbehavior Collisions": 3,
            "Collision Ratio": 0.25396825396825395,
            "Misbehavior Collision Ratio": 0.14285714285714285,
            "Coverage Sparseness": 19.129032258064516,
            "Misbehavior Sparseness": 16.5,
            "Avg Sample Distance": 10.689196108550977,
            "Avg Misbehavior Distance": 11.142857142857137
        }
    ]
}