{
    "Tool": "DeepJanus",
    "Run ID": "3",
    "Tags": [
        "Moves",
        "Bitmaps",
        "black-box",
        "rescaled"
    ],
    "Total Samples": 96,
    "Valid Samples": 96,
    "Invalid Samples": 0,
    "Total Misbehaviors": 48,
    "MisbehaviorPerSample": 0.5,
    "Features": {
        "moves": {
            "meta": {
                "name": "moves",
                "min-value": 0.0,
                "max-value": 31.0,
                "num-cells": 25
            },
            "stats": {
                "mean": 0.75,
                "stdev": 3.1085620300609804,
                "median": 0.0
            }
        },
        "bitmaps": {
            "meta": {
                "name": "bitmaps",
                "min-value": 3.0,
                "max-value": 207.0,
                "num-cells": 25
            },
            "stats": {
                "mean": 99.0625,
                "stdev": 30.16509397858462,
                "median": 90.5
            }
        }
    },
    "Reports": [
        {
            "Features": [
                "moves",
                "bitmaps"
            ],
            "Total Cells": 625,
            "Filled Cells": 18,
            "Mapped Misbehaviors": 17,
            "Misbehavior Relative Density": 0.9444444444444444,
            "Misbehavior Density": 0.0272,
            "Filled Cells Density": 0.0288,
            "Collisions": 16,
            "Misbehavior Collisions": 11,
            "Collision Ratio": 4.333333333333333,
            "Misbehavior Collision Ratio": 1.8235294117647058,
            "Coverage Sparseness": 14.882352941176471,
            "Misbehavior Sparseness": 14.75,
            "Avg Sample Distance": 7.875816993464052,
            "Avg Misbehavior Distance": 7.897058823529408
        }
    ]
}