{
    "Tool": "DeepHyperion",
    "Run ID": "26",
    "Tags": [
        "Moves",
        "Bitmaps",
        "black-box",
        "rescaled"
    ],
    "Total Samples": 95,
    "Valid Samples": 95,
    "Invalid Samples": 0,
    "Total Misbehaviors": 34,
    "MisbehaviorPerSample": 0.35789473684210527,
    "Features": {
        "moves": {
            "meta": {
                "name": "moves",
                "min-value": 0.0,
                "max-value": 31.0,
                "num-cells": 25
            },
            "stats": {
                "mean": 9.105263157894736,
                "stdev": 7.523684141981843,
                "median": 12
            }
        },
        "bitmaps": {
            "meta": {
                "name": "bitmaps",
                "min-value": 3.0,
                "max-value": 207.0,
                "num-cells": 25
            },
            "stats": {
                "mean": 88.21052631578948,
                "stdev": 38.62776389253028,
                "median": 81
            }
        }
    },
    "Reports": [
        {
            "Features": [
                "moves",
                "bitmaps"
            ],
            "Total Cells": 625,
            "Filled Cells": 67,
            "Mapped Misbehaviors": 24,
            "Misbehavior Relative Density": 0.3582089552238806,
            "Misbehavior Density": 0.0384,
            "Filled Cells Density": 0.1072,
            "Collisions": 22,
            "Misbehavior Collisions": 6,
            "Collision Ratio": 0.417910447761194,
            "Misbehavior Collision Ratio": 0.4166666666666667,
            "Coverage Sparseness": 18.28787878787879,
            "Misbehavior Sparseness": 18.695652173913043,
            "Avg Sample Distance": 11.409317051108108,
            "Avg Misbehavior Distance": 11.840579710144931
        }
    ]
}