{
    "Tool": "DeepJanus",
    "Run ID": "28",
    "Tags": [
        "Orientation",
        "Bitmaps",
        "white-box",
        "rescaled"
    ],
    "Total Samples": 29968,
    "Valid Samples": 29968,
    "Invalid Samples": 0,
    "Total Misbehaviors": 5335,
    "MisbehaviorPerSample": 0.1780232247730913,
    "Features": {
        "orientation": {
            "meta": {
                "name": "orientation",
                "min-value": 7.0,
                "max-value": 94.0,
                "num-cells": 25
            },
            "stats": {
                "mean": 57.481179925253606,
                "stdev": 11.982937705682145,
                "median": 60.0
            }
        },
        "bitmaps": {
            "meta": {
                "name": "bitmaps",
                "min-value": 3.0,
                "max-value": 207.0,
                "num-cells": 25
            },
            "stats": {
                "mean": 99.40029364655632,
                "stdev": 29.33761580608021,
                "median": 96.0
            }
        }
    },
    "Reports": [
        {
            "Features": [
                "orientation",
                "bitmaps"
            ],
            "Total Cells": 625,
            "Filled Cells": 223,
            "Mapped Misbehaviors": 126,
            "Misbehavior Relative Density": 0.5650224215246636,
            "Misbehavior Density": 0.2016,
            "Filled Cells Density": 0.3568,
            "Collisions": 212,
            "Misbehavior Collisions": 112,
            "Collision Ratio": 133.38565022421525,
            "Misbehavior Collision Ratio": 41.34126984126984,
            "Coverage Sparseness": 17.3018018018018,
            "Misbehavior Sparseness": 16.776,
            "Avg Sample Distance": 10.42023189108391,
            "Avg Misbehavior Distance": 8.982349206349157
        }
    ]
}