{
    "Tool": "DeepJanus",
    "Run ID": "10",
    "Tags": [
        "Orientation",
        "Bitmaps",
        "black-box",
        "rescaled"
    ],
    "Total Samples": 88,
    "Valid Samples": 88,
    "Invalid Samples": 0,
    "Total Misbehaviors": 44,
    "MisbehaviorPerSample": 0.5,
    "Features": {
        "orientation": {
            "meta": {
                "name": "orientation",
                "min-value": 7.0,
                "max-value": 94.0,
                "num-cells": 25
            },
            "stats": {
                "mean": 54.51136363636363,
                "stdev": 13.538361263658507,
                "median": 53.0
            }
        },
        "bitmaps": {
            "meta": {
                "name": "bitmaps",
                "min-value": 3.0,
                "max-value": 207.0,
                "num-cells": 25
            },
            "stats": {
                "mean": 97.10227272727273,
                "stdev": 31.75047823795034,
                "median": 86.5
            }
        }
    },
    "Reports": [
        {
            "Features": [
                "orientation",
                "bitmaps"
            ],
            "Total Cells": 625,
            "Filled Cells": 51,
            "Mapped Misbehaviors": 40,
            "Misbehavior Relative Density": 0.7843137254901961,
            "Misbehavior Density": 0.064,
            "Filled Cells Density": 0.0816,
            "Collisions": 28,
            "Misbehavior Collisions": 4,
            "Collision Ratio": 0.7254901960784313,
            "Misbehavior Collision Ratio": 0.1,
            "Coverage Sparseness": 14.86,
            "Misbehavior Sparseness": 15.23076923076923,
            "Avg Sample Distance": 8.82196078431372,
            "Avg Misbehavior Distance": 8.689743589743596
        }
    ]
}