{
    "Tool": "DeepJanus",
    "Run ID": "29",
    "Tags": [
        "Orientation",
        "Bitmaps",
        "white-box",
        "rescaled"
    ],
    "Total Samples": 14810,
    "Valid Samples": 14810,
    "Invalid Samples": 0,
    "Total Misbehaviors": 2606,
    "MisbehaviorPerSample": 0.17596218771100608,
    "Features": {
        "orientation": {
            "meta": {
                "name": "orientation",
                "min-value": 7.0,
                "max-value": 94.0,
                "num-cells": 25
            },
            "stats": {
                "mean": 57.81823092505064,
                "stdev": 11.75584638431636,
                "median": 61.0
            }
        },
        "bitmaps": {
            "meta": {
                "name": "bitmaps",
                "min-value": 3.0,
                "max-value": 207.0,
                "num-cells": 25
            },
            "stats": {
                "mean": 99.07933828494261,
                "stdev": 29.21416096448112,
                "median": 95.0
            }
        }
    },
    "Reports": [
        {
            "Features": [
                "orientation",
                "bitmaps"
            ],
            "Total Cells": 625,
            "Filled Cells": 217,
            "Mapped Misbehaviors": 121,
            "Misbehavior Relative Density": 0.5576036866359447,
            "Misbehavior Density": 0.1936,
            "Filled Cells Density": 0.3472,
            "Collisions": 207,
            "Misbehavior Collisions": 102,
            "Collision Ratio": 67.24884792626727,
            "Misbehavior Collision Ratio": 20.537190082644628,
            "Coverage Sparseness": 16.712962962962962,
            "Misbehavior Sparseness": 15.916666666666666,
            "Avg Sample Distance": 10.22657450076801,
            "Avg Misbehavior Distance": 8.860606060606079
        }
    ]
}