{
    "Tool": "DeepJanus",
    "Run ID": "20",
    "Tags": [
        "Orientation",
        "Bitmaps",
        "black-box",
        "rescaled"
    ],
    "Total Samples": 86,
    "Valid Samples": 86,
    "Invalid Samples": 0,
    "Total Misbehaviors": 43,
    "MisbehaviorPerSample": 0.5,
    "Features": {
        "orientation": {
            "meta": {
                "name": "orientation",
                "min-value": 7.0,
                "max-value": 94.0,
                "num-cells": 25
            },
            "stats": {
                "mean": 54.02325581395349,
                "stdev": 13.018517801407118,
                "median": 53.0
            }
        },
        "bitmaps": {
            "meta": {
                "name": "bitmaps",
                "min-value": 3.0,
                "max-value": 207.0,
                "num-cells": 25
            },
            "stats": {
                "mean": 94.5,
                "stdev": 26.09879420248241,
                "median": 85.0
            }
        }
    },
    "Reports": [
        {
            "Features": [
                "orientation",
                "bitmaps"
            ],
            "Total Cells": 625,
            "Filled Cells": 44,
            "Mapped Misbehaviors": 35,
            "Misbehavior Relative Density": 0.7954545454545454,
            "Misbehavior Density": 0.056,
            "Filled Cells Density": 0.0704,
            "Collisions": 28,
            "Misbehavior Collisions": 7,
            "Collision Ratio": 0.9545454545454546,
            "Misbehavior Collision Ratio": 0.22857142857142856,
            "Coverage Sparseness": 14.372093023255815,
            "Misbehavior Sparseness": 14.147058823529411,
            "Avg Sample Distance": 7.719873150105704,
            "Avg Misbehavior Distance": 7.680672268907566
        }
    ]
}