{
    "Tool": "DeepJanus",
    "Run ID": "28",
    "Tags": [
        "Orientation",
        "Bitmaps",
        "black-box",
        "rescaled"
    ],
    "Total Samples": 104,
    "Valid Samples": 104,
    "Invalid Samples": 0,
    "Total Misbehaviors": 52,
    "MisbehaviorPerSample": 0.5,
    "Features": {
        "orientation": {
            "meta": {
                "name": "orientation",
                "min-value": 7.0,
                "max-value": 94.0,
                "num-cells": 25
            },
            "stats": {
                "mean": 54.07692307692308,
                "stdev": 13.086487737907898,
                "median": 54.0
            }
        },
        "bitmaps": {
            "meta": {
                "name": "bitmaps",
                "min-value": 3.0,
                "max-value": 207.0,
                "num-cells": 25
            },
            "stats": {
                "mean": 95.5,
                "stdev": 27.20222720750166,
                "median": 86.0
            }
        }
    },
    "Reports": [
        {
            "Features": [
                "orientation",
                "bitmaps"
            ],
            "Total Cells": 625,
            "Filled Cells": 54,
            "Mapped Misbehaviors": 45,
            "Misbehavior Relative Density": 0.8333333333333334,
            "Misbehavior Density": 0.072,
            "Filled Cells Density": 0.0864,
            "Collisions": 36,
            "Misbehavior Collisions": 7,
            "Collision Ratio": 0.9259259259259259,
            "Misbehavior Collision Ratio": 0.15555555555555556,
            "Coverage Sparseness": 14.773584905660377,
            "Misbehavior Sparseness": 14.409090909090908,
            "Avg Sample Distance": 7.828092243186592,
            "Avg Misbehavior Distance": 7.771717171717187
        }
    ]
}