{
    "Tool": "DeepJanus",
    "Run ID": "7",
    "Tags": [
        "Orientation",
        "Bitmaps",
        "black-box",
        "rescaled"
    ],
    "Total Samples": 94,
    "Valid Samples": 94,
    "Invalid Samples": 0,
    "Total Misbehaviors": 47,
    "MisbehaviorPerSample": 0.5,
    "Features": {
        "orientation": {
            "meta": {
                "name": "orientation",
                "min-value": 7.0,
                "max-value": 94.0,
                "num-cells": 25
            },
            "stats": {
                "mean": 53.96808510638298,
                "stdev": 12.975951393763934,
                "median": 53.5
            }
        },
        "bitmaps": {
            "meta": {
                "name": "bitmaps",
                "min-value": 3.0,
                "max-value": 207.0,
                "num-cells": 25
            },
            "stats": {
                "mean": 94.96808510638297,
                "stdev": 30.99026976245396,
                "median": 85.5
            }
        }
    },
    "Reports": [
        {
            "Features": [
                "orientation",
                "bitmaps"
            ],
            "Total Cells": 625,
            "Filled Cells": 51,
            "Mapped Misbehaviors": 42,
            "Misbehavior Relative Density": 0.8235294117647058,
            "Misbehavior Density": 0.0672,
            "Filled Cells Density": 0.0816,
            "Collisions": 31,
            "Misbehavior Collisions": 5,
            "Collision Ratio": 0.8431372549019608,
            "Misbehavior Collision Ratio": 0.11904761904761904,
            "Coverage Sparseness": 14.54,
            "Misbehavior Sparseness": 14.487804878048781,
            "Avg Sample Distance": 8.329411764705888,
            "Avg Misbehavior Distance": 8.376306620209066
        }
    ]
}