{
    "Tool": "DeepJanus",
    "Run ID": "18",
    "Tags": [
        "Moves",
        "Bitmaps",
        "black-box",
        "rescaled"
    ],
    "Total Samples": 80,
    "Valid Samples": 80,
    "Invalid Samples": 0,
    "Total Misbehaviors": 40,
    "MisbehaviorPerSample": 0.5,
    "Features": {
        "moves": {
            "meta": {
                "name": "moves",
                "min-value": 0.0,
                "max-value": 31.0,
                "num-cells": 25
            },
            "stats": {
                "mean": 1.125,
                "stdev": 3.975797030196141,
                "median": 0.0
            }
        },
        "bitmaps": {
            "meta": {
                "name": "bitmaps",
                "min-value": 3.0,
                "max-value": 207.0,
                "num-cells": 25
            },
            "stats": {
                "mean": 97.45,
                "stdev": 30.401490636338746,
                "median": 92.5
            }
        }
    },
    "Reports": [
        {
            "Features": [
                "moves",
                "bitmaps"
            ],
            "Total Cells": 625,
            "Filled Cells": 18,
            "Mapped Misbehaviors": 16,
            "Misbehavior Relative Density": 0.8888888888888888,
            "Misbehavior Density": 0.0256,
            "Filled Cells Density": 0.0288,
            "Collisions": 15,
            "Misbehavior Collisions": 9,
            "Collision Ratio": 3.4444444444444446,
            "Misbehavior Collision Ratio": 1.5,
            "Coverage Sparseness": 15.705882352941176,
            "Misbehavior Sparseness": 15.2,
            "Avg Sample Distance": 9.052287581699344,
            "Avg Misbehavior Distance": 9.049999999999997
        }
    ]
}