{
    "Tool": "DeepJanus",
    "Run ID": "15",
    "Tags": [
        "Orientation",
        "Bitmaps",
        "black-box",
        "rescaled"
    ],
    "Total Samples": 94,
    "Valid Samples": 94,
    "Invalid Samples": 0,
    "Total Misbehaviors": 47,
    "MisbehaviorPerSample": 0.5,
    "Features": {
        "orientation": {
            "meta": {
                "name": "orientation",
                "min-value": 7.0,
                "max-value": 94.0,
                "num-cells": 25
            },
            "stats": {
                "mean": 53.191489361702125,
                "stdev": 12.395174742525217,
                "median": 53.0
            }
        },
        "bitmaps": {
            "meta": {
                "name": "bitmaps",
                "min-value": 3.0,
                "max-value": 207.0,
                "num-cells": 25
            },
            "stats": {
                "mean": 95.32978723404256,
                "stdev": 29.28517122568493,
                "median": 85.5
            }
        }
    },
    "Reports": [
        {
            "Features": [
                "orientation",
                "bitmaps"
            ],
            "Total Cells": 625,
            "Filled Cells": 51,
            "Mapped Misbehaviors": 41,
            "Misbehavior Relative Density": 0.803921568627451,
            "Misbehavior Density": 0.0656,
            "Filled Cells Density": 0.0816,
            "Collisions": 30,
            "Misbehavior Collisions": 6,
            "Collision Ratio": 0.8431372549019608,
            "Misbehavior Collision Ratio": 0.14634146341463414,
            "Coverage Sparseness": 13.54,
            "Misbehavior Sparseness": 13.45,
            "Avg Sample Distance": 8.0643137254902,
            "Avg Misbehavior Distance": 8.15853658536587
        }
    ]
}