{
    "Tool": "DeepJanus",
    "Run ID": "16",
    "Tags": [
        "Orientation",
        "Moves",
        "black-box",
        "rescaled"
    ],
    "Total Samples": 82,
    "Valid Samples": 82,
    "Invalid Samples": 0,
    "Total Misbehaviors": 41,
    "MisbehaviorPerSample": 0.5,
    "Features": {
        "orientation": {
            "meta": {
                "name": "orientation",
                "min-value": 7.0,
                "max-value": 94.0,
                "num-cells": 25
            },
            "stats": {
                "mean": 53.63414634146341,
                "stdev": 13.262322194963112,
                "median": 52.5
            }
        },
        "moves": {
            "meta": {
                "name": "moves",
                "min-value": 0.0,
                "max-value": 31.0,
                "num-cells": 25
            },
            "stats": {
                "mean": 0.8780487804878049,
                "stdev": 3.3495540292883694,
                "median": 0.0
            }
        }
    },
    "Reports": [
        {
            "Features": [
                "orientation",
                "moves"
            ],
            "Total Cells": 625,
            "Filled Cells": 19,
            "Mapped Misbehaviors": 17,
            "Misbehavior Relative Density": 0.8947368421052632,
            "Misbehavior Density": 0.0272,
            "Filled Cells Density": 0.0304,
            "Collisions": 16,
            "Misbehavior Collisions": 10,
            "Collision Ratio": 3.3157894736842106,
            "Misbehavior Collision Ratio": 1.411764705882353,
            "Coverage Sparseness": 13.222222222222221,
            "Misbehavior Sparseness": 14.6875,
            "Avg Sample Distance": 8.152046783625721,
            "Avg Misbehavior Distance": 7.926470588235297
        }
    ]
}