{
    "Tool": "DeepJanus",
    "Run ID": "9",
    "Tags": [
        "Moves",
        "Bitmaps",
        "black-box",
        "rescaled"
    ],
    "Total Samples": 78,
    "Valid Samples": 78,
    "Invalid Samples": 0,
    "Total Misbehaviors": 39,
    "MisbehaviorPerSample": 0.5,
    "Features": {
        "moves": {
            "meta": {
                "name": "moves",
                "min-value": 0.0,
                "max-value": 31.0,
                "num-cells": 25
            },
            "stats": {
                "mean": 0.9230769230769231,
                "stdev": 3.429320597471132,
                "median": 0.0
            }
        },
        "bitmaps": {
            "meta": {
                "name": "bitmaps",
                "min-value": 3.0,
                "max-value": 207.0,
                "num-cells": 25
            },
            "stats": {
                "mean": 94.56410256410257,
                "stdev": 26.565082904136208,
                "median": 86.5
            }
        }
    },
    "Reports": [
        {
            "Features": [
                "moves",
                "bitmaps"
            ],
            "Total Cells": 625,
            "Filled Cells": 15,
            "Mapped Misbehaviors": 14,
            "Misbehavior Relative Density": 0.9333333333333333,
            "Misbehavior Density": 0.0224,
            "Filled Cells Density": 0.024,
            "Collisions": 13,
            "Misbehavior Collisions": 10,
            "Collision Ratio": 4.2,
            "Misbehavior Collision Ratio": 1.7857142857142858,
            "Coverage Sparseness": 14.214285714285714,
            "Misbehavior Sparseness": 13.76923076923077,
            "Avg Sample Distance": 7.63809523809524,
            "Avg Misbehavior Distance": 7.395604395604393
        }
    ]
}