{
    "Tool": "DeepHyperion",
    "Run ID": "28",
    "Tags": [
        "Orientation",
        "Moves",
        "black-box",
        "rescaled"
    ],
    "Total Samples": 77,
    "Valid Samples": 77,
    "Invalid Samples": 0,
    "Total Misbehaviors": 27,
    "MisbehaviorPerSample": 0.35064935064935066,
    "Features": {
        "orientation": {
            "meta": {
                "name": "orientation",
                "min-value": 7.0,
                "max-value": 94.0,
                "num-cells": 25
            },
            "stats": {
                "mean": 59.675324675324674,
                "stdev": 15.055547638522834,
                "median": 64
            }
        },
        "moves": {
            "meta": {
                "name": "moves",
                "min-value": 0.0,
                "max-value": 31.0,
                "num-cells": 25
            },
            "stats": {
                "mean": 10.155844155844155,
                "stdev": 7.425179308600346,
                "median": 13
            }
        }
    },
    "Reports": [
        {
            "Features": [
                "orientation",
                "moves"
            ],
            "Total Cells": 625,
            "Filled Cells": 60,
            "Mapped Misbehaviors": 22,
            "Misbehavior Relative Density": 0.36666666666666664,
            "Misbehavior Density": 0.0352,
            "Filled Cells Density": 0.096,
            "Collisions": 13,
            "Misbehavior Collisions": 4,
            "Collision Ratio": 0.2833333333333333,
            "Misbehavior Collision Ratio": 0.22727272727272727,
            "Coverage Sparseness": 19.83050847457627,
            "Misbehavior Sparseness": 18.238095238095237,
            "Avg Sample Distance": 10.92881355932202,
            "Avg Misbehavior Distance": 11.554112554112551
        }
    ]
}