{
    "Tool": "DeepHyperion",
    "Run ID": "26",
    "Tags": [
        "Orientation",
        "Moves",
        "black-box",
        "rescaled"
    ],
    "Total Samples": 81,
    "Valid Samples": 81,
    "Invalid Samples": 0,
    "Total Misbehaviors": 29,
    "MisbehaviorPerSample": 0.35802469135802467,
    "Features": {
        "orientation": {
            "meta": {
                "name": "orientation",
                "min-value": 7.0,
                "max-value": 94.0,
                "num-cells": 25
            },
            "stats": {
                "mean": 59.17283950617284,
                "stdev": 14.300166190867145,
                "median": 62
            }
        },
        "moves": {
            "meta": {
                "name": "moves",
                "min-value": 0.0,
                "max-value": 31.0,
                "num-cells": 25
            },
            "stats": {
                "mean": 9.925925925925926,
                "stdev": 7.6154083570380156,
                "median": 13
            }
        }
    },
    "Reports": [
        {
            "Features": [
                "orientation",
                "moves"
            ],
            "Total Cells": 625,
            "Filled Cells": 65,
            "Mapped Misbehaviors": 25,
            "Misbehavior Relative Density": 0.38461538461538464,
            "Misbehavior Density": 0.04,
            "Filled Cells Density": 0.104,
            "Collisions": 13,
            "Misbehavior Collisions": 4,
            "Collision Ratio": 0.24615384615384617,
            "Misbehavior Collision Ratio": 0.16,
            "Coverage Sparseness": 19.140625,
            "Misbehavior Sparseness": 18.291666666666668,
            "Avg Sample Distance": 11.25480769230769,
            "Avg Misbehavior Distance": 11.319999999999997
        }
    ]
}