{
    "Tool": "DeepJanus",
    "Run ID": "30",
    "Tags": [
        "Moves",
        "Bitmaps",
        "black-box",
        "rescaled"
    ],
    "Total Samples": 90,
    "Valid Samples": 90,
    "Invalid Samples": 0,
    "Total Misbehaviors": 45,
    "MisbehaviorPerSample": 0.5,
    "Features": {
        "moves": {
            "meta": {
                "name": "moves",
                "min-value": 0.0,
                "max-value": 31.0,
                "num-cells": 25
            },
            "stats": {
                "mean": 0.8,
                "stdev": 3.2053326353704366,
                "median": 0.0
            }
        },
        "bitmaps": {
            "meta": {
                "name": "bitmaps",
                "min-value": 3.0,
                "max-value": 207.0,
                "num-cells": 25
            },
            "stats": {
                "mean": 98.3,
                "stdev": 27.842433866232053,
                "median": 92.0
            }
        }
    },
    "Reports": [
        {
            "Features": [
                "moves",
                "bitmaps"
            ],
            "Total Cells": 625,
            "Filled Cells": 15,
            "Mapped Misbehaviors": 13,
            "Misbehavior Relative Density": 0.8666666666666667,
            "Misbehavior Density": 0.0208,
            "Filled Cells Density": 0.024,
            "Collisions": 14,
            "Misbehavior Collisions": 10,
            "Collision Ratio": 5.0,
            "Misbehavior Collision Ratio": 2.4615384615384617,
            "Coverage Sparseness": 14.5,
            "Misbehavior Sparseness": 13.833333333333334,
            "Avg Sample Distance": 8.133333333333335,
            "Avg Misbehavior Distance": 7.923076923076925
        }
    ]
}