{
    "Tool": "DeepHyperion",
    "Run ID": "22",
    "Tags": [
        "Orientation",
        "Bitmaps",
        "black-box",
        "rescaled"
    ],
    "Total Samples": 415,
    "Valid Samples": 415,
    "Invalid Samples": 0,
    "Total Misbehaviors": 140,
    "MisbehaviorPerSample": 0.3373493975903614,
    "Features": {
        "orientation": {
            "meta": {
                "name": "orientation",
                "min-value": 7.0,
                "max-value": 94.0,
                "num-cells": 25
            },
            "stats": {
                "mean": 55.3421686746988,
                "stdev": 13.595734274196886,
                "median": 56
            }
        },
        "bitmaps": {
            "meta": {
                "name": "bitmaps",
                "min-value": 3.0,
                "max-value": 207.0,
                "num-cells": 25
            },
            "stats": {
                "mean": 100.28192771084338,
                "stdev": 35.56548068794811,
                "median": 96
            }
        }
    },
    "Reports": [
        {
            "Features": [
                "orientation",
                "bitmaps"
            ],
            "Total Cells": 625,
            "Filled Cells": 191,
            "Mapped Misbehaviors": 96,
            "Misbehavior Relative Density": 0.5026178010471204,
            "Misbehavior Density": 0.1536,
            "Filled Cells Density": 0.3056,
            "Collisions": 117,
            "Misbehavior Collisions": 40,
            "Collision Ratio": 1.1727748691099475,
            "Misbehavior Collision Ratio": 0.4583333333333333,
            "Coverage Sparseness": 16.2,
            "Misbehavior Sparseness": 15.905263157894737,
            "Avg Sample Distance": 10.178671810416075,
            "Avg Misbehavior Distance": 8.967982456140364
        }
    ]
}