{
    "Tool": "DeepJanus",
    "Run ID": "29",
    "Tags": [
        "Orientation",
        "Moves",
        "white-box",
        "rescaled"
    ],
    "Total Samples": 14810,
    "Valid Samples": 14810,
    "Invalid Samples": 0,
    "Total Misbehaviors": 2606,
    "MisbehaviorPerSample": 0.17596218771100608,
    "Features": {
        "orientation": {
            "meta": {
                "name": "orientation",
                "min-value": 7.0,
                "max-value": 94.0,
                "num-cells": 25
            },
            "stats": {
                "mean": 57.81823092505064,
                "stdev": 11.75584638431636,
                "median": 61.0
            }
        },
        "moves": {
            "meta": {
                "name": "moves",
                "min-value": 0.0,
                "max-value": 31.0,
                "num-cells": 25
            },
            "stats": {
                "mean": 1.4073598919648886,
                "stdev": 4.454884836240411,
                "median": 0.0
            }
        }
    },
    "Reports": [
        {
            "Features": [
                "orientation",
                "moves"
            ],
            "Total Cells": 625,
            "Filled Cells": 80,
            "Mapped Misbehaviors": 35,
            "Misbehavior Relative Density": 0.4375,
            "Misbehavior Density": 0.056,
            "Filled Cells Density": 0.128,
            "Collisions": 76,
            "Misbehavior Collisions": 28,
            "Collision Ratio": 184.125,
            "Misbehavior Collision Ratio": 73.45714285714286,
            "Coverage Sparseness": 19.151898734177216,
            "Misbehavior Sparseness": 17.705882352941178,
            "Avg Sample Distance": 10.62373417721516,
            "Avg Misbehavior Distance": 10.981512605042031
        }
    ]
}