{
    "Tool": "DeepHyperion",
    "Run ID": "22",
    "Tags": [
        "Moves",
        "Bitmaps",
        "black-box",
        "rescaled"
    ],
    "Total Samples": 97,
    "Valid Samples": 97,
    "Invalid Samples": 0,
    "Total Misbehaviors": 32,
    "MisbehaviorPerSample": 0.32989690721649484,
    "Features": {
        "moves": {
            "meta": {
                "name": "moves",
                "min-value": 0.0,
                "max-value": 31.0,
                "num-cells": 25
            },
            "stats": {
                "mean": 9.29896907216495,
                "stdev": 7.41221535211416,
                "median": 12
            }
        },
        "bitmaps": {
            "meta": {
                "name": "bitmaps",
                "min-value": 3.0,
                "max-value": 207.0,
                "num-cells": 25
            },
            "stats": {
                "mean": 86.16494845360825,
                "stdev": 37.03002172009983,
                "median": 81
            }
        }
    },
    "Reports": [
        {
            "Features": [
                "moves",
                "bitmaps"
            ],
            "Total Cells": 625,
            "Filled Cells": 77,
            "Mapped Misbehaviors": 24,
            "Misbehavior Relative Density": 0.3116883116883117,
            "Misbehavior Density": 0.0384,
            "Filled Cells Density": 0.1232,
            "Collisions": 17,
            "Misbehavior Collisions": 7,
            "Collision Ratio": 0.2597402597402597,
            "Misbehavior Collision Ratio": 0.3333333333333333,
            "Coverage Sparseness": 18.32894736842105,
            "Misbehavior Sparseness": 17.52173913043478,
            "Avg Sample Distance": 11.388926862611086,
            "Avg Misbehavior Distance": 10.735507246376809
        }
    ]
}