{
    "Tool": "DeepJanus",
    "Run ID": "27",
    "Tags": [
        "Moves",
        "Bitmaps",
        "white-box",
        "rescaled"
    ],
    "Total Samples": 16928,
    "Valid Samples": 16928,
    "Invalid Samples": 0,
    "Total Misbehaviors": 2936,
    "MisbehaviorPerSample": 0.17344045368620037,
    "Features": {
        "moves": {
            "meta": {
                "name": "moves",
                "min-value": 0.0,
                "max-value": 31.0,
                "num-cells": 25
            },
            "stats": {
                "mean": 1.4622518903591681,
                "stdev": 4.54055512113382,
                "median": 0.0
            }
        },
        "bitmaps": {
            "meta": {
                "name": "bitmaps",
                "min-value": 3.0,
                "max-value": 207.0,
                "num-cells": 25
            },
            "stats": {
                "mean": 99.80186672967864,
                "stdev": 29.081120219133602,
                "median": 95.0
            }
        }
    },
    "Reports": [
        {
            "Features": [
                "moves",
                "bitmaps"
            ],
            "Total Cells": 625,
            "Filled Cells": 90,
            "Mapped Misbehaviors": 31,
            "Misbehavior Relative Density": 0.34444444444444444,
            "Misbehavior Density": 0.0496,
            "Filled Cells Density": 0.144,
            "Collisions": 84,
            "Misbehavior Collisions": 25,
            "Collision Ratio": 187.0888888888889,
            "Misbehavior Collision Ratio": 93.70967741935483,
            "Coverage Sparseness": 18.202247191011235,
            "Misbehavior Sparseness": 21.5,
            "Avg Sample Distance": 11.049687890137319,
            "Avg Misbehavior Distance": 11.57849462365592
        }
    ]
}