{
    "Tool": "DeepHyperion",
    "Run ID": "1",
    "Tags": [
        "Orientation",
        "Moves",
        "black-box",
        "rescaled"
    ],
    "Total Samples": 77,
    "Valid Samples": 77,
    "Invalid Samples": 0,
    "Total Misbehaviors": 26,
    "MisbehaviorPerSample": 0.33766233766233766,
    "Features": {
        "orientation": {
            "meta": {
                "name": "orientation",
                "min-value": 7.0,
                "max-value": 94.0,
                "num-cells": 25
            },
            "stats": {
                "mean": 61.62337662337662,
                "stdev": 12.706234442648679,
                "median": 64
            }
        },
        "moves": {
            "meta": {
                "name": "moves",
                "min-value": 0.0,
                "max-value": 31.0,
                "num-cells": 25
            },
            "stats": {
                "mean": 10.090909090909092,
                "stdev": 7.29848906169846,
                "median": 12
            }
        }
    },
    "Reports": [
        {
            "Features": [
                "orientation",
                "moves"
            ],
            "Total Cells": 625,
            "Filled Cells": 61,
            "Mapped Misbehaviors": 22,
            "Misbehavior Relative Density": 0.36065573770491804,
            "Misbehavior Density": 0.0352,
            "Filled Cells Density": 0.0976,
            "Collisions": 13,
            "Misbehavior Collisions": 4,
            "Collision Ratio": 0.26229508196721313,
            "Misbehavior Collision Ratio": 0.18181818181818182,
            "Coverage Sparseness": 19.133333333333333,
            "Misbehavior Sparseness": 17.047619047619047,
            "Avg Sample Distance": 10.370491803278668,
            "Avg Misbehavior Distance": 11.658008658008661
        }
    ]
}