{
    "Tool": "DeepJanus",
    "Run ID": "14",
    "Tags": [
        "Orientation",
        "Bitmaps",
        "black-box",
        "rescaled"
    ],
    "Total Samples": 86,
    "Valid Samples": 86,
    "Invalid Samples": 0,
    "Total Misbehaviors": 43,
    "MisbehaviorPerSample": 0.5,
    "Features": {
        "orientation": {
            "meta": {
                "name": "orientation",
                "min-value": 7.0,
                "max-value": 94.0,
                "num-cells": 25
            },
            "stats": {
                "mean": 54,
                "stdev": 12.500352936193911,
                "median": 54.0
            }
        },
        "bitmaps": {
            "meta": {
                "name": "bitmaps",
                "min-value": 3.0,
                "max-value": 207.0,
                "num-cells": 25
            },
            "stats": {
                "mean": 99.13953488372093,
                "stdev": 28.350396943251877,
                "median": 95.5
            }
        }
    },
    "Reports": [
        {
            "Features": [
                "orientation",
                "bitmaps"
            ],
            "Total Cells": 625,
            "Filled Cells": 47,
            "Mapped Misbehaviors": 37,
            "Misbehavior Relative Density": 0.7872340425531915,
            "Misbehavior Density": 0.0592,
            "Filled Cells Density": 0.0752,
            "Collisions": 29,
            "Misbehavior Collisions": 6,
            "Collision Ratio": 0.8297872340425532,
            "Misbehavior Collision Ratio": 0.16216216216216217,
            "Coverage Sparseness": 12.173913043478262,
            "Misbehavior Sparseness": 12.194444444444445,
            "Avg Sample Distance": 7.433857539315443,
            "Avg Misbehavior Distance": 7.753753753753755
        }
    ]
}