{
    "Tool": "DeepJanus",
    "Run ID": "11",
    "Tags": [
        "Moves",
        "Bitmaps",
        "black-box",
        "rescaled"
    ],
    "Total Samples": 82,
    "Valid Samples": 82,
    "Invalid Samples": 0,
    "Total Misbehaviors": 41,
    "MisbehaviorPerSample": 0.5,
    "Features": {
        "moves": {
            "meta": {
                "name": "moves",
                "min-value": 0.0,
                "max-value": 31.0,
                "num-cells": 25
            },
            "stats": {
                "mean": 0.7317073170731707,
                "stdev": 3.2510161013223096,
                "median": 0.0
            }
        },
        "bitmaps": {
            "meta": {
                "name": "bitmaps",
                "min-value": 3.0,
                "max-value": 207.0,
                "num-cells": 25
            },
            "stats": {
                "mean": 95.14634146341463,
                "stdev": 29.865592718464054,
                "median": 85.5
            }
        }
    },
    "Reports": [
        {
            "Features": [
                "moves",
                "bitmaps"
            ],
            "Total Cells": 625,
            "Filled Cells": 16,
            "Mapped Misbehaviors": 16,
            "Misbehavior Relative Density": 1.0,
            "Misbehavior Density": 0.0256,
            "Filled Cells Density": 0.0256,
            "Collisions": 14,
            "Misbehavior Collisions": 9,
            "Collision Ratio": 4.125,
            "Misbehavior Collision Ratio": 1.5625,
            "Coverage Sparseness": 15.0,
            "Misbehavior Sparseness": 15.0,
            "Avg Sample Distance": 7.908333333333337,
            "Avg Misbehavior Distance": 7.908333333333337
        }
    ]
}