{
    "Tool": "DeepJanus",
    "Run ID": "20",
    "Tags": [
        "Moves",
        "Bitmaps",
        "black-box",
        "rescaled"
    ],
    "Total Samples": 86,
    "Valid Samples": 86,
    "Invalid Samples": 0,
    "Total Misbehaviors": 43,
    "MisbehaviorPerSample": 0.5,
    "Features": {
        "moves": {
            "meta": {
                "name": "moves",
                "min-value": 0.0,
                "max-value": 31.0,
                "num-cells": 25
            },
            "stats": {
                "mean": 0.8372093023255814,
                "stdev": 3.2750768832153043,
                "median": 0.0
            }
        },
        "bitmaps": {
            "meta": {
                "name": "bitmaps",
                "min-value": 3.0,
                "max-value": 207.0,
                "num-cells": 25
            },
            "stats": {
                "mean": 94.5,
                "stdev": 26.09879420248241,
                "median": 85.0
            }
        }
    },
    "Reports": [
        {
            "Features": [
                "moves",
                "bitmaps"
            ],
            "Total Cells": 625,
            "Filled Cells": 16,
            "Mapped Misbehaviors": 15,
            "Misbehavior Relative Density": 0.9375,
            "Misbehavior Density": 0.024,
            "Filled Cells Density": 0.0256,
            "Collisions": 12,
            "Misbehavior Collisions": 9,
            "Collision Ratio": 4.375,
            "Misbehavior Collision Ratio": 1.8666666666666667,
            "Coverage Sparseness": 14.8,
            "Misbehavior Sparseness": 14.285714285714286,
            "Avg Sample Distance": 8.116666666666665,
            "Avg Misbehavior Distance": 7.771428571428572
        }
    ]
}