{
    "Tool": "DeepJanus",
    "Run ID": "28",
    "Tags": [
        "Orientation",
        "Moves",
        "black-box",
        "rescaled"
    ],
    "Total Samples": 104,
    "Valid Samples": 104,
    "Invalid Samples": 0,
    "Total Misbehaviors": 52,
    "MisbehaviorPerSample": 0.5,
    "Features": {
        "orientation": {
            "meta": {
                "name": "orientation",
                "min-value": 7.0,
                "max-value": 94.0,
                "num-cells": 25
            },
            "stats": {
                "mean": 54.07692307692308,
                "stdev": 13.086487737907898,
                "median": 54.0
            }
        },
        "moves": {
            "meta": {
                "name": "moves",
                "min-value": 0.0,
                "max-value": 31.0,
                "num-cells": 25
            },
            "stats": {
                "mean": 1.3461538461538463,
                "stdev": 4.3394090035825625,
                "median": 0.0
            }
        }
    },
    "Reports": [
        {
            "Features": [
                "orientation",
                "moves"
            ],
            "Total Cells": 625,
            "Filled Cells": 20,
            "Mapped Misbehaviors": 20,
            "Misbehavior Relative Density": 1.0,
            "Misbehavior Density": 0.032,
            "Filled Cells Density": 0.032,
            "Collisions": 20,
            "Misbehavior Collisions": 13,
            "Collision Ratio": 4.2,
            "Misbehavior Collision Ratio": 1.6,
            "Coverage Sparseness": 15.368421052631579,
            "Misbehavior Sparseness": 15.368421052631579,
            "Avg Sample Distance": 9.236842105263158,
            "Avg Misbehavior Distance": 9.236842105263158
        }
    ]
}