{
    "Tool": "DeepJanus",
    "Run ID": "5",
    "Tags": [
        "Moves",
        "Bitmaps",
        "black-box",
        "rescaled"
    ],
    "Total Samples": 72,
    "Valid Samples": 72,
    "Invalid Samples": 0,
    "Total Misbehaviors": 36,
    "MisbehaviorPerSample": 0.5,
    "Features": {
        "moves": {
            "meta": {
                "name": "moves",
                "min-value": 0.0,
                "max-value": 31.0,
                "num-cells": 25
            },
            "stats": {
                "mean": 0.8333333333333334,
                "stdev": 3.460033379306548,
                "median": 0.0
            }
        },
        "bitmaps": {
            "meta": {
                "name": "bitmaps",
                "min-value": 3.0,
                "max-value": 207.0,
                "num-cells": 25
            },
            "stats": {
                "mean": 100.51388888888889,
                "stdev": 28.67348633260967,
                "median": 95.0
            }
        }
    },
    "Reports": [
        {
            "Features": [
                "moves",
                "bitmaps"
            ],
            "Total Cells": 625,
            "Filled Cells": 15,
            "Mapped Misbehaviors": 15,
            "Misbehavior Relative Density": 1.0,
            "Misbehavior Density": 0.024,
            "Filled Cells Density": 0.024,
            "Collisions": 13,
            "Misbehavior Collisions": 9,
            "Collision Ratio": 3.8,
            "Misbehavior Collision Ratio": 1.4,
            "Coverage Sparseness": 14.857142857142858,
            "Misbehavior Sparseness": 14.857142857142858,
            "Avg Sample Distance": 7.600000000000002,
            "Avg Misbehavior Distance": 7.600000000000002
        }
    ]
}