{
    "Tool": "DeepJanus",
    "Run ID": "20",
    "Tags": [
        "Orientation",
        "Moves",
        "black-box",
        "rescaled"
    ],
    "Total Samples": 86,
    "Valid Samples": 86,
    "Invalid Samples": 0,
    "Total Misbehaviors": 43,
    "MisbehaviorPerSample": 0.5,
    "Features": {
        "orientation": {
            "meta": {
                "name": "orientation",
                "min-value": 7.0,
                "max-value": 94.0,
                "num-cells": 25
            },
            "stats": {
                "mean": 54.02325581395349,
                "stdev": 13.018517801407118,
                "median": 53.0
            }
        },
        "moves": {
            "meta": {
                "name": "moves",
                "min-value": 0.0,
                "max-value": 31.0,
                "num-cells": 25
            },
            "stats": {
                "mean": 0.8372093023255814,
                "stdev": 3.2750768832153043,
                "median": 0.0
            }
        }
    },
    "Reports": [
        {
            "Features": [
                "orientation",
                "moves"
            ],
            "Total Cells": 625,
            "Filled Cells": 17,
            "Mapped Misbehaviors": 16,
            "Misbehavior Relative Density": 0.9411764705882353,
            "Misbehavior Density": 0.0256,
            "Filled Cells Density": 0.0272,
            "Collisions": 16,
            "Misbehavior Collisions": 9,
            "Collision Ratio": 4.0588235294117645,
            "Misbehavior Collision Ratio": 1.6875,
            "Coverage Sparseness": 13.5,
            "Misbehavior Sparseness": 14.266666666666667,
            "Avg Sample Distance": 7.86764705882353,
            "Avg Misbehavior Distance": 7.783333333333337
        }
    ]
}