{
    "Tool": "DeepHyperion",
    "Run ID": "24",
    "Tags": [
        "Moves",
        "Bitmaps",
        "black-box",
        "rescaled"
    ],
    "Total Samples": 98,
    "Valid Samples": 98,
    "Invalid Samples": 0,
    "Total Misbehaviors": 35,
    "MisbehaviorPerSample": 0.35714285714285715,
    "Features": {
        "moves": {
            "meta": {
                "name": "moves",
                "min-value": 0.0,
                "max-value": 31.0,
                "num-cells": 25
            },
            "stats": {
                "mean": 8.612244897959183,
                "stdev": 7.3226560629115545,
                "median": 9.0
            }
        },
        "bitmaps": {
            "meta": {
                "name": "bitmaps",
                "min-value": 3.0,
                "max-value": 207.0,
                "num-cells": 25
            },
            "stats": {
                "mean": 90.51020408163265,
                "stdev": 40.55395919196408,
                "median": 85.0
            }
        }
    },
    "Reports": [
        {
            "Features": [
                "moves",
                "bitmaps"
            ],
            "Total Cells": 625,
            "Filled Cells": 73,
            "Mapped Misbehaviors": 28,
            "Misbehavior Relative Density": 0.3835616438356164,
            "Misbehavior Density": 0.0448,
            "Filled Cells Density": 0.1168,
            "Collisions": 19,
            "Misbehavior Collisions": 6,
            "Collision Ratio": 0.3424657534246575,
            "Misbehavior Collision Ratio": 0.25,
            "Coverage Sparseness": 16.76388888888889,
            "Misbehavior Sparseness": 18.40740740740741,
            "Avg Sample Distance": 11.41704718417047,
            "Avg Misbehavior Distance": 11.230158730158719
        }
    ]
}