{
    "Tool": "DeepJanus",
    "Run ID": "30",
    "Tags": [
        "Moves",
        "Bitmaps",
        "white-box",
        "rescaled"
    ],
    "Total Samples": 24418,
    "Valid Samples": 24418,
    "Invalid Samples": 0,
    "Total Misbehaviors": 4527,
    "MisbehaviorPerSample": 0.18539601933000247,
    "Features": {
        "moves": {
            "meta": {
                "name": "moves",
                "min-value": 0.0,
                "max-value": 31.0,
                "num-cells": 25
            },
            "stats": {
                "mean": 1.2884757146367434,
                "stdev": 4.273246674458032,
                "median": 0.0
            }
        },
        "bitmaps": {
            "meta": {
                "name": "bitmaps",
                "min-value": 3.0,
                "max-value": 207.0,
                "num-cells": 25
            },
            "stats": {
                "mean": 100.1450569252191,
                "stdev": 29.917590465955747,
                "median": 97.0
            }
        }
    },
    "Reports": [
        {
            "Features": [
                "moves",
                "bitmaps"
            ],
            "Total Cells": 625,
            "Filled Cells": 98,
            "Mapped Misbehaviors": 31,
            "Misbehavior Relative Density": 0.3163265306122449,
            "Misbehavior Density": 0.0496,
            "Filled Cells Density": 0.1568,
            "Collisions": 89,
            "Misbehavior Collisions": 27,
            "Collision Ratio": 248.16326530612244,
            "Misbehavior Collision Ratio": 145.03225806451613,
            "Coverage Sparseness": 18.49484536082474,
            "Misbehavior Sparseness": 21.966666666666665,
            "Avg Sample Distance": 11.220281927203862,
            "Avg Misbehavior Distance": 11.333333333333336
        }
    ]
}