{
    "Tool": "DeepJanus",
    "Run ID": "10",
    "Tags": [
        "Orientation",
        "Moves",
        "black-box",
        "rescaled"
    ],
    "Total Samples": 88,
    "Valid Samples": 88,
    "Invalid Samples": 0,
    "Total Misbehaviors": 44,
    "MisbehaviorPerSample": 0.5,
    "Features": {
        "orientation": {
            "meta": {
                "name": "orientation",
                "min-value": 7.0,
                "max-value": 94.0,
                "num-cells": 25
            },
            "stats": {
                "mean": 54.51136363636363,
                "stdev": 13.538361263658507,
                "median": 53.0
            }
        },
        "moves": {
            "meta": {
                "name": "moves",
                "min-value": 0.0,
                "max-value": 31.0,
                "num-cells": 25
            },
            "stats": {
                "mean": 0.6818181818181818,
                "stdev": 3.142388924126073,
                "median": 0.0
            }
        }
    },
    "Reports": [
        {
            "Features": [
                "orientation",
                "moves"
            ],
            "Total Cells": 625,
            "Filled Cells": 16,
            "Mapped Misbehaviors": 16,
            "Misbehavior Relative Density": 1.0,
            "Misbehavior Density": 0.0256,
            "Filled Cells Density": 0.0256,
            "Collisions": 16,
            "Misbehavior Collisions": 12,
            "Collision Ratio": 4.5,
            "Misbehavior Collision Ratio": 1.75,
            "Coverage Sparseness": 13.8,
            "Misbehavior Sparseness": 13.8,
            "Avg Sample Distance": 7.624999999999998,
            "Avg Misbehavior Distance": 7.624999999999998
        }
    ]
}