{
    "Tool": "DeepHyperion",
    "Run ID": "24",
    "Tags": [
        "Orientation",
        "Bitmaps",
        "black-box",
        "rescaled"
    ],
    "Total Samples": 426,
    "Valid Samples": 426,
    "Invalid Samples": 0,
    "Total Misbehaviors": 143,
    "MisbehaviorPerSample": 0.33568075117370894,
    "Features": {
        "orientation": {
            "meta": {
                "name": "orientation",
                "min-value": 7.0,
                "max-value": 94.0,
                "num-cells": 25
            },
            "stats": {
                "mean": 55.07746478873239,
                "stdev": 13.499668288907026,
                "median": 56.0
            }
        },
        "bitmaps": {
            "meta": {
                "name": "bitmaps",
                "min-value": 3.0,
                "max-value": 207.0,
                "num-cells": 25
            },
            "stats": {
                "mean": 100.61267605633803,
                "stdev": 34.73933493722492,
                "median": 98.0
            }
        }
    },
    "Reports": [
        {
            "Features": [
                "orientation",
                "bitmaps"
            ],
            "Total Cells": 625,
            "Filled Cells": 185,
            "Mapped Misbehaviors": 91,
            "Misbehavior Relative Density": 0.4918918918918919,
            "Misbehavior Density": 0.1456,
            "Filled Cells Density": 0.296,
            "Collisions": 118,
            "Misbehavior Collisions": 33,
            "Collision Ratio": 1.3027027027027027,
            "Misbehavior Collision Ratio": 0.5714285714285714,
            "Coverage Sparseness": 16.38586956521739,
            "Misbehavior Sparseness": 15.677777777777777,
            "Avg Sample Distance": 9.872267920093993,
            "Avg Misbehavior Distance": 9.094505494505489
        }
    ]
}