{
    "Tool": "DeepJanus",
    "Run ID": "29",
    "Tags": [
        "Moves",
        "Bitmaps",
        "white-box",
        "rescaled"
    ],
    "Total Samples": 14810,
    "Valid Samples": 14810,
    "Invalid Samples": 0,
    "Total Misbehaviors": 2606,
    "MisbehaviorPerSample": 0.17596218771100608,
    "Features": {
        "moves": {
            "meta": {
                "name": "moves",
                "min-value": 0.0,
                "max-value": 31.0,
                "num-cells": 25
            },
            "stats": {
                "mean": 1.4073598919648886,
                "stdev": 4.454884836240411,
                "median": 0.0
            }
        },
        "bitmaps": {
            "meta": {
                "name": "bitmaps",
                "min-value": 3.0,
                "max-value": 207.0,
                "num-cells": 25
            },
            "stats": {
                "mean": 99.07933828494261,
                "stdev": 29.21416096448112,
                "median": 95.0
            }
        }
    },
    "Reports": [
        {
            "Features": [
                "moves",
                "bitmaps"
            ],
            "Total Cells": 625,
            "Filled Cells": 101,
            "Mapped Misbehaviors": 31,
            "Misbehavior Relative Density": 0.3069306930693069,
            "Misbehavior Density": 0.0496,
            "Filled Cells Density": 0.1616,
            "Collisions": 91,
            "Misbehavior Collisions": 26,
            "Collision Ratio": 145.63366336633663,
            "Misbehavior Collision Ratio": 83.06451612903226,
            "Coverage Sparseness": 16.49,
            "Misbehavior Sparseness": 15.066666666666666,
            "Avg Sample Distance": 10.833663366336646,
            "Avg Misbehavior Distance": 10.425806451612893
        }
    ]
}