{
    "Tool": "DeepJanus",
    "Run ID": "24",
    "Tags": [
        "Orientation",
        "Bitmaps",
        "black-box",
        "rescaled"
    ],
    "Total Samples": 82,
    "Valid Samples": 82,
    "Invalid Samples": 0,
    "Total Misbehaviors": 41,
    "MisbehaviorPerSample": 0.5,
    "Features": {
        "orientation": {
            "meta": {
                "name": "orientation",
                "min-value": 7.0,
                "max-value": 94.0,
                "num-cells": 25
            },
            "stats": {
                "mean": 52.86585365853659,
                "stdev": 13.332187168441987,
                "median": 49.0
            }
        },
        "bitmaps": {
            "meta": {
                "name": "bitmaps",
                "min-value": 3.0,
                "max-value": 207.0,
                "num-cells": 25
            },
            "stats": {
                "mean": 95.23170731707317,
                "stdev": 27.348369297307674,
                "median": 86.5
            }
        }
    },
    "Reports": [
        {
            "Features": [
                "orientation",
                "bitmaps"
            ],
            "Total Cells": 625,
            "Filled Cells": 43,
            "Mapped Misbehaviors": 35,
            "Misbehavior Relative Density": 0.813953488372093,
            "Misbehavior Density": 0.056,
            "Filled Cells Density": 0.0688,
            "Collisions": 27,
            "Misbehavior Collisions": 6,
            "Collision Ratio": 0.9069767441860465,
            "Misbehavior Collision Ratio": 0.17142857142857143,
            "Coverage Sparseness": 14.023809523809524,
            "Misbehavior Sparseness": 13.970588235294118,
            "Avg Sample Distance": 7.736434108527127,
            "Avg Misbehavior Distance": 8.05042016806722
        }
    ]
}