{
    "Tool": "DeepJanus",
    "Run ID": "1",
    "Tags": [
        "Moves",
        "Bitmaps",
        "black-box",
        "rescaled"
    ],
    "Total Samples": 90,
    "Valid Samples": 90,
    "Invalid Samples": 0,
    "Total Misbehaviors": 45,
    "MisbehaviorPerSample": 0.5,
    "Features": {
        "moves": {
            "meta": {
                "name": "moves",
                "min-value": 0.0,
                "max-value": 31.0,
                "num-cells": 25
            },
            "stats": {
                "mean": 0.8,
                "stdev": 3.2053326353704366,
                "median": 0.0
            }
        },
        "bitmaps": {
            "meta": {
                "name": "bitmaps",
                "min-value": 3.0,
                "max-value": 207.0,
                "num-cells": 25
            },
            "stats": {
                "mean": 98.71111111111111,
                "stdev": 28.940560722476263,
                "median": 91.5
            }
        }
    },
    "Reports": [
        {
            "Features": [
                "moves",
                "bitmaps"
            ],
            "Total Cells": 625,
            "Filled Cells": 18,
            "Mapped Misbehaviors": 18,
            "Misbehavior Relative Density": 1.0,
            "Misbehavior Density": 0.0288,
            "Filled Cells Density": 0.0288,
            "Collisions": 16,
            "Misbehavior Collisions": 9,
            "Collision Ratio": 4.0,
            "Misbehavior Collision Ratio": 1.5,
            "Coverage Sparseness": 15.058823529411764,
            "Misbehavior Sparseness": 15.058823529411764,
            "Avg Sample Distance": 7.973856209150327,
            "Avg Misbehavior Distance": 7.973856209150327
        }
    ]
}