{
    "Tool": "DeepHyperion",
    "Run ID": "8",
    "Tags": [
        "Orientation",
        "Moves",
        "black-box",
        "rescaled"
    ],
    "Total Samples": 73,
    "Valid Samples": 73,
    "Invalid Samples": 0,
    "Total Misbehaviors": 25,
    "MisbehaviorPerSample": 0.3424657534246575,
    "Features": {
        "orientation": {
            "meta": {
                "name": "orientation",
                "min-value": 7.0,
                "max-value": 94.0,
                "num-cells": 25
            },
            "stats": {
                "mean": 59.3013698630137,
                "stdev": 14.095591244848757,
                "median": 63
            }
        },
        "moves": {
            "meta": {
                "name": "moves",
                "min-value": 0.0,
                "max-value": 31.0,
                "num-cells": 25
            },
            "stats": {
                "mean": 9.863013698630137,
                "stdev": 7.280710947605839,
                "median": 12
            }
        }
    },
    "Reports": [
        {
            "Features": [
                "orientation",
                "moves"
            ],
            "Total Cells": 625,
            "Filled Cells": 58,
            "Mapped Misbehaviors": 22,
            "Misbehavior Relative Density": 0.3793103448275862,
            "Misbehavior Density": 0.0352,
            "Filled Cells Density": 0.0928,
            "Collisions": 13,
            "Misbehavior Collisions": 3,
            "Collision Ratio": 0.25862068965517243,
            "Misbehavior Collision Ratio": 0.13636363636363635,
            "Coverage Sparseness": 18.80701754385965,
            "Misbehavior Sparseness": 17.714285714285715,
            "Avg Sample Distance": 10.89050211736236,
            "Avg Misbehavior Distance": 11.445887445887445
        }
    ]
}