{
    "Tool": "DeepHyperion",
    "Run ID": "14",
    "Tags": [
        "Orientation",
        "Bitmaps",
        "black-box",
        "rescaled"
    ],
    "Total Samples": 442,
    "Valid Samples": 442,
    "Invalid Samples": 0,
    "Total Misbehaviors": 144,
    "MisbehaviorPerSample": 0.3257918552036199,
    "Features": {
        "orientation": {
            "meta": {
                "name": "orientation",
                "min-value": 7.0,
                "max-value": 94.0,
                "num-cells": 25
            },
            "stats": {
                "mean": 55.51131221719457,
                "stdev": 13.413740834388468,
                "median": 57.5
            }
        },
        "bitmaps": {
            "meta": {
                "name": "bitmaps",
                "min-value": 3.0,
                "max-value": 207.0,
                "num-cells": 25
            },
            "stats": {
                "mean": 100.18552036199095,
                "stdev": 34.74698921133195,
                "median": 97.5
            }
        }
    },
    "Reports": [
        {
            "Features": [
                "orientation",
                "bitmaps"
            ],
            "Total Cells": 625,
            "Filled Cells": 193,
            "Mapped Misbehaviors": 103,
            "Misbehavior Relative Density": 0.533678756476684,
            "Misbehavior Density": 0.1648,
            "Filled Cells Density": 0.3088,
            "Collisions": 114,
            "Misbehavior Collisions": 30,
            "Collision Ratio": 1.2901554404145077,
            "Misbehavior Collision Ratio": 0.39805825242718446,
            "Coverage Sparseness": 16.041666666666668,
            "Misbehavior Sparseness": 15.970588235294118,
            "Avg Sample Distance": 10.080958549222778,
            "Avg Misbehavior Distance": 9.200076146963655
        }
    ]
}