{
    "Tool": "DeepHyperion",
    "Run ID": "4",
    "Tags": [
        "Orientation",
        "Bitmaps",
        "black-box",
        "rescaled"
    ],
    "Total Samples": 455,
    "Valid Samples": 455,
    "Invalid Samples": 0,
    "Total Misbehaviors": 145,
    "MisbehaviorPerSample": 0.31868131868131866,
    "Features": {
        "orientation": {
            "meta": {
                "name": "orientation",
                "min-value": 7.0,
                "max-value": 94.0,
                "num-cells": 25
            },
            "stats": {
                "mean": 55.136263736263736,
                "stdev": 13.586527374487229,
                "median": 56
            }
        },
        "bitmaps": {
            "meta": {
                "name": "bitmaps",
                "min-value": 3.0,
                "max-value": 207.0,
                "num-cells": 25
            },
            "stats": {
                "mean": 99.97142857142858,
                "stdev": 33.90309553302188,
                "median": 97
            }
        }
    },
    "Reports": [
        {
            "Features": [
                "orientation",
                "bitmaps"
            ],
            "Total Cells": 625,
            "Filled Cells": 192,
            "Mapped Misbehaviors": 99,
            "Misbehavior Relative Density": 0.515625,
            "Misbehavior Density": 0.1584,
            "Filled Cells Density": 0.3072,
            "Collisions": 118,
            "Misbehavior Collisions": 33,
            "Collision Ratio": 1.3697916666666667,
            "Misbehavior Collision Ratio": 0.46464646464646464,
            "Coverage Sparseness": 16.853403141361255,
            "Misbehavior Sparseness": 16.540816326530614,
            "Avg Sample Distance": 9.99165575916235,
            "Avg Misbehavior Distance": 9.186147186147155
        }
    ]
}