{
    "Tool": "DeepHyperion",
    "Run ID": "22",
    "Tags": [
        "Orientation",
        "Moves",
        "black-box",
        "rescaled"
    ],
    "Total Samples": 71,
    "Valid Samples": 71,
    "Invalid Samples": 0,
    "Total Misbehaviors": 20,
    "MisbehaviorPerSample": 0.28169014084507044,
    "Features": {
        "orientation": {
            "meta": {
                "name": "orientation",
                "min-value": 7.0,
                "max-value": 94.0,
                "num-cells": 25
            },
            "stats": {
                "mean": 60.971830985915496,
                "stdev": 11.945078880306335,
                "median": 63
            }
        },
        "moves": {
            "meta": {
                "name": "moves",
                "min-value": 0.0,
                "max-value": 31.0,
                "num-cells": 25
            },
            "stats": {
                "mean": 10.253521126760564,
                "stdev": 7.402158584511789,
                "median": 12
            }
        }
    },
    "Reports": [
        {
            "Features": [
                "orientation",
                "moves"
            ],
            "Total Cells": 625,
            "Filled Cells": 60,
            "Mapped Misbehaviors": 18,
            "Misbehavior Relative Density": 0.3,
            "Misbehavior Density": 0.0288,
            "Filled Cells Density": 0.096,
            "Collisions": 8,
            "Misbehavior Collisions": 2,
            "Collision Ratio": 0.18333333333333332,
            "Misbehavior Collision Ratio": 0.1111111111111111,
            "Coverage Sparseness": 18.084745762711865,
            "Misbehavior Sparseness": 15.235294117647058,
            "Avg Sample Distance": 10.140112994350279,
            "Avg Misbehavior Distance": 10.444444444444445
        }
    ]
}