{
    "Tool": "DeepHyperion",
    "Run ID": "14",
    "Tags": [
        "Orientation",
        "Moves",
        "black-box",
        "rescaled"
    ],
    "Total Samples": 78,
    "Valid Samples": 78,
    "Invalid Samples": 0,
    "Total Misbehaviors": 22,
    "MisbehaviorPerSample": 0.28205128205128205,
    "Features": {
        "orientation": {
            "meta": {
                "name": "orientation",
                "min-value": 7.0,
                "max-value": 94.0,
                "num-cells": 25
            },
            "stats": {
                "mean": 61.5,
                "stdev": 12.292696596369309,
                "median": 64.0
            }
        },
        "moves": {
            "meta": {
                "name": "moves",
                "min-value": 0.0,
                "max-value": 31.0,
                "num-cells": 25
            },
            "stats": {
                "mean": 10.564102564102564,
                "stdev": 7.219363830644229,
                "median": 13.0
            }
        }
    },
    "Reports": [
        {
            "Features": [
                "orientation",
                "moves"
            ],
            "Total Cells": 625,
            "Filled Cells": 64,
            "Mapped Misbehaviors": 19,
            "Misbehavior Relative Density": 0.296875,
            "Misbehavior Density": 0.0304,
            "Filled Cells Density": 0.1024,
            "Collisions": 12,
            "Misbehavior Collisions": 3,
            "Collision Ratio": 0.21875,
            "Misbehavior Collision Ratio": 0.15789473684210525,
            "Coverage Sparseness": 17.92063492063492,
            "Misbehavior Sparseness": 16.166666666666668,
            "Avg Sample Distance": 10.155753968253972,
            "Avg Misbehavior Distance": 11.48538011695906
        }
    ]
}