{
    "Tool": "DeepHyperion",
    "Run ID": "6",
    "Tags": [
        "Orientation",
        "Moves",
        "black-box",
        "rescaled"
    ],
    "Total Samples": 74,
    "Valid Samples": 74,
    "Invalid Samples": 0,
    "Total Misbehaviors": 24,
    "MisbehaviorPerSample": 0.32432432432432434,
    "Features": {
        "orientation": {
            "meta": {
                "name": "orientation",
                "min-value": 7.0,
                "max-value": 94.0,
                "num-cells": 25
            },
            "stats": {
                "mean": 60.67567567567568,
                "stdev": 13.68942008048362,
                "median": 64.0
            }
        },
        "moves": {
            "meta": {
                "name": "moves",
                "min-value": 0.0,
                "max-value": 31.0,
                "num-cells": 25
            },
            "stats": {
                "mean": 9.824324324324325,
                "stdev": 7.675540422021446,
                "median": 12.0
            }
        }
    },
    "Reports": [
        {
            "Features": [
                "orientation",
                "moves"
            ],
            "Total Cells": 625,
            "Filled Cells": 56,
            "Mapped Misbehaviors": 19,
            "Misbehavior Relative Density": 0.3392857142857143,
            "Misbehavior Density": 0.0304,
            "Filled Cells Density": 0.0896,
            "Collisions": 13,
            "Misbehavior Collisions": 5,
            "Collision Ratio": 0.32142857142857145,
            "Misbehavior Collision Ratio": 0.2631578947368421,
            "Coverage Sparseness": 19.563636363636363,
            "Misbehavior Sparseness": 17.61111111111111,
            "Avg Sample Distance": 11.30519480519481,
            "Avg Misbehavior Distance": 10.994152046783624
        }
    ]
}