{
    "Tool": "DeepHyperion",
    "Run ID": "13",
    "Tags": [
        "Orientation",
        "Moves",
        "black-box",
        "rescaled"
    ],
    "Total Samples": 77,
    "Valid Samples": 77,
    "Invalid Samples": 0,
    "Total Misbehaviors": 26,
    "MisbehaviorPerSample": 0.33766233766233766,
    "Features": {
        "orientation": {
            "meta": {
                "name": "orientation",
                "min-value": 7.0,
                "max-value": 94.0,
                "num-cells": 25
            },
            "stats": {
                "mean": 61.44155844155844,
                "stdev": 11.830484158902358,
                "median": 63
            }
        },
        "moves": {
            "meta": {
                "name": "moves",
                "min-value": 0.0,
                "max-value": 31.0,
                "num-cells": 25
            },
            "stats": {
                "mean": 9.675324675324676,
                "stdev": 7.561052485985697,
                "median": 12
            }
        }
    },
    "Reports": [
        {
            "Features": [
                "orientation",
                "moves"
            ],
            "Total Cells": 625,
            "Filled Cells": 63,
            "Mapped Misbehaviors": 21,
            "Misbehavior Relative Density": 0.3333333333333333,
            "Misbehavior Density": 0.0336,
            "Filled Cells Density": 0.1008,
            "Collisions": 10,
            "Misbehavior Collisions": 4,
            "Collision Ratio": 0.2222222222222222,
            "Misbehavior Collision Ratio": 0.23809523809523808,
            "Coverage Sparseness": 19.56451612903226,
            "Misbehavior Sparseness": 16.0,
            "Avg Sample Distance": 10.461853558627748,
            "Avg Misbehavior Distance": 10.076190476190474
        }
    ]
}