{
    "Tool": "DeepHyperion",
    "Run ID": "9",
    "Tags": [
        "Orientation",
        "Moves",
        "black-box",
        "rescaled"
    ],
    "Total Samples": 70,
    "Valid Samples": 70,
    "Invalid Samples": 0,
    "Total Misbehaviors": 23,
    "MisbehaviorPerSample": 0.32857142857142857,
    "Features": {
        "orientation": {
            "meta": {
                "name": "orientation",
                "min-value": 7.0,
                "max-value": 94.0,
                "num-cells": 25
            },
            "stats": {
                "mean": 60.55714285714286,
                "stdev": 13.38248445802016,
                "median": 63.0
            }
        },
        "moves": {
            "meta": {
                "name": "moves",
                "min-value": 0.0,
                "max-value": 31.0,
                "num-cells": 25
            },
            "stats": {
                "mean": 10.028571428571428,
                "stdev": 7.241129362975485,
                "median": 11.5
            }
        }
    },
    "Reports": [
        {
            "Features": [
                "orientation",
                "moves"
            ],
            "Total Cells": 625,
            "Filled Cells": 62,
            "Mapped Misbehaviors": 20,
            "Misbehavior Relative Density": 0.3225806451612903,
            "Misbehavior Density": 0.032,
            "Filled Cells Density": 0.0992,
            "Collisions": 7,
            "Misbehavior Collisions": 2,
            "Collision Ratio": 0.12903225806451613,
            "Misbehavior Collision Ratio": 0.15,
            "Coverage Sparseness": 18.18032786885246,
            "Misbehavior Sparseness": 18.210526315789473,
            "Avg Sample Distance": 10.281332628239044,
            "Avg Misbehavior Distance": 10.789473684210527
        }
    ]
}