{
    "Tool": "DeepHyperion",
    "Run ID": "25",
    "Tags": [
        "Moves",
        "Bitmaps",
        "black-box",
        "rescaled"
    ],
    "Total Samples": 89,
    "Valid Samples": 89,
    "Invalid Samples": 0,
    "Total Misbehaviors": 25,
    "MisbehaviorPerSample": 0.2808988764044944,
    "Features": {
        "moves": {
            "meta": {
                "name": "moves",
                "min-value": 0.0,
                "max-value": 31.0,
                "num-cells": 25
            },
            "stats": {
                "mean": 9.775280898876405,
                "stdev": 7.1886160145253335,
                "median": 12
            }
        },
        "bitmaps": {
            "meta": {
                "name": "bitmaps",
                "min-value": 3.0,
                "max-value": 207.0,
                "num-cells": 25
            },
            "stats": {
                "mean": 85.52808988764045,
                "stdev": 37.19026323198796,
                "median": 84
            }
        }
    },
    "Reports": [
        {
            "Features": [
                "moves",
                "bitmaps"
            ],
            "Total Cells": 625,
            "Filled Cells": 64,
            "Mapped Misbehaviors": 18,
            "Misbehavior Relative Density": 0.28125,
            "Misbehavior Density": 0.0288,
            "Filled Cells Density": 0.1024,
            "Collisions": 20,
            "Misbehavior Collisions": 5,
            "Collision Ratio": 0.390625,
            "Misbehavior Collision Ratio": 0.3888888888888889,
            "Coverage Sparseness": 16.904761904761905,
            "Misbehavior Sparseness": 21.705882352941178,
            "Avg Sample Distance": 10.915178571428575,
            "Avg Misbehavior Distance": 12.019607843137258
        }
    ]
}