{
    "Tool": "DeepHyperion",
    "Run ID": "7",
    "Tags": [
        "Moves",
        "Bitmaps",
        "black-box",
        "rescaled"
    ],
    "Total Samples": 88,
    "Valid Samples": 88,
    "Invalid Samples": 0,
    "Total Misbehaviors": 27,
    "MisbehaviorPerSample": 0.3068181818181818,
    "Features": {
        "moves": {
            "meta": {
                "name": "moves",
                "min-value": 0.0,
                "max-value": 31.0,
                "num-cells": 25
            },
            "stats": {
                "mean": 9.613636363636363,
                "stdev": 7.267360219220172,
                "median": 12.0
            }
        },
        "bitmaps": {
            "meta": {
                "name": "bitmaps",
                "min-value": 3.0,
                "max-value": 207.0,
                "num-cells": 25
            },
            "stats": {
                "mean": 90.6590909090909,
                "stdev": 38.96827072506535,
                "median": 84.0
            }
        }
    },
    "Reports": [
        {
            "Features": [
                "moves",
                "bitmaps"
            ],
            "Total Cells": 625,
            "Filled Cells": 71,
            "Mapped Misbehaviors": 22,
            "Misbehavior Relative Density": 0.30985915492957744,
            "Misbehavior Density": 0.0352,
            "Filled Cells Density": 0.1136,
            "Collisions": 15,
            "Misbehavior Collisions": 4,
            "Collision Ratio": 0.23943661971830985,
            "Misbehavior Collision Ratio": 0.22727272727272727,
            "Coverage Sparseness": 15.942857142857143,
            "Misbehavior Sparseness": 16.19047619047619,
            "Avg Sample Distance": 11.022937625754528,
            "Avg Misbehavior Distance": 10.982683982683984
        }
    ]
}