{
    "Tool": "DeepJanus",
    "Run ID": "4",
    "Tags": [
        "Moves",
        "Bitmaps",
        "black-box",
        "rescaled"
    ],
    "Total Samples": 86,
    "Valid Samples": 86,
    "Invalid Samples": 0,
    "Total Misbehaviors": 43,
    "MisbehaviorPerSample": 0.5,
    "Features": {
        "moves": {
            "meta": {
                "name": "moves",
                "min-value": 0.0,
                "max-value": 31.0,
                "num-cells": 25
            },
            "stats": {
                "mean": 0.6976744186046512,
                "stdev": 3.1773824500563554,
                "median": 0.0
            }
        },
        "bitmaps": {
            "meta": {
                "name": "bitmaps",
                "min-value": 3.0,
                "max-value": 207.0,
                "num-cells": 25
            },
            "stats": {
                "mean": 97.69767441860465,
                "stdev": 27.60608192471228,
                "median": 88.5
            }
        }
    },
    "Reports": [
        {
            "Features": [
                "moves",
                "bitmaps"
            ],
            "Total Cells": 625,
            "Filled Cells": 14,
            "Mapped Misbehaviors": 14,
            "Misbehavior Relative Density": 1.0,
            "Misbehavior Density": 0.0224,
            "Filled Cells Density": 0.0224,
            "Collisions": 12,
            "Misbehavior Collisions": 10,
            "Collision Ratio": 5.142857142857143,
            "Misbehavior Collision Ratio": 2.0714285714285716,
            "Coverage Sparseness": 14.538461538461538,
            "Misbehavior Sparseness": 14.538461538461538,
            "Avg Sample Distance": 7.57142857142857,
            "Avg Misbehavior Distance": 7.57142857142857
        }
    ]
}