{
    "Tool": "DeepJanus",
    "Run ID": "5",
    "Tags": [
        "Orientation",
        "Moves",
        "black-box",
        "rescaled"
    ],
    "Total Samples": 72,
    "Valid Samples": 72,
    "Invalid Samples": 0,
    "Total Misbehaviors": 36,
    "MisbehaviorPerSample": 0.5,
    "Features": {
        "orientation": {
            "meta": {
                "name": "orientation",
                "min-value": 7.0,
                "max-value": 94.0,
                "num-cells": 25
            },
            "stats": {
                "mean": 51.55555555555556,
                "stdev": 11.985776651537108,
                "median": 50.0
            }
        },
        "moves": {
            "meta": {
                "name": "moves",
                "min-value": 0.0,
                "max-value": 31.0,
                "num-cells": 25
            },
            "stats": {
                "mean": 0.8333333333333334,
                "stdev": 3.460033379306548,
                "median": 0.0
            }
        }
    },
    "Reports": [
        {
            "Features": [
                "orientation",
                "moves"
            ],
            "Total Cells": 625,
            "Filled Cells": 14,
            "Mapped Misbehaviors": 14,
            "Misbehavior Relative Density": 1.0,
            "Misbehavior Density": 0.0224,
            "Filled Cells Density": 0.0224,
            "Collisions": 14,
            "Misbehavior Collisions": 11,
            "Collision Ratio": 4.142857142857143,
            "Misbehavior Collision Ratio": 1.5714285714285714,
            "Coverage Sparseness": 14.692307692307692,
            "Misbehavior Sparseness": 14.692307692307692,
            "Avg Sample Distance": 7.241758241758243,
            "Avg Misbehavior Distance": 7.241758241758243
        }
    ]
}