{
    "Tool": "DeepJanus",
    "Run ID": "3",
    "Tags": [
        "Orientation",
        "Moves",
        "black-box",
        "rescaled"
    ],
    "Total Samples": 96,
    "Valid Samples": 96,
    "Invalid Samples": 0,
    "Total Misbehaviors": 48,
    "MisbehaviorPerSample": 0.5,
    "Features": {
        "orientation": {
            "meta": {
                "name": "orientation",
                "min-value": 7.0,
                "max-value": 94.0,
                "num-cells": 25
            },
            "stats": {
                "mean": 53.635416666666664,
                "stdev": 13.213326440152574,
                "median": 52.5
            }
        },
        "moves": {
            "meta": {
                "name": "moves",
                "min-value": 0.0,
                "max-value": 31.0,
                "num-cells": 25
            },
            "stats": {
                "mean": 0.75,
                "stdev": 3.1085620300609804,
                "median": 0.0
            }
        }
    },
    "Reports": [
        {
            "Features": [
                "orientation",
                "moves"
            ],
            "Total Cells": 625,
            "Filled Cells": 17,
            "Mapped Misbehaviors": 17,
            "Misbehavior Relative Density": 1.0,
            "Misbehavior Density": 0.0272,
            "Filled Cells Density": 0.0272,
            "Collisions": 17,
            "Misbehavior Collisions": 12,
            "Collision Ratio": 4.647058823529412,
            "Misbehavior Collision Ratio": 1.8235294117647058,
            "Coverage Sparseness": 13.625,
            "Misbehavior Sparseness": 13.625,
            "Avg Sample Distance": 7.676470588235294,
            "Avg Misbehavior Distance": 7.676470588235294
        }
    ]
}