{
    "Tool": "DeepHyperion",
    "Run ID": "28",
    "Tags": [
        "Moves",
        "Bitmaps",
        "black-box",
        "rescaled"
    ],
    "Total Samples": 87,
    "Valid Samples": 87,
    "Invalid Samples": 0,
    "Total Misbehaviors": 27,
    "MisbehaviorPerSample": 0.3103448275862069,
    "Features": {
        "moves": {
            "meta": {
                "name": "moves",
                "min-value": 0.0,
                "max-value": 31.0,
                "num-cells": 25
            },
            "stats": {
                "mean": 9.459770114942529,
                "stdev": 7.2059481207285545,
                "median": 12
            }
        },
        "bitmaps": {
            "meta": {
                "name": "bitmaps",
                "min-value": 3.0,
                "max-value": 207.0,
                "num-cells": 25
            },
            "stats": {
                "mean": 87.71264367816092,
                "stdev": 40.46011761411851,
                "median": 81
            }
        }
    },
    "Reports": [
        {
            "Features": [
                "moves",
                "bitmaps"
            ],
            "Total Cells": 625,
            "Filled Cells": 65,
            "Mapped Misbehaviors": 22,
            "Misbehavior Relative Density": 0.3384615384615385,
            "Misbehavior Density": 0.0352,
            "Filled Cells Density": 0.104,
            "Collisions": 19,
            "Misbehavior Collisions": 5,
            "Collision Ratio": 0.3384615384615385,
            "Misbehavior Collision Ratio": 0.22727272727272727,
            "Coverage Sparseness": 18.3125,
            "Misbehavior Sparseness": 20.19047619047619,
            "Avg Sample Distance": 11.530769230769225,
            "Avg Misbehavior Distance": 11.541125541125542
        }
    ]
}