{
    "Tool": "DeepHyperion",
    "Run ID": "30",
    "Tags": [
        "Moves",
        "Bitmaps",
        "black-box",
        "rescaled"
    ],
    "Total Samples": 92,
    "Valid Samples": 92,
    "Invalid Samples": 0,
    "Total Misbehaviors": 32,
    "MisbehaviorPerSample": 0.34782608695652173,
    "Features": {
        "moves": {
            "meta": {
                "name": "moves",
                "min-value": 0.0,
                "max-value": 31.0,
                "num-cells": 25
            },
            "stats": {
                "mean": 9.076086956521738,
                "stdev": 7.326354198270059,
                "median": 10.0
            }
        },
        "bitmaps": {
            "meta": {
                "name": "bitmaps",
                "min-value": 3.0,
                "max-value": 207.0,
                "num-cells": 25
            },
            "stats": {
                "mean": 89.42391304347827,
                "stdev": 40.55879836951742,
                "median": 82.0
            }
        }
    },
    "Reports": [
        {
            "Features": [
                "moves",
                "bitmaps"
            ],
            "Total Cells": 625,
            "Filled Cells": 69,
            "Mapped Misbehaviors": 24,
            "Misbehavior Relative Density": 0.34782608695652173,
            "Misbehavior Density": 0.0384,
            "Filled Cells Density": 0.1104,
            "Collisions": 19,
            "Misbehavior Collisions": 7,
            "Collision Ratio": 0.3333333333333333,
            "Misbehavior Collision Ratio": 0.3333333333333333,
            "Coverage Sparseness": 18.529411764705884,
            "Misbehavior Sparseness": 19.0,
            "Avg Sample Distance": 11.637681159420273,
            "Avg Misbehavior Distance": 11.655797101449274
        }
    ]
}