{
    "Tool": "DeepHyperion",
    "Run ID": "29",
    "Tags": [
        "Orientation",
        "Bitmaps",
        "black-box",
        "rescaled"
    ],
    "Total Samples": 447,
    "Valid Samples": 447,
    "Invalid Samples": 0,
    "Total Misbehaviors": 150,
    "MisbehaviorPerSample": 0.33557046979865773,
    "Features": {
        "orientation": {
            "meta": {
                "name": "orientation",
                "min-value": 7.0,
                "max-value": 94.0,
                "num-cells": 25
            },
            "stats": {
                "mean": 55.348993288590606,
                "stdev": 13.567433066562367,
                "median": 57
            }
        },
        "bitmaps": {
            "meta": {
                "name": "bitmaps",
                "min-value": 3.0,
                "max-value": 207.0,
                "num-cells": 25
            },
            "stats": {
                "mean": 99.97762863534676,
                "stdev": 34.31931878545455,
                "median": 96
            }
        }
    },
    "Reports": [
        {
            "Features": [
                "orientation",
                "bitmaps"
            ],
            "Total Cells": 625,
            "Filled Cells": 187,
            "Mapped Misbehaviors": 98,
            "Misbehavior Relative Density": 0.5240641711229946,
            "Misbehavior Density": 0.1568,
            "Filled Cells Density": 0.2992,
            "Collisions": 118,
            "Misbehavior Collisions": 34,
            "Collision Ratio": 1.3903743315508021,
            "Misbehavior Collision Ratio": 0.5306122448979592,
            "Coverage Sparseness": 16.865591397849464,
            "Misbehavior Sparseness": 16.79381443298969,
            "Avg Sample Distance": 10.070036225633899,
            "Avg Misbehavior Distance": 9.165579633915408
        }
    ]
}