{
    "Tool": "DeepJanus",
    "Run ID": "19",
    "Tags": [
        "Moves",
        "Bitmaps",
        "black-box",
        "rescaled"
    ],
    "Total Samples": 80,
    "Valid Samples": 80,
    "Invalid Samples": 0,
    "Total Misbehaviors": 40,
    "MisbehaviorPerSample": 0.5,
    "Features": {
        "moves": {
            "meta": {
                "name": "moves",
                "min-value": 0.0,
                "max-value": 31.0,
                "num-cells": 25
            },
            "stats": {
                "mean": 0.9,
                "stdev": 3.3887378629509644,
                "median": 0.0
            }
        },
        "bitmaps": {
            "meta": {
                "name": "bitmaps",
                "min-value": 3.0,
                "max-value": 207.0,
                "num-cells": 25
            },
            "stats": {
                "mean": 98.9875,
                "stdev": 27.094533873510073,
                "median": 93.0
            }
        }
    },
    "Reports": [
        {
            "Features": [
                "moves",
                "bitmaps"
            ],
            "Total Cells": 625,
            "Filled Cells": 15,
            "Mapped Misbehaviors": 14,
            "Misbehavior Relative Density": 0.9333333333333333,
            "Misbehavior Density": 0.0224,
            "Filled Cells Density": 0.024,
            "Collisions": 14,
            "Misbehavior Collisions": 10,
            "Collision Ratio": 4.333333333333333,
            "Misbehavior Collision Ratio": 1.8571428571428572,
            "Coverage Sparseness": 14.428571428571429,
            "Misbehavior Sparseness": 14.076923076923077,
            "Avg Sample Distance": 7.752380952380952,
            "Avg Misbehavior Distance": 7.747252747252747
        }
    ]
}