{
    "Tool": "DeepJanus",
    "Run ID": "26",
    "Tags": [
        "Orientation",
        "Moves",
        "black-box",
        "rescaled"
    ],
    "Total Samples": 88,
    "Valid Samples": 88,
    "Invalid Samples": 0,
    "Total Misbehaviors": 44,
    "MisbehaviorPerSample": 0.5,
    "Features": {
        "orientation": {
            "meta": {
                "name": "orientation",
                "min-value": 7.0,
                "max-value": 94.0,
                "num-cells": 25
            },
            "stats": {
                "mean": 54.48863636363637,
                "stdev": 13.67016578545706,
                "median": 53.5
            }
        },
        "moves": {
            "meta": {
                "name": "moves",
                "min-value": 0.0,
                "max-value": 31.0,
                "num-cells": 25
            },
            "stats": {
                "mean": 1.1704545454545454,
                "stdev": 3.913494457830924,
                "median": 0.0
            }
        }
    },
    "Reports": [
        {
            "Features": [
                "orientation",
                "moves"
            ],
            "Total Cells": 625,
            "Filled Cells": 19,
            "Mapped Misbehaviors": 19,
            "Misbehavior Relative Density": 1.0,
            "Misbehavior Density": 0.0304,
            "Filled Cells Density": 0.0304,
            "Collisions": 18,
            "Misbehavior Collisions": 11,
            "Collision Ratio": 3.6315789473684212,
            "Misbehavior Collision Ratio": 1.3157894736842106,
            "Coverage Sparseness": 14.88888888888889,
            "Misbehavior Sparseness": 14.88888888888889,
            "Avg Sample Distance": 8.561403508771933,
            "Avg Misbehavior Distance": 8.561403508771933
        }
    ]
}