{
    "Tool": "DeepHyperion",
    "Run ID": "20",
    "Tags": [
        "Orientation",
        "Bitmaps",
        "black-box",
        "rescaled"
    ],
    "Total Samples": 444,
    "Valid Samples": 444,
    "Invalid Samples": 0,
    "Total Misbehaviors": 146,
    "MisbehaviorPerSample": 0.32882882882882886,
    "Features": {
        "orientation": {
            "meta": {
                "name": "orientation",
                "min-value": 7.0,
                "max-value": 94.0,
                "num-cells": 25
            },
            "stats": {
                "mean": 55.60585585585586,
                "stdev": 13.402774617123681,
                "median": 57.0
            }
        },
        "bitmaps": {
            "meta": {
                "name": "bitmaps",
                "min-value": 3.0,
                "max-value": 207.0,
                "num-cells": 25
            },
            "stats": {
                "mean": 100.07432432432432,
                "stdev": 34.238459600210604,
                "median": 96.0
            }
        }
    },
    "Reports": [
        {
            "Features": [
                "orientation",
                "bitmaps"
            ],
            "Total Cells": 625,
            "Filled Cells": 189,
            "Mapped Misbehaviors": 101,
            "Misbehavior Relative Density": 0.5343915343915344,
            "Misbehavior Density": 0.1616,
            "Filled Cells Density": 0.3024,
            "Collisions": 126,
            "Misbehavior Collisions": 31,
            "Collision Ratio": 1.3492063492063493,
            "Misbehavior Collision Ratio": 0.44554455445544555,
            "Coverage Sparseness": 16.4468085106383,
            "Misbehavior Sparseness": 16.5,
            "Avg Sample Distance": 9.975008443093586,
            "Avg Misbehavior Distance": 9.09069306930692
        }
    ]
}