{
    "Tool": "DeepJanus",
    "Run ID": "29",
    "Tags": [
        "Orientation",
        "Moves",
        "black-box",
        "rescaled"
    ],
    "Total Samples": 82,
    "Valid Samples": 82,
    "Invalid Samples": 0,
    "Total Misbehaviors": 41,
    "MisbehaviorPerSample": 0.5,
    "Features": {
        "orientation": {
            "meta": {
                "name": "orientation",
                "min-value": 7.0,
                "max-value": 94.0,
                "num-cells": 25
            },
            "stats": {
                "mean": 53.951219512195124,
                "stdev": 13.884801566598354,
                "median": 53.0
            }
        },
        "moves": {
            "meta": {
                "name": "moves",
                "min-value": 0.0,
                "max-value": 31.0,
                "num-cells": 25
            },
            "stats": {
                "mean": 1.3048780487804879,
                "stdev": 4.218387218556997,
                "median": 0.0
            }
        }
    },
    "Reports": [
        {
            "Features": [
                "orientation",
                "moves"
            ],
            "Total Cells": 625,
            "Filled Cells": 20,
            "Mapped Misbehaviors": 18,
            "Misbehavior Relative Density": 0.9,
            "Misbehavior Density": 0.0288,
            "Filled Cells Density": 0.032,
            "Collisions": 16,
            "Misbehavior Collisions": 11,
            "Collision Ratio": 3.1,
            "Misbehavior Collision Ratio": 1.2777777777777777,
            "Coverage Sparseness": 16.263157894736842,
            "Misbehavior Sparseness": 15.176470588235293,
            "Avg Sample Distance": 9.742105263157892,
            "Avg Misbehavior Distance": 8.725490196078432
        }
    ]
}