{
    "Tool": "DeepJanus",
    "Run ID": "8",
    "Tags": [
        "Moves",
        "Bitmaps",
        "black-box",
        "rescaled"
    ],
    "Total Samples": 76,
    "Valid Samples": 76,
    "Invalid Samples": 0,
    "Total Misbehaviors": 38,
    "MisbehaviorPerSample": 0.5,
    "Features": {
        "moves": {
            "meta": {
                "name": "moves",
                "min-value": 0.0,
                "max-value": 31.0,
                "num-cells": 25
            },
            "stats": {
                "mean": 1.394736842105263,
                "stdev": 4.32382222073147,
                "median": 0.0
            }
        },
        "bitmaps": {
            "meta": {
                "name": "bitmaps",
                "min-value": 3.0,
                "max-value": 207.0,
                "num-cells": 25
            },
            "stats": {
                "mean": 97.25,
                "stdev": 28.960720525106645,
                "median": 90.0
            }
        }
    },
    "Reports": [
        {
            "Features": [
                "moves",
                "bitmaps"
            ],
            "Total Cells": 625,
            "Filled Cells": 16,
            "Mapped Misbehaviors": 15,
            "Misbehavior Relative Density": 0.9375,
            "Misbehavior Density": 0.024,
            "Filled Cells Density": 0.0256,
            "Collisions": 14,
            "Misbehavior Collisions": 10,
            "Collision Ratio": 3.75,
            "Misbehavior Collision Ratio": 1.5333333333333334,
            "Coverage Sparseness": 14.066666666666666,
            "Misbehavior Sparseness": 15.0,
            "Avg Sample Distance": 9.324999999999996,
            "Avg Misbehavior Distance": 8.742857142857146
        }
    ]
}