{
    "Tool": "DeepHyperion",
    "Run ID": "13",
    "Tags": [
        "Moves",
        "Bitmaps",
        "black-box",
        "rescaled"
    ],
    "Total Samples": 90,
    "Valid Samples": 90,
    "Invalid Samples": 0,
    "Total Misbehaviors": 31,
    "MisbehaviorPerSample": 0.34444444444444444,
    "Features": {
        "moves": {
            "meta": {
                "name": "moves",
                "min-value": 0.0,
                "max-value": 31.0,
                "num-cells": 25
            },
            "stats": {
                "mean": 9.422222222222222,
                "stdev": 7.4712599568828315,
                "median": 11.5
            }
        },
        "bitmaps": {
            "meta": {
                "name": "bitmaps",
                "min-value": 3.0,
                "max-value": 207.0,
                "num-cells": 25
            },
            "stats": {
                "mean": 87.14444444444445,
                "stdev": 38.44142227229767,
                "median": 81.5
            }
        }
    },
    "Reports": [
        {
            "Features": [
                "moves",
                "bitmaps"
            ],
            "Total Cells": 625,
            "Filled Cells": 67,
            "Mapped Misbehaviors": 24,
            "Misbehavior Relative Density": 0.3582089552238806,
            "Misbehavior Density": 0.0384,
            "Filled Cells Density": 0.1072,
            "Collisions": 20,
            "Misbehavior Collisions": 6,
            "Collision Ratio": 0.34328358208955223,
            "Misbehavior Collision Ratio": 0.2916666666666667,
            "Coverage Sparseness": 19.166666666666668,
            "Misbehavior Sparseness": 22.73913043478261,
            "Avg Sample Distance": 11.841700587969251,
            "Avg Misbehavior Distance": 11.536231884057967
        }
    ]
}