{
    "Tool": "DeepHyperion",
    "Run ID": "19",
    "Tags": [
        "Orientation",
        "Moves",
        "black-box",
        "rescaled"
    ],
    "Total Samples": 72,
    "Valid Samples": 72,
    "Invalid Samples": 0,
    "Total Misbehaviors": 24,
    "MisbehaviorPerSample": 0.3333333333333333,
    "Features": {
        "orientation": {
            "meta": {
                "name": "orientation",
                "min-value": 7.0,
                "max-value": 94.0,
                "num-cells": 25
            },
            "stats": {
                "mean": 61.18055555555556,
                "stdev": 13.204060823179445,
                "median": 63.5
            }
        },
        "moves": {
            "meta": {
                "name": "moves",
                "min-value": 0.0,
                "max-value": 31.0,
                "num-cells": 25
            },
            "stats": {
                "mean": 10.61111111111111,
                "stdev": 7.014181922634918,
                "median": 13.0
            }
        }
    },
    "Reports": [
        {
            "Features": [
                "orientation",
                "moves"
            ],
            "Total Cells": 625,
            "Filled Cells": 58,
            "Mapped Misbehaviors": 20,
            "Misbehavior Relative Density": 0.3448275862068966,
            "Misbehavior Density": 0.032,
            "Filled Cells Density": 0.0928,
            "Collisions": 12,
            "Misbehavior Collisions": 4,
            "Collision Ratio": 0.2413793103448276,
            "Misbehavior Collision Ratio": 0.2,
            "Coverage Sparseness": 18.596491228070175,
            "Misbehavior Sparseness": 17.63157894736842,
            "Avg Sample Distance": 10.294615849969755,
            "Avg Misbehavior Distance": 12.063157894736841
        }
    ]
}