{
    "Tool": "DeepJanus",
    "Run ID": "19",
    "Tags": [
        "Orientation",
        "Moves",
        "black-box",
        "rescaled"
    ],
    "Total Samples": 80,
    "Valid Samples": 80,
    "Invalid Samples": 0,
    "Total Misbehaviors": 40,
    "MisbehaviorPerSample": 0.5,
    "Features": {
        "orientation": {
            "meta": {
                "name": "orientation",
                "min-value": 7.0,
                "max-value": 94.0,
                "num-cells": 25
            },
            "stats": {
                "mean": 53.6125,
                "stdev": 12.597461819898383,
                "median": 53.0
            }
        },
        "moves": {
            "meta": {
                "name": "moves",
                "min-value": 0.0,
                "max-value": 31.0,
                "num-cells": 25
            },
            "stats": {
                "mean": 0.9,
                "stdev": 3.3887378629509644,
                "median": 0.0
            }
        }
    },
    "Reports": [
        {
            "Features": [
                "orientation",
                "moves"
            ],
            "Total Cells": 625,
            "Filled Cells": 16,
            "Mapped Misbehaviors": 16,
            "Misbehavior Relative Density": 1.0,
            "Misbehavior Density": 0.0256,
            "Filled Cells Density": 0.0256,
            "Collisions": 16,
            "Misbehavior Collisions": 12,
            "Collision Ratio": 4.0,
            "Misbehavior Collision Ratio": 1.5,
            "Coverage Sparseness": 13.333333333333334,
            "Misbehavior Sparseness": 13.333333333333334,
            "Avg Sample Distance": 7.300000000000001,
            "Avg Misbehavior Distance": 7.300000000000001
        }
    ]
}