{
    "Tool": "DeepJanus",
    "Run ID": "12",
    "Tags": [
        "Moves",
        "Bitmaps",
        "black-box",
        "rescaled"
    ],
    "Total Samples": 78,
    "Valid Samples": 78,
    "Invalid Samples": 0,
    "Total Misbehaviors": 39,
    "MisbehaviorPerSample": 0.5,
    "Features": {
        "moves": {
            "meta": {
                "name": "moves",
                "min-value": 0.0,
                "max-value": 31.0,
                "num-cells": 25
            },
            "stats": {
                "mean": 0.9230769230769231,
                "stdev": 3.429320597471132,
                "median": 0.0
            }
        },
        "bitmaps": {
            "meta": {
                "name": "bitmaps",
                "min-value": 3.0,
                "max-value": 207.0,
                "num-cells": 25
            },
            "stats": {
                "mean": 101.84615384615384,
                "stdev": 29.876836757350578,
                "median": 96.0
            }
        }
    },
    "Reports": [
        {
            "Features": [
                "moves",
                "bitmaps"
            ],
            "Total Cells": 625,
            "Filled Cells": 16,
            "Mapped Misbehaviors": 15,
            "Misbehavior Relative Density": 0.9375,
            "Misbehavior Density": 0.024,
            "Filled Cells Density": 0.0256,
            "Collisions": 14,
            "Misbehavior Collisions": 10,
            "Collision Ratio": 3.875,
            "Misbehavior Collision Ratio": 1.6,
            "Coverage Sparseness": 14.533333333333333,
            "Misbehavior Sparseness": 14.214285714285714,
            "Avg Sample Distance": 7.733333333333335,
            "Avg Misbehavior Distance": 7.695238095238097
        }
    ]
}