{
    "Tool": "DeepJanus",
    "Run ID": "19",
    "Tags": [
        "Orientation",
        "Bitmaps",
        "black-box",
        "rescaled"
    ],
    "Total Samples": 80,
    "Valid Samples": 80,
    "Invalid Samples": 0,
    "Total Misbehaviors": 40,
    "MisbehaviorPerSample": 0.5,
    "Features": {
        "orientation": {
            "meta": {
                "name": "orientation",
                "min-value": 7.0,
                "max-value": 94.0,
                "num-cells": 25
            },
            "stats": {
                "mean": 53.6125,
                "stdev": 12.597461819898383,
                "median": 53.0
            }
        },
        "bitmaps": {
            "meta": {
                "name": "bitmaps",
                "min-value": 3.0,
                "max-value": 207.0,
                "num-cells": 25
            },
            "stats": {
                "mean": 98.9875,
                "stdev": 27.094533873510073,
                "median": 93.0
            }
        }
    },
    "Reports": [
        {
            "Features": [
                "orientation",
                "bitmaps"
            ],
            "Total Cells": 625,
            "Filled Cells": 42,
            "Mapped Misbehaviors": 33,
            "Misbehavior Relative Density": 0.7857142857142857,
            "Misbehavior Density": 0.0528,
            "Filled Cells Density": 0.0672,
            "Collisions": 26,
            "Misbehavior Collisions": 7,
            "Collision Ratio": 0.9047619047619048,
            "Misbehavior Collision Ratio": 0.21212121212121213,
            "Coverage Sparseness": 12.878048780487806,
            "Misbehavior Sparseness": 13.09375,
            "Avg Sample Distance": 7.549361207897788,
            "Avg Misbehavior Distance": 7.6969696969697
        }
    ]
}