{
    "Tool": "DeepJanus",
    "Run ID": "18",
    "Tags": [
        "Orientation",
        "Bitmaps",
        "black-box",
        "rescaled"
    ],
    "Total Samples": 80,
    "Valid Samples": 80,
    "Invalid Samples": 0,
    "Total Misbehaviors": 40,
    "MisbehaviorPerSample": 0.5,
    "Features": {
        "orientation": {
            "meta": {
                "name": "orientation",
                "min-value": 7.0,
                "max-value": 94.0,
                "num-cells": 25
            },
            "stats": {
                "mean": 53.6625,
                "stdev": 13.180291913941392,
                "median": 52.5
            }
        },
        "bitmaps": {
            "meta": {
                "name": "bitmaps",
                "min-value": 3.0,
                "max-value": 207.0,
                "num-cells": 25
            },
            "stats": {
                "mean": 97.45,
                "stdev": 30.401490636338746,
                "median": 92.5
            }
        }
    },
    "Reports": [
        {
            "Features": [
                "orientation",
                "bitmaps"
            ],
            "Total Cells": 625,
            "Filled Cells": 45,
            "Mapped Misbehaviors": 35,
            "Misbehavior Relative Density": 0.7777777777777778,
            "Misbehavior Density": 0.056,
            "Filled Cells Density": 0.072,
            "Collisions": 26,
            "Misbehavior Collisions": 5,
            "Collision Ratio": 0.7777777777777778,
            "Misbehavior Collision Ratio": 0.14285714285714285,
            "Coverage Sparseness": 14.727272727272727,
            "Misbehavior Sparseness": 14.794117647058824,
            "Avg Sample Distance": 8.911111111111095,
            "Avg Misbehavior Distance": 8.363025210084032
        }
    ]
}