{
    "Tool": "DeepHyperion",
    "Run ID": "2",
    "Tags": [
        "Orientation",
        "Bitmaps",
        "black-box",
        "rescaled"
    ],
    "Total Samples": 454,
    "Valid Samples": 454,
    "Invalid Samples": 0,
    "Total Misbehaviors": 145,
    "MisbehaviorPerSample": 0.31938325991189426,
    "Features": {
        "orientation": {
            "meta": {
                "name": "orientation",
                "min-value": 7.0,
                "max-value": 94.0,
                "num-cells": 25
            },
            "stats": {
                "mean": 55.56167400881057,
                "stdev": 13.543631815522094,
                "median": 57.0
            }
        },
        "bitmaps": {
            "meta": {
                "name": "bitmaps",
                "min-value": 3.0,
                "max-value": 207.0,
                "num-cells": 25
            },
            "stats": {
                "mean": 99.2511013215859,
                "stdev": 33.85234052542474,
                "median": 95.5
            }
        }
    },
    "Reports": [
        {
            "Features": [
                "orientation",
                "bitmaps"
            ],
            "Total Cells": 625,
            "Filled Cells": 191,
            "Mapped Misbehaviors": 97,
            "Misbehavior Relative Density": 0.5078534031413613,
            "Misbehavior Density": 0.1552,
            "Filled Cells Density": 0.3056,
            "Collisions": 122,
            "Misbehavior Collisions": 35,
            "Collision Ratio": 1.3769633507853403,
            "Misbehavior Collision Ratio": 0.4948453608247423,
            "Coverage Sparseness": 17.305263157894736,
            "Misbehavior Sparseness": 16.385416666666668,
            "Avg Sample Distance": 9.935519426839367,
            "Avg Misbehavior Distance": 9.082903780068753
        }
    ]
}