{
    "Tool": "DeepJanus",
    "Run ID": "24",
    "Tags": [
        "Moves",
        "Bitmaps",
        "black-box",
        "rescaled"
    ],
    "Total Samples": 82,
    "Valid Samples": 82,
    "Invalid Samples": 0,
    "Total Misbehaviors": 41,
    "MisbehaviorPerSample": 0.5,
    "Features": {
        "moves": {
            "meta": {
                "name": "moves",
                "min-value": 0.0,
                "max-value": 31.0,
                "num-cells": 25
            },
            "stats": {
                "mean": 1.3902439024390243,
                "stdev": 4.331213434630113,
                "median": 0.0
            }
        },
        "bitmaps": {
            "meta": {
                "name": "bitmaps",
                "min-value": 3.0,
                "max-value": 207.0,
                "num-cells": 25
            },
            "stats": {
                "mean": 95.23170731707317,
                "stdev": 27.348369297307674,
                "median": 86.5
            }
        }
    },
    "Reports": [
        {
            "Features": [
                "moves",
                "bitmaps"
            ],
            "Total Cells": 625,
            "Filled Cells": 17,
            "Mapped Misbehaviors": 16,
            "Misbehavior Relative Density": 0.9411764705882353,
            "Misbehavior Density": 0.0256,
            "Filled Cells Density": 0.0272,
            "Collisions": 15,
            "Misbehavior Collisions": 9,
            "Collision Ratio": 3.823529411764706,
            "Misbehavior Collision Ratio": 1.5625,
            "Coverage Sparseness": 15.75,
            "Misbehavior Sparseness": 15.666666666666666,
            "Avg Sample Distance": 9.249999999999998,
            "Avg Misbehavior Distance": 9.249999999999998
        }
    ]
}