{
    "Tool": "DeepJanus",
    "Run ID": "6",
    "Tags": [
        "Orientation",
        "Moves",
        "black-box",
        "rescaled"
    ],
    "Total Samples": 68,
    "Valid Samples": 68,
    "Invalid Samples": 0,
    "Total Misbehaviors": 34,
    "MisbehaviorPerSample": 0.5,
    "Features": {
        "orientation": {
            "meta": {
                "name": "orientation",
                "min-value": 7.0,
                "max-value": 94.0,
                "num-cells": 25
            },
            "stats": {
                "mean": 52.8235294117647,
                "stdev": 13.138687519892947,
                "median": 50.5
            }
        },
        "moves": {
            "meta": {
                "name": "moves",
                "min-value": 0.0,
                "max-value": 31.0,
                "num-cells": 25
            },
            "stats": {
                "mean": 0.8823529411764706,
                "stdev": 3.5556531056757583,
                "median": 0.0
            }
        }
    },
    "Reports": [
        {
            "Features": [
                "orientation",
                "moves"
            ],
            "Total Cells": 625,
            "Filled Cells": 15,
            "Mapped Misbehaviors": 15,
            "Misbehavior Relative Density": 1.0,
            "Misbehavior Density": 0.024,
            "Filled Cells Density": 0.024,
            "Collisions": 15,
            "Misbehavior Collisions": 9,
            "Collision Ratio": 3.533333333333333,
            "Misbehavior Collision Ratio": 1.2666666666666666,
            "Coverage Sparseness": 14.5,
            "Misbehavior Sparseness": 14.5,
            "Avg Sample Distance": 7.733333333333334,
            "Avg Misbehavior Distance": 7.733333333333334
        }
    ]
}