{
    "Tool": "DeepJanus",
    "Run ID": "26",
    "Tags": [
        "Orientation",
        "Moves",
        "white-box",
        "rescaled"
    ],
    "Total Samples": 17718,
    "Valid Samples": 17718,
    "Invalid Samples": 0,
    "Total Misbehaviors": 3126,
    "MisbehaviorPerSample": 0.1764307483914663,
    "Features": {
        "orientation": {
            "meta": {
                "name": "orientation",
                "min-value": 7.0,
                "max-value": 94.0,
                "num-cells": 25
            },
            "stats": {
                "mean": 57.75262444971216,
                "stdev": 11.9113836614621,
                "median": 61.0
            }
        },
        "moves": {
            "meta": {
                "name": "moves",
                "min-value": 0.0,
                "max-value": 31.0,
                "num-cells": 25
            },
            "stats": {
                "mean": 1.3331075742183092,
                "stdev": 4.3091043849484265,
                "median": 0.0
            }
        }
    },
    "Reports": [
        {
            "Features": [
                "orientation",
                "moves"
            ],
            "Total Cells": 625,
            "Filled Cells": 85,
            "Mapped Misbehaviors": 34,
            "Misbehavior Relative Density": 0.4,
            "Misbehavior Density": 0.0544,
            "Filled Cells Density": 0.136,
            "Collisions": 76,
            "Misbehavior Collisions": 28,
            "Collision Ratio": 207.4470588235294,
            "Misbehavior Collision Ratio": 90.94117647058823,
            "Coverage Sparseness": 19.107142857142858,
            "Misbehavior Sparseness": 18.696969696969695,
            "Avg Sample Distance": 10.589355742296913,
            "Avg Misbehavior Distance": 11.773618538324417
        }
    ]
}