{
    "Tool": "DeepHyperion",
    "Run ID": "20",
    "Tags": [
        "Moves",
        "Bitmaps",
        "black-box",
        "rescaled"
    ],
    "Total Samples": 92,
    "Valid Samples": 92,
    "Invalid Samples": 0,
    "Total Misbehaviors": 29,
    "MisbehaviorPerSample": 0.31521739130434784,
    "Features": {
        "moves": {
            "meta": {
                "name": "moves",
                "min-value": 0.0,
                "max-value": 31.0,
                "num-cells": 25
            },
            "stats": {
                "mean": 9.282608695652174,
                "stdev": 7.575736408489446,
                "median": 10.5
            }
        },
        "bitmaps": {
            "meta": {
                "name": "bitmaps",
                "min-value": 3.0,
                "max-value": 207.0,
                "num-cells": 25
            },
            "stats": {
                "mean": 87.81521739130434,
                "stdev": 40.06256901667638,
                "median": 80.5
            }
        }
    },
    "Reports": [
        {
            "Features": [
                "moves",
                "bitmaps"
            ],
            "Total Cells": 625,
            "Filled Cells": 71,
            "Mapped Misbehaviors": 21,
            "Misbehavior Relative Density": 0.29577464788732394,
            "Misbehavior Density": 0.0336,
            "Filled Cells Density": 0.1136,
            "Collisions": 17,
            "Misbehavior Collisions": 7,
            "Collision Ratio": 0.29577464788732394,
            "Misbehavior Collision Ratio": 0.38095238095238093,
            "Coverage Sparseness": 20.12857142857143,
            "Misbehavior Sparseness": 19.1,
            "Avg Sample Distance": 11.346478873239446,
            "Avg Misbehavior Distance": 10.63809523809524
        }
    ]
}