{
    "Tool": "DeepJanus",
    "Run ID": "11",
    "Tags": [
        "Orientation",
        "Bitmaps",
        "black-box",
        "rescaled"
    ],
    "Total Samples": 82,
    "Valid Samples": 82,
    "Invalid Samples": 0,
    "Total Misbehaviors": 41,
    "MisbehaviorPerSample": 0.5,
    "Features": {
        "orientation": {
            "meta": {
                "name": "orientation",
                "min-value": 7.0,
                "max-value": 94.0,
                "num-cells": 25
            },
            "stats": {
                "mean": 52.91463414634146,
                "stdev": 12.304973620062116,
                "median": 53.0
            }
        },
        "bitmaps": {
            "meta": {
                "name": "bitmaps",
                "min-value": 3.0,
                "max-value": 207.0,
                "num-cells": 25
            },
            "stats": {
                "mean": 95.14634146341463,
                "stdev": 29.865592718464054,
                "median": 85.5
            }
        }
    },
    "Reports": [
        {
            "Features": [
                "orientation",
                "bitmaps"
            ],
            "Total Cells": 625,
            "Filled Cells": 43,
            "Mapped Misbehaviors": 35,
            "Misbehavior Relative Density": 0.813953488372093,
            "Misbehavior Density": 0.056,
            "Filled Cells Density": 0.0688,
            "Collisions": 25,
            "Misbehavior Collisions": 6,
            "Collision Ratio": 0.9069767441860465,
            "Misbehavior Collision Ratio": 0.17142857142857143,
            "Coverage Sparseness": 11.380952380952381,
            "Misbehavior Sparseness": 11.735294117647058,
            "Avg Sample Distance": 7.8671096345514915,
            "Avg Misbehavior Distance": 8.231932773109264
        }
    ]
}