{
    "Tool": "DeepHyperion",
    "Run ID": "4",
    "Tags": [
        "Orientation",
        "Moves",
        "black-box",
        "rescaled"
    ],
    "Total Samples": 77,
    "Valid Samples": 77,
    "Invalid Samples": 0,
    "Total Misbehaviors": 26,
    "MisbehaviorPerSample": 0.33766233766233766,
    "Features": {
        "orientation": {
            "meta": {
                "name": "orientation",
                "min-value": 7.0,
                "max-value": 94.0,
                "num-cells": 25
            },
            "stats": {
                "mean": 61.688311688311686,
                "stdev": 12.741622366604304,
                "median": 64
            }
        },
        "moves": {
            "meta": {
                "name": "moves",
                "min-value": 0.0,
                "max-value": 31.0,
                "num-cells": 25
            },
            "stats": {
                "mean": 10.623376623376624,
                "stdev": 7.337787851502445,
                "median": 13
            }
        }
    },
    "Reports": [
        {
            "Features": [
                "orientation",
                "moves"
            ],
            "Total Cells": 625,
            "Filled Cells": 59,
            "Mapped Misbehaviors": 22,
            "Misbehavior Relative Density": 0.3728813559322034,
            "Misbehavior Density": 0.0352,
            "Filled Cells Density": 0.0944,
            "Collisions": 15,
            "Misbehavior Collisions": 4,
            "Collision Ratio": 0.3050847457627119,
            "Misbehavior Collision Ratio": 0.18181818181818182,
            "Coverage Sparseness": 19.689655172413794,
            "Misbehavior Sparseness": 16.714285714285715,
            "Avg Sample Distance": 10.504967855055526,
            "Avg Misbehavior Distance": 11.562770562770567
        }
    ]
}