{
    "Tool": "DeepHyperion",
    "Run ID": "1",
    "Tags": [
        "Orientation",
        "Bitmaps",
        "black-box",
        "rescaled"
    ],
    "Total Samples": 448,
    "Valid Samples": 448,
    "Invalid Samples": 0,
    "Total Misbehaviors": 137,
    "MisbehaviorPerSample": 0.30580357142857145,
    "Features": {
        "orientation": {
            "meta": {
                "name": "orientation",
                "min-value": 7.0,
                "max-value": 94.0,
                "num-cells": 25
            },
            "stats": {
                "mean": 55.607142857142854,
                "stdev": 13.665454505870978,
                "median": 58.0
            }
        },
        "bitmaps": {
            "meta": {
                "name": "bitmaps",
                "min-value": 3.0,
                "max-value": 207.0,
                "num-cells": 25
            },
            "stats": {
                "mean": 99.28125,
                "stdev": 34.39650893073197,
                "median": 96.5
            }
        }
    },
    "Reports": [
        {
            "Features": [
                "orientation",
                "bitmaps"
            ],
            "Total Cells": 625,
            "Filled Cells": 182,
            "Mapped Misbehaviors": 91,
            "Misbehavior Relative Density": 0.5,
            "Misbehavior Density": 0.1456,
            "Filled Cells Density": 0.2912,
            "Collisions": 115,
            "Misbehavior Collisions": 33,
            "Collision Ratio": 1.4615384615384615,
            "Misbehavior Collision Ratio": 0.5054945054945055,
            "Coverage Sparseness": 16.96132596685083,
            "Misbehavior Sparseness": 16.744444444444444,
            "Avg Sample Distance": 10.037095501183943,
            "Avg Misbehavior Distance": 9.164346764346721
        }
    ]
}