{
    "Tool": "DeepJanus",
    "Run ID": "25",
    "Tags": [
        "Moves",
        "Bitmaps",
        "black-box",
        "rescaled"
    ],
    "Total Samples": 94,
    "Valid Samples": 94,
    "Invalid Samples": 0,
    "Total Misbehaviors": 47,
    "MisbehaviorPerSample": 0.5,
    "Features": {
        "moves": {
            "meta": {
                "name": "moves",
                "min-value": 0.0,
                "max-value": 31.0,
                "num-cells": 25
            },
            "stats": {
                "mean": 0.776595744680851,
                "stdev": 3.189884062069351,
                "median": 0.0
            }
        },
        "bitmaps": {
            "meta": {
                "name": "bitmaps",
                "min-value": 3.0,
                "max-value": 207.0,
                "num-cells": 25
            },
            "stats": {
                "mean": 95.25531914893617,
                "stdev": 29.67817929457828,
                "median": 85.5
            }
        }
    },
    "Reports": [
        {
            "Features": [
                "moves",
                "bitmaps"
            ],
            "Total Cells": 625,
            "Filled Cells": 17,
            "Mapped Misbehaviors": 16,
            "Misbehavior Relative Density": 0.9411764705882353,
            "Misbehavior Density": 0.0256,
            "Filled Cells Density": 0.0272,
            "Collisions": 15,
            "Misbehavior Collisions": 11,
            "Collision Ratio": 4.529411764705882,
            "Misbehavior Collision Ratio": 1.9375,
            "Coverage Sparseness": 14.4375,
            "Misbehavior Sparseness": 15.266666666666667,
            "Avg Sample Distance": 8.823529411764708,
            "Avg Misbehavior Distance": 8.258333333333331
        }
    ]
}