{
    "Tool": "DeepJanus",
    "Run ID": "29",
    "Tags": [
        "Orientation",
        "Bitmaps",
        "black-box",
        "rescaled"
    ],
    "Total Samples": 82,
    "Valid Samples": 82,
    "Invalid Samples": 0,
    "Total Misbehaviors": 41,
    "MisbehaviorPerSample": 0.5,
    "Features": {
        "orientation": {
            "meta": {
                "name": "orientation",
                "min-value": 7.0,
                "max-value": 94.0,
                "num-cells": 25
            },
            "stats": {
                "mean": 53.951219512195124,
                "stdev": 13.884801566598354,
                "median": 53.0
            }
        },
        "bitmaps": {
            "meta": {
                "name": "bitmaps",
                "min-value": 3.0,
                "max-value": 207.0,
                "num-cells": 25
            },
            "stats": {
                "mean": 94,
                "stdev": 29.744176730626048,
                "median": 84.5
            }
        }
    },
    "Reports": [
        {
            "Features": [
                "orientation",
                "bitmaps"
            ],
            "Total Cells": 625,
            "Filled Cells": 43,
            "Mapped Misbehaviors": 35,
            "Misbehavior Relative Density": 0.813953488372093,
            "Misbehavior Density": 0.056,
            "Filled Cells Density": 0.0688,
            "Collisions": 28,
            "Misbehavior Collisions": 6,
            "Collision Ratio": 0.9069767441860465,
            "Misbehavior Collision Ratio": 0.17142857142857143,
            "Coverage Sparseness": 14.785714285714286,
            "Misbehavior Sparseness": 14.823529411764707,
            "Avg Sample Distance": 7.991140642303427,
            "Avg Misbehavior Distance": 8.40336134453782
        }
    ]
}