{
    "Tool": "DeepJanus",
    "Run ID": "27",
    "Tags": [
        "Orientation",
        "Moves",
        "black-box",
        "rescaled"
    ],
    "Total Samples": 94,
    "Valid Samples": 94,
    "Invalid Samples": 0,
    "Total Misbehaviors": 47,
    "MisbehaviorPerSample": 0.5,
    "Features": {
        "orientation": {
            "meta": {
                "name": "orientation",
                "min-value": 7.0,
                "max-value": 94.0,
                "num-cells": 25
            },
            "stats": {
                "mean": 53.1063829787234,
                "stdev": 13.480745396820634,
                "median": 51.5
            }
        },
        "moves": {
            "meta": {
                "name": "moves",
                "min-value": 0.0,
                "max-value": 31.0,
                "num-cells": 25
            },
            "stats": {
                "mean": 1.3191489361702127,
                "stdev": 4.080408913615238,
                "median": 0.0
            }
        }
    },
    "Reports": [
        {
            "Features": [
                "orientation",
                "moves"
            ],
            "Total Cells": 625,
            "Filled Cells": 19,
            "Mapped Misbehaviors": 19,
            "Misbehavior Relative Density": 1.0,
            "Misbehavior Density": 0.0304,
            "Filled Cells Density": 0.0304,
            "Collisions": 19,
            "Misbehavior Collisions": 12,
            "Collision Ratio": 3.9473684210526314,
            "Misbehavior Collision Ratio": 1.4736842105263157,
            "Coverage Sparseness": 14.444444444444445,
            "Misbehavior Sparseness": 14.444444444444445,
            "Avg Sample Distance": 8.72514619883041,
            "Avg Misbehavior Distance": 8.72514619883041
        }
    ]
}