{
    "Tool": "DeepJanus",
    "Run ID": "2",
    "Tags": [
        "Moves",
        "Bitmaps",
        "black-box",
        "rescaled"
    ],
    "Total Samples": 88,
    "Valid Samples": 88,
    "Invalid Samples": 0,
    "Total Misbehaviors": 44,
    "MisbehaviorPerSample": 0.5,
    "Features": {
        "moves": {
            "meta": {
                "name": "moves",
                "min-value": 0.0,
                "max-value": 31.0,
                "num-cells": 25
            },
            "stats": {
                "mean": 0.8181818181818182,
                "stdev": 3.2396447036122087,
                "median": 0.0
            }
        },
        "bitmaps": {
            "meta": {
                "name": "bitmaps",
                "min-value": 3.0,
                "max-value": 207.0,
                "num-cells": 25
            },
            "stats": {
                "mean": 96.92045454545455,
                "stdev": 29.70592324189037,
                "median": 91.0
            }
        }
    },
    "Reports": [
        {
            "Features": [
                "moves",
                "bitmaps"
            ],
            "Total Cells": 625,
            "Filled Cells": 19,
            "Mapped Misbehaviors": 18,
            "Misbehavior Relative Density": 0.9473684210526315,
            "Misbehavior Density": 0.0288,
            "Filled Cells Density": 0.0304,
            "Collisions": 16,
            "Misbehavior Collisions": 11,
            "Collision Ratio": 3.6315789473684212,
            "Misbehavior Collision Ratio": 1.4444444444444444,
            "Coverage Sparseness": 15.222222222222221,
            "Misbehavior Sparseness": 14.882352941176471,
            "Avg Sample Distance": 8.081871345029239,
            "Avg Misbehavior Distance": 7.875816993464052
        }
    ]
}