{
    "Tool": "DeepJanus",
    "Run ID": "17",
    "Tags": [
        "Orientation",
        "Moves",
        "black-box",
        "rescaled"
    ],
    "Total Samples": 92,
    "Valid Samples": 92,
    "Invalid Samples": 0,
    "Total Misbehaviors": 46,
    "MisbehaviorPerSample": 0.5,
    "Features": {
        "orientation": {
            "meta": {
                "name": "orientation",
                "min-value": 7.0,
                "max-value": 94.0,
                "num-cells": 25
            },
            "stats": {
                "mean": 53.80434782608695,
                "stdev": 13.905678443592338,
                "median": 53.0
            }
        },
        "moves": {
            "meta": {
                "name": "moves",
                "min-value": 0.0,
                "max-value": 31.0,
                "num-cells": 25
            },
            "stats": {
                "mean": 1.391304347826087,
                "stdev": 4.542731234751808,
                "median": 0.0
            }
        }
    },
    "Reports": [
        {
            "Features": [
                "orientation",
                "moves"
            ],
            "Total Cells": 625,
            "Filled Cells": 19,
            "Mapped Misbehaviors": 19,
            "Misbehavior Relative Density": 1.0,
            "Misbehavior Density": 0.0304,
            "Filled Cells Density": 0.0304,
            "Collisions": 19,
            "Misbehavior Collisions": 13,
            "Collision Ratio": 3.8421052631578947,
            "Misbehavior Collision Ratio": 1.4210526315789473,
            "Coverage Sparseness": 15.61111111111111,
            "Misbehavior Sparseness": 15.61111111111111,
            "Avg Sample Distance": 9.309941520467833,
            "Avg Misbehavior Distance": 9.309941520467833
        }
    ]
}