{
    "Tool": "DeepHyperion",
    "Run ID": "8",
    "Tags": [
        "Moves",
        "Bitmaps",
        "black-box",
        "rescaled"
    ],
    "Total Samples": 84,
    "Valid Samples": 84,
    "Invalid Samples": 0,
    "Total Misbehaviors": 25,
    "MisbehaviorPerSample": 0.2976190476190476,
    "Features": {
        "moves": {
            "meta": {
                "name": "moves",
                "min-value": 0.0,
                "max-value": 31.0,
                "num-cells": 25
            },
            "stats": {
                "mean": 9.80952380952381,
                "stdev": 7.336123184964143,
                "median": 12.0
            }
        },
        "bitmaps": {
            "meta": {
                "name": "bitmaps",
                "min-value": 3.0,
                "max-value": 207.0,
                "num-cells": 25
            },
            "stats": {
                "mean": 83.91666666666667,
                "stdev": 35.69658224446345,
                "median": 78.5
            }
        }
    },
    "Reports": [
        {
            "Features": [
                "moves",
                "bitmaps"
            ],
            "Total Cells": 625,
            "Filled Cells": 65,
            "Mapped Misbehaviors": 21,
            "Misbehavior Relative Density": 0.3230769230769231,
            "Misbehavior Density": 0.0336,
            "Filled Cells Density": 0.104,
            "Collisions": 17,
            "Misbehavior Collisions": 4,
            "Collision Ratio": 0.2923076923076923,
            "Misbehavior Collision Ratio": 0.19047619047619047,
            "Coverage Sparseness": 17.734375,
            "Misbehavior Sparseness": 20.0,
            "Avg Sample Distance": 10.813461538461528,
            "Avg Misbehavior Distance": 11.085714285714289
        }
    ]
}