{
    "Tool": "DeepJanus",
    "Run ID": "26",
    "Tags": [
        "Orientation",
        "Bitmaps",
        "white-box",
        "rescaled"
    ],
    "Total Samples": 17718,
    "Valid Samples": 17718,
    "Invalid Samples": 0,
    "Total Misbehaviors": 3126,
    "MisbehaviorPerSample": 0.1764307483914663,
    "Features": {
        "orientation": {
            "meta": {
                "name": "orientation",
                "min-value": 7.0,
                "max-value": 94.0,
                "num-cells": 25
            },
            "stats": {
                "mean": 57.75262444971216,
                "stdev": 11.9113836614621,
                "median": 61.0
            }
        },
        "bitmaps": {
            "meta": {
                "name": "bitmaps",
                "min-value": 3.0,
                "max-value": 207.0,
                "num-cells": 25
            },
            "stats": {
                "mean": 100.16220792414494,
                "stdev": 29.922473074580985,
                "median": 97.0
            }
        }
    },
    "Reports": [
        {
            "Features": [
                "orientation",
                "bitmaps"
            ],
            "Total Cells": 625,
            "Filled Cells": 227,
            "Mapped Misbehaviors": 125,
            "Misbehavior Relative Density": 0.5506607929515418,
            "Misbehavior Density": 0.2,
            "Filled Cells Density": 0.3632,
            "Collisions": 215,
            "Misbehavior Collisions": 107,
            "Collision Ratio": 77.05286343612335,
            "Misbehavior Collision Ratio": 24.008,
            "Coverage Sparseness": 17.292035398230087,
            "Misbehavior Sparseness": 16.870967741935484,
            "Avg Sample Distance": 10.595376398580896,
            "Avg Misbehavior Distance": 9.080258064516148
        }
    ]
}