{
    "Tool": "DeepHyperion",
    "Run ID": "10",
    "Tags": [
        "Moves",
        "Bitmaps",
        "black-box",
        "rescaled"
    ],
    "Total Samples": 91,
    "Valid Samples": 91,
    "Invalid Samples": 0,
    "Total Misbehaviors": 30,
    "MisbehaviorPerSample": 0.32967032967032966,
    "Features": {
        "moves": {
            "meta": {
                "name": "moves",
                "min-value": 0.0,
                "max-value": 31.0,
                "num-cells": 25
            },
            "stats": {
                "mean": 9.296703296703297,
                "stdev": 7.356772398416314,
                "median": 11
            }
        },
        "bitmaps": {
            "meta": {
                "name": "bitmaps",
                "min-value": 3.0,
                "max-value": 207.0,
                "num-cells": 25
            },
            "stats": {
                "mean": 87.3956043956044,
                "stdev": 40.11452469586411,
                "median": 79
            }
        }
    },
    "Reports": [
        {
            "Features": [
                "moves",
                "bitmaps"
            ],
            "Total Cells": 625,
            "Filled Cells": 73,
            "Mapped Misbehaviors": 23,
            "Misbehavior Relative Density": 0.3150684931506849,
            "Misbehavior Density": 0.0368,
            "Filled Cells Density": 0.1168,
            "Collisions": 15,
            "Misbehavior Collisions": 6,
            "Collision Ratio": 0.2465753424657534,
            "Misbehavior Collision Ratio": 0.30434782608695654,
            "Coverage Sparseness": 18.02777777777778,
            "Misbehavior Sparseness": 19.318181818181817,
            "Avg Sample Distance": 11.805175038051734,
            "Avg Misbehavior Distance": 11.304347826086955
        }
    ]
}