{
    "Tool": "DeepHyperion",
    "Run ID": "16",
    "Tags": [
        "Moves",
        "Bitmaps",
        "black-box",
        "rescaled"
    ],
    "Total Samples": 91,
    "Valid Samples": 91,
    "Invalid Samples": 0,
    "Total Misbehaviors": 31,
    "MisbehaviorPerSample": 0.34065934065934067,
    "Features": {
        "moves": {
            "meta": {
                "name": "moves",
                "min-value": 0.0,
                "max-value": 31.0,
                "num-cells": 25
            },
            "stats": {
                "mean": 8.637362637362637,
                "stdev": 7.522583013118246,
                "median": 9
            }
        },
        "bitmaps": {
            "meta": {
                "name": "bitmaps",
                "min-value": 3.0,
                "max-value": 207.0,
                "num-cells": 25
            },
            "stats": {
                "mean": 90.97802197802197,
                "stdev": 39.45038459803459,
                "median": 85
            }
        }
    },
    "Reports": [
        {
            "Features": [
                "moves",
                "bitmaps"
            ],
            "Total Cells": 625,
            "Filled Cells": 65,
            "Mapped Misbehaviors": 22,
            "Misbehavior Relative Density": 0.3384615384615385,
            "Misbehavior Density": 0.0352,
            "Filled Cells Density": 0.104,
            "Collisions": 20,
            "Misbehavior Collisions": 7,
            "Collision Ratio": 0.4,
            "Misbehavior Collision Ratio": 0.4090909090909091,
            "Coverage Sparseness": 18.609375,
            "Misbehavior Sparseness": 19.0,
            "Avg Sample Distance": 11.33846153846157,
            "Avg Misbehavior Distance": 10.900432900432907
        }
    ]
}