{
    "Tool": "DLFuzz",
    "Run ID": "2",
    "Tags": [
        "Orientation",
        "Bitmaps",
        "white-box",
        "rescaled"
    ],
    "Total Samples": 1041,
    "Valid Samples": 1041,
    "Invalid Samples": 0,
    "Total Misbehaviors": 118,
    "MisbehaviorPerSample": 0.11335254562920269,
    "Features": {
        "orientation": {
            "meta": {
                "name": "orientation",
                "min-value": 7.0,
                "max-value": 94.0,
                "num-cells": 25
            },
            "stats": {
                "mean": 51.848222862632085,
                "stdev": 1.4378199350645773,
                "median": 52
            }
        },
        "bitmaps": {
            "meta": {
                "name": "bitmaps",
                "min-value": 3.0,
                "max-value": 207.0,
                "num-cells": 25
            },
            "stats": {
                "mean": 103.8866474543708,
                "stdev": 30.650521146272407,
                "median": 100
            }
        }
    },
    "Reports": [
        {
            "Features": [
                "orientation",
                "bitmaps"
            ],
            "Total Cells": 625,
            "Filled Cells": 40,
            "Mapped Misbehaviors": 33,
            "Misbehavior Relative Density": 0.825,
            "Misbehavior Density": 0.0528,
            "Filled Cells Density": 0.064,
            "Collisions": 34,
            "Misbehavior Collisions": 23,
            "Collision Ratio": 25.025,
            "Misbehavior Collision Ratio": 2.5757575757575757,
            "Coverage Sparseness": 13.76923076923077,
            "Misbehavior Sparseness": 13.09375,
            "Avg Sample Distance": 7.15641025641025,
            "Avg Misbehavior Distance": 7.3977272727272725
        }
    ]
}