{
    "Tool": "DLFuzz",
    "Run ID": "1",
    "Tags": [
        "Moves",
        "Bitmaps",
        "black-box",
        "rescaled"
    ],
    "Total Samples": 113,
    "Valid Samples": 113,
    "Invalid Samples": 0,
    "Total Misbehaviors": 113,
    "MisbehaviorPerSample": 1.0,
    "Features": {
        "moves": {
            "meta": {
                "name": "moves",
                "min-value": 0.0,
                "max-value": 31.0,
                "num-cells": 25
            },
            "stats": {
                "mean": 2.690265486725664,
                "stdev": 5.495257120621803,
                "median": 0
            }
        },
        "bitmaps": {
            "meta": {
                "name": "bitmaps",
                "min-value": 3.0,
                "max-value": 207.0,
                "num-cells": 25
            },
            "stats": {
                "mean": 100.79646017699115,
                "stdev": 31.467431942757273,
                "median": 97
            }
        }
    },
    "Reports": [
        {
            "Features": [
                "moves",
                "bitmaps"
            ],
            "Total Cells": 625,
            "Filled Cells": 35,
            "Mapped Misbehaviors": 35,
            "Misbehavior Relative Density": 1.0,
            "Misbehavior Density": 0.056,
            "Filled Cells Density": 0.056,
            "Collisions": 18,
            "Misbehavior Collisions": 18,
            "Collision Ratio": 2.2285714285714286,
            "Misbehavior Collision Ratio": 2.2285714285714286,
            "Coverage Sparseness": 17.558823529411764,
            "Misbehavior Sparseness": 17.558823529411764,
            "Avg Sample Distance": 11.247058823529407,
            "Avg Misbehavior Distance": 11.247058823529407
        }
    ]
}