{
    "Tool": "DLFuzz",
    "Run ID": "16",
    "Tags": [
        "Orientation",
        "Moves",
        "white-box",
        "rescaled"
    ],
    "Total Samples": 1002,
    "Valid Samples": 1002,
    "Invalid Samples": 0,
    "Total Misbehaviors": 119,
    "MisbehaviorPerSample": 0.1187624750499002,
    "Features": {
        "orientation": {
            "meta": {
                "name": "orientation",
                "min-value": 7.0,
                "max-value": 94.0,
                "num-cells": 25
            },
            "stats": {
                "mean": 51.83233532934132,
                "stdev": 1.4226062444691219,
                "median": 52.0
            }
        },
        "moves": {
            "meta": {
                "name": "moves",
                "min-value": 0.0,
                "max-value": 31.0,
                "num-cells": 25
            },
            "stats": {
                "mean": 1.4840319361277445,
                "stdev": 4.410984892657737,
                "median": 0.0
            }
        }
    },
    "Reports": [
        {
            "Features": [
                "orientation",
                "moves"
            ],
            "Total Cells": 625,
            "Filled Cells": 22,
            "Mapped Misbehaviors": 17,
            "Misbehavior Relative Density": 0.7727272727272727,
            "Misbehavior Density": 0.0272,
            "Filled Cells Density": 0.0352,
            "Collisions": 20,
            "Misbehavior Collisions": 10,
            "Collision Ratio": 44.54545454545455,
            "Misbehavior Collision Ratio": 6.0,
            "Coverage Sparseness": 13.238095238095237,
            "Misbehavior Sparseness": 10.75,
            "Avg Sample Distance": 6.354978354978353,
            "Avg Misbehavior Distance": 6.411764705882353
        }
    ]
}