{
    "Tool": "DLFuzz",
    "Run ID": "21",
    "Tags": [
        "Moves",
        "Bitmaps",
        "black-box",
        "rescaled"
    ],
    "Total Samples": 114,
    "Valid Samples": 114,
    "Invalid Samples": 0,
    "Total Misbehaviors": 114,
    "MisbehaviorPerSample": 1.0,
    "Features": {
        "moves": {
            "meta": {
                "name": "moves",
                "min-value": 0.0,
                "max-value": 31.0,
                "num-cells": 25
            },
            "stats": {
                "mean": 2.06140350877193,
                "stdev": 4.576363064452677,
                "median": 0.0
            }
        },
        "bitmaps": {
            "meta": {
                "name": "bitmaps",
                "min-value": 3.0,
                "max-value": 207.0,
                "num-cells": 25
            },
            "stats": {
                "mean": 103.76315789473684,
                "stdev": 31.759132929800284,
                "median": 96.0
            }
        }
    },
    "Reports": [
        {
            "Features": [
                "moves",
                "bitmaps"
            ],
            "Total Cells": 625,
            "Filled Cells": 34,
            "Mapped Misbehaviors": 34,
            "Misbehavior Relative Density": 1.0,
            "Misbehavior Density": 0.0544,
            "Filled Cells Density": 0.0544,
            "Collisions": 16,
            "Misbehavior Collisions": 16,
            "Collision Ratio": 2.3529411764705883,
            "Misbehavior Collision Ratio": 2.3529411764705883,
            "Coverage Sparseness": 18.21212121212121,
            "Misbehavior Sparseness": 18.21212121212121,
            "Avg Sample Distance": 10.889483065953643,
            "Avg Misbehavior Distance": 10.889483065953643
        }
    ]
}