{
    "Tool": "DLFuzz",
    "Run ID": "4",
    "Tags": [
        "Moves",
        "Bitmaps",
        "black-box",
        "rescaled"
    ],
    "Total Samples": 104,
    "Valid Samples": 104,
    "Invalid Samples": 0,
    "Total Misbehaviors": 104,
    "MisbehaviorPerSample": 1.0,
    "Features": {
        "moves": {
            "meta": {
                "name": "moves",
                "min-value": 0.0,
                "max-value": 31.0,
                "num-cells": 25
            },
            "stats": {
                "mean": 3.644230769230769,
                "stdev": 6.115265427371031,
                "median": 0.0
            }
        },
        "bitmaps": {
            "meta": {
                "name": "bitmaps",
                "min-value": 3.0,
                "max-value": 207.0,
                "num-cells": 25
            },
            "stats": {
                "mean": 102.98076923076923,
                "stdev": 35.74314538650713,
                "median": 94.0
            }
        }
    },
    "Reports": [
        {
            "Features": [
                "moves",
                "bitmaps"
            ],
            "Total Cells": 625,
            "Filled Cells": 39,
            "Mapped Misbehaviors": 39,
            "Misbehavior Relative Density": 1.0,
            "Misbehavior Density": 0.0624,
            "Filled Cells Density": 0.0624,
            "Collisions": 23,
            "Misbehavior Collisions": 23,
            "Collision Ratio": 1.6666666666666667,
            "Misbehavior Collision Ratio": 1.6666666666666667,
            "Coverage Sparseness": 19.894736842105264,
            "Misbehavior Sparseness": 19.894736842105264,
            "Avg Sample Distance": 11.52226720647774,
            "Avg Misbehavior Distance": 11.52226720647774
        }
    ]
}