{
    "Tool": "DLFuzz",
    "Run ID": "4",
    "Tags": [
        "Orientation",
        "Moves",
        "black-box",
        "rescaled"
    ],
    "Total Samples": 104,
    "Valid Samples": 104,
    "Invalid Samples": 0,
    "Total Misbehaviors": 104,
    "MisbehaviorPerSample": 1.0,
    "Features": {
        "orientation": {
            "meta": {
                "name": "orientation",
                "min-value": 7.0,
                "max-value": 94.0,
                "num-cells": 25
            },
            "stats": {
                "mean": 50.99038461538461,
                "stdev": 1.444744021454322,
                "median": 51.0
            }
        },
        "moves": {
            "meta": {
                "name": "moves",
                "min-value": 0.0,
                "max-value": 31.0,
                "num-cells": 25
            },
            "stats": {
                "mean": 3.644230769230769,
                "stdev": 6.115265427371031,
                "median": 0.0
            }
        }
    },
    "Reports": [
        {
            "Features": [
                "orientation",
                "moves"
            ],
            "Total Cells": 625,
            "Filled Cells": 17,
            "Mapped Misbehaviors": 17,
            "Misbehavior Relative Density": 1.0,
            "Misbehavior Density": 0.0272,
            "Filled Cells Density": 0.0272,
            "Collisions": 11,
            "Misbehavior Collisions": 11,
            "Collision Ratio": 5.117647058823529,
            "Misbehavior Collision Ratio": 5.117647058823529,
            "Coverage Sparseness": 11.1875,
            "Misbehavior Sparseness": 11.1875,
            "Avg Sample Distance": 6.191176470588236,
            "Avg Misbehavior Distance": 6.191176470588236
        }
    ]
}