{
    "Tool": "DLFuzz",
    "Run ID": "6",
    "Tags": [
        "Orientation",
        "Moves",
        "black-box",
        "rescaled"
    ],
    "Total Samples": 119,
    "Valid Samples": 119,
    "Invalid Samples": 0,
    "Total Misbehaviors": 119,
    "MisbehaviorPerSample": 1.0,
    "Features": {
        "orientation": {
            "meta": {
                "name": "orientation",
                "min-value": 7.0,
                "max-value": 94.0,
                "num-cells": 25
            },
            "stats": {
                "mean": 50.63025210084034,
                "stdev": 1.6305637281320182,
                "median": 51
            }
        },
        "moves": {
            "meta": {
                "name": "moves",
                "min-value": 0.0,
                "max-value": 31.0,
                "num-cells": 25
            },
            "stats": {
                "mean": 2.495798319327731,
                "stdev": 5.439768735082732,
                "median": 0
            }
        }
    },
    "Reports": [
        {
            "Features": [
                "orientation",
                "moves"
            ],
            "Total Cells": 625,
            "Filled Cells": 17,
            "Mapped Misbehaviors": 17,
            "Misbehavior Relative Density": 1.0,
            "Misbehavior Density": 0.0272,
            "Filled Cells Density": 0.0272,
            "Collisions": 8,
            "Misbehavior Collisions": 8,
            "Collision Ratio": 6.0,
            "Misbehavior Collision Ratio": 6.0,
            "Coverage Sparseness": 11.0625,
            "Misbehavior Sparseness": 11.0625,
            "Avg Sample Distance": 6.86764705882353,
            "Avg Misbehavior Distance": 6.86764705882353
        }
    ]
}