{
    "Tool": "DLFuzz",
    "Run ID": "13",
    "Tags": [
        "Orientation",
        "Bitmaps",
        "white-box",
        "rescaled"
    ],
    "Total Samples": 996,
    "Valid Samples": 996,
    "Invalid Samples": 0,
    "Total Misbehaviors": 102,
    "MisbehaviorPerSample": 0.10240963855421686,
    "Features": {
        "orientation": {
            "meta": {
                "name": "orientation",
                "min-value": 7.0,
                "max-value": 94.0,
                "num-cells": 25
            },
            "stats": {
                "mean": 51.89558232931727,
                "stdev": 1.4329715978519069,
                "median": 52.0
            }
        },
        "bitmaps": {
            "meta": {
                "name": "bitmaps",
                "min-value": 3.0,
                "max-value": 207.0,
                "num-cells": 25
            },
            "stats": {
                "mean": 101.30020080321285,
                "stdev": 31.58310788186029,
                "median": 96.0
            }
        }
    },
    "Reports": [
        {
            "Features": [
                "orientation",
                "bitmaps"
            ],
            "Total Cells": 625,
            "Filled Cells": 39,
            "Mapped Misbehaviors": 32,
            "Misbehavior Relative Density": 0.8205128205128205,
            "Misbehavior Density": 0.0512,
            "Filled Cells Density": 0.0624,
            "Collisions": 35,
            "Misbehavior Collisions": 27,
            "Collision Ratio": 24.53846153846154,
            "Misbehavior Collision Ratio": 2.1875,
            "Coverage Sparseness": 12.473684210526315,
            "Misbehavior Sparseness": 12.03225806451613,
            "Avg Sample Distance": 6.807017543859645,
            "Avg Misbehavior Distance": 6.425403225806455
        }
    ]
}