{
    "Tool": "DLFuzz",
    "Run ID": "18",
    "Tags": [
        "Moves",
        "Bitmaps",
        "black-box",
        "rescaled"
    ],
    "Total Samples": 116,
    "Valid Samples": 116,
    "Invalid Samples": 0,
    "Total Misbehaviors": 116,
    "MisbehaviorPerSample": 1.0,
    "Features": {
        "moves": {
            "meta": {
                "name": "moves",
                "min-value": 0.0,
                "max-value": 31.0,
                "num-cells": 25
            },
            "stats": {
                "mean": 2.1206896551724137,
                "stdev": 4.681425224110232,
                "median": 0.0
            }
        },
        "bitmaps": {
            "meta": {
                "name": "bitmaps",
                "min-value": 3.0,
                "max-value": 207.0,
                "num-cells": 25
            },
            "stats": {
                "mean": 109.04310344827586,
                "stdev": 35.66471700407154,
                "median": 105.5
            }
        }
    },
    "Reports": [
        {
            "Features": [
                "moves",
                "bitmaps"
            ],
            "Total Cells": 625,
            "Filled Cells": 35,
            "Mapped Misbehaviors": 35,
            "Misbehavior Relative Density": 1.0,
            "Misbehavior Density": 0.056,
            "Filled Cells Density": 0.056,
            "Collisions": 20,
            "Misbehavior Collisions": 20,
            "Collision Ratio": 2.3142857142857145,
            "Misbehavior Collision Ratio": 2.3142857142857145,
            "Coverage Sparseness": 19.735294117647058,
            "Misbehavior Sparseness": 19.735294117647058,
            "Avg Sample Distance": 11.25714285714286,
            "Avg Misbehavior Distance": 11.25714285714286
        }
    ]
}