{
    "Tool": "DLFuzz",
    "Run ID": "13",
    "Tags": [
        "Orientation",
        "Moves",
        "black-box",
        "rescaled"
    ],
    "Total Samples": 102,
    "Valid Samples": 102,
    "Invalid Samples": 0,
    "Total Misbehaviors": 102,
    "MisbehaviorPerSample": 1.0,
    "Features": {
        "orientation": {
            "meta": {
                "name": "orientation",
                "min-value": 7.0,
                "max-value": 94.0,
                "num-cells": 25
            },
            "stats": {
                "mean": 50.84313725490196,
                "stdev": 1.8279734926648852,
                "median": 51.0
            }
        },
        "moves": {
            "meta": {
                "name": "moves",
                "min-value": 0.0,
                "max-value": 31.0,
                "num-cells": 25
            },
            "stats": {
                "mean": 4.107843137254902,
                "stdev": 6.156228211895059,
                "median": 0.0
            }
        }
    },
    "Reports": [
        {
            "Features": [
                "orientation",
                "moves"
            ],
            "Total Cells": 625,
            "Filled Cells": 18,
            "Mapped Misbehaviors": 18,
            "Misbehavior Relative Density": 1.0,
            "Misbehavior Density": 0.0288,
            "Filled Cells Density": 0.0288,
            "Collisions": 10,
            "Misbehavior Collisions": 10,
            "Collision Ratio": 4.666666666666667,
            "Misbehavior Collision Ratio": 4.666666666666667,
            "Coverage Sparseness": 11.176470588235293,
            "Misbehavior Sparseness": 11.176470588235293,
            "Avg Sample Distance": 6.405228758169937,
            "Avg Misbehavior Distance": 6.405228758169937
        }
    ]
}