{
    "Tool": "DLFuzz",
    "Run ID": "10",
    "Tags": [
        "Orientation",
        "Moves",
        "white-box",
        "rescaled"
    ],
    "Total Samples": 1005,
    "Valid Samples": 1005,
    "Invalid Samples": 0,
    "Total Misbehaviors": 99,
    "MisbehaviorPerSample": 0.09850746268656717,
    "Features": {
        "orientation": {
            "meta": {
                "name": "orientation",
                "min-value": 7.0,
                "max-value": 94.0,
                "num-cells": 25
            },
            "stats": {
                "mean": 51.88457711442786,
                "stdev": 1.416539659468187,
                "median": 52
            }
        },
        "moves": {
            "meta": {
                "name": "moves",
                "min-value": 0.0,
                "max-value": 31.0,
                "num-cells": 25
            },
            "stats": {
                "mean": 1.364179104477612,
                "stdev": 4.1318785999472905,
                "median": 0
            }
        }
    },
    "Reports": [
        {
            "Features": [
                "orientation",
                "moves"
            ],
            "Total Cells": 625,
            "Filled Cells": 27,
            "Mapped Misbehaviors": 19,
            "Misbehavior Relative Density": 0.7037037037037037,
            "Misbehavior Density": 0.0304,
            "Filled Cells Density": 0.0432,
            "Collisions": 21,
            "Misbehavior Collisions": 9,
            "Collision Ratio": 36.22222222222222,
            "Misbehavior Collision Ratio": 4.2105263157894735,
            "Coverage Sparseness": 13.26923076923077,
            "Misbehavior Sparseness": 9.5,
            "Avg Sample Distance": 6.866096866096865,
            "Avg Misbehavior Distance": 6.596491228070175
        }
    ]
}