{
    "Tool": "DLFuzz",
    "Run ID": "9",
    "Tags": [
        "Orientation",
        "Moves",
        "black-box",
        "rescaled"
    ],
    "Total Samples": 111,
    "Valid Samples": 111,
    "Invalid Samples": 0,
    "Total Misbehaviors": 111,
    "MisbehaviorPerSample": 1.0,
    "Features": {
        "orientation": {
            "meta": {
                "name": "orientation",
                "min-value": 7.0,
                "max-value": 94.0,
                "num-cells": 25
            },
            "stats": {
                "mean": 50.891891891891895,
                "stdev": 1.4792587292986945,
                "median": 51
            }
        },
        "moves": {
            "meta": {
                "name": "moves",
                "min-value": 0.0,
                "max-value": 31.0,
                "num-cells": 25
            },
            "stats": {
                "mean": 3.036036036036036,
                "stdev": 5.877426660039592,
                "median": 0
            }
        }
    },
    "Reports": [
        {
            "Features": [
                "orientation",
                "moves"
            ],
            "Total Cells": 625,
            "Filled Cells": 18,
            "Mapped Misbehaviors": 18,
            "Misbehavior Relative Density": 1.0,
            "Misbehavior Density": 0.0288,
            "Filled Cells Density": 0.0288,
            "Collisions": 9,
            "Misbehavior Collisions": 9,
            "Collision Ratio": 5.166666666666667,
            "Misbehavior Collision Ratio": 5.166666666666667,
            "Coverage Sparseness": 9.176470588235293,
            "Misbehavior Sparseness": 9.176470588235293,
            "Avg Sample Distance": 6.405228758169936,
            "Avg Misbehavior Distance": 6.405228758169936
        }
    ]
}