{
    "Tool": "DLFuzz",
    "Run ID": "23",
    "Tags": [
        "Orientation",
        "Moves",
        "black-box",
        "rescaled"
    ],
    "Total Samples": 113,
    "Valid Samples": 113,
    "Invalid Samples": 0,
    "Total Misbehaviors": 113,
    "MisbehaviorPerSample": 1.0,
    "Features": {
        "orientation": {
            "meta": {
                "name": "orientation",
                "min-value": 7.0,
                "max-value": 94.0,
                "num-cells": 25
            },
            "stats": {
                "mean": 51.07079646017699,
                "stdev": 1.4250113668675222,
                "median": 51
            }
        },
        "moves": {
            "meta": {
                "name": "moves",
                "min-value": 0.0,
                "max-value": 31.0,
                "num-cells": 25
            },
            "stats": {
                "mean": 2.7787610619469025,
                "stdev": 5.995138675380389,
                "median": 0
            }
        }
    },
    "Reports": [
        {
            "Features": [
                "orientation",
                "moves"
            ],
            "Total Cells": 625,
            "Filled Cells": 17,
            "Mapped Misbehaviors": 17,
            "Misbehavior Relative Density": 1.0,
            "Misbehavior Density": 0.0272,
            "Filled Cells Density": 0.0272,
            "Collisions": 11,
            "Misbehavior Collisions": 11,
            "Collision Ratio": 5.647058823529412,
            "Misbehavior Collision Ratio": 5.647058823529412,
            "Coverage Sparseness": 10.6875,
            "Misbehavior Sparseness": 10.6875,
            "Avg Sample Distance": 7.014705882352941,
            "Avg Misbehavior Distance": 7.014705882352941
        }
    ]
}