{
    "Tool": "DLFuzz",
    "Run ID": "7",
    "Tags": [
        "Moves",
        "Bitmaps",
        "black-box",
        "rescaled"
    ],
    "Total Samples": 109,
    "Valid Samples": 109,
    "Invalid Samples": 0,
    "Total Misbehaviors": 109,
    "MisbehaviorPerSample": 1.0,
    "Features": {
        "moves": {
            "meta": {
                "name": "moves",
                "min-value": 0.0,
                "max-value": 31.0,
                "num-cells": 25
            },
            "stats": {
                "mean": 2.055045871559633,
                "stdev": 5.250810982133954,
                "median": 0
            }
        },
        "bitmaps": {
            "meta": {
                "name": "bitmaps",
                "min-value": 3.0,
                "max-value": 207.0,
                "num-cells": 25
            },
            "stats": {
                "mean": 102.5137614678899,
                "stdev": 33.92137277721413,
                "median": 99
            }
        }
    },
    "Reports": [
        {
            "Features": [
                "moves",
                "bitmaps"
            ],
            "Total Cells": 625,
            "Filled Cells": 32,
            "Mapped Misbehaviors": 32,
            "Misbehavior Relative Density": 1.0,
            "Misbehavior Density": 0.0512,
            "Filled Cells Density": 0.0512,
            "Collisions": 16,
            "Misbehavior Collisions": 16,
            "Collision Ratio": 2.40625,
            "Misbehavior Collision Ratio": 2.40625,
            "Coverage Sparseness": 19.483870967741936,
            "Misbehavior Sparseness": 19.483870967741936,
            "Avg Sample Distance": 12.187499999999996,
            "Avg Misbehavior Distance": 12.187499999999996
        }
    ]
}