{
    "Tool": "DLFuzz",
    "Run ID": "11",
    "Tags": [
        "Orientation",
        "Moves",
        "black-box",
        "rescaled"
    ],
    "Total Samples": 106,
    "Valid Samples": 106,
    "Invalid Samples": 0,
    "Total Misbehaviors": 106,
    "MisbehaviorPerSample": 1.0,
    "Features": {
        "orientation": {
            "meta": {
                "name": "orientation",
                "min-value": 7.0,
                "max-value": 94.0,
                "num-cells": 25
            },
            "stats": {
                "mean": 50.93396226415094,
                "stdev": 1.468843846765711,
                "median": 51.0
            }
        },
        "moves": {
            "meta": {
                "name": "moves",
                "min-value": 0.0,
                "max-value": 31.0,
                "num-cells": 25
            },
            "stats": {
                "mean": 3.1792452830188678,
                "stdev": 5.92942166907865,
                "median": 0.0
            }
        }
    },
    "Reports": [
        {
            "Features": [
                "orientation",
                "moves"
            ],
            "Total Cells": 625,
            "Filled Cells": 17,
            "Mapped Misbehaviors": 17,
            "Misbehavior Relative Density": 1.0,
            "Misbehavior Density": 0.0272,
            "Filled Cells Density": 0.0272,
            "Collisions": 7,
            "Misbehavior Collisions": 7,
            "Collision Ratio": 5.235294117647059,
            "Misbehavior Collision Ratio": 5.235294117647059,
            "Coverage Sparseness": 9.5625,
            "Misbehavior Sparseness": 9.5625,
            "Avg Sample Distance": 5.735294117647058,
            "Avg Misbehavior Distance": 5.735294117647058
        }
    ]
}