{
    "Tool": "DLFuzz",
    "Run ID": "4",
    "Tags": [
        "Moves",
        "Bitmaps",
        "white-box",
        "rescaled"
    ],
    "Total Samples": 1032,
    "Valid Samples": 1032,
    "Invalid Samples": 0,
    "Total Misbehaviors": 104,
    "MisbehaviorPerSample": 0.10077519379844961,
    "Features": {
        "moves": {
            "meta": {
                "name": "moves",
                "min-value": 0.0,
                "max-value": 31.0,
                "num-cells": 25
            },
            "stats": {
                "mean": 1.623062015503876,
                "stdev": 4.493380315268678,
                "median": 0.0
            }
        },
        "bitmaps": {
            "meta": {
                "name": "bitmaps",
                "min-value": 3.0,
                "max-value": 207.0,
                "num-cells": 25
            },
            "stats": {
                "mean": 102.92635658914729,
                "stdev": 30.337103804039153,
                "median": 99.0
            }
        }
    },
    "Reports": [
        {
            "Features": [
                "moves",
                "bitmaps"
            ],
            "Total Cells": 625,
            "Filled Cells": 79,
            "Mapped Misbehaviors": 39,
            "Misbehavior Relative Density": 0.4936708860759494,
            "Misbehavior Density": 0.0624,
            "Filled Cells Density": 0.1264,
            "Collisions": 58,
            "Misbehavior Collisions": 23,
            "Collision Ratio": 12.063291139240507,
            "Misbehavior Collision Ratio": 1.6666666666666667,
            "Coverage Sparseness": 18.192307692307693,
            "Misbehavior Sparseness": 19.894736842105264,
            "Avg Sample Distance": 11.023044466082448,
            "Avg Misbehavior Distance": 11.52226720647774
        }
    ]
}