{
    "Tool": "DLFuzz",
    "Run ID": "19",
    "Tags": [
        "Orientation",
        "Bitmaps",
        "white-box",
        "rescaled"
    ],
    "Total Samples": 1008,
    "Valid Samples": 1008,
    "Invalid Samples": 0,
    "Total Misbehaviors": 96,
    "MisbehaviorPerSample": 0.09523809523809523,
    "Features": {
        "orientation": {
            "meta": {
                "name": "orientation",
                "min-value": 7.0,
                "max-value": 94.0,
                "num-cells": 25
            },
            "stats": {
                "mean": 51.81448412698413,
                "stdev": 1.4988603852807916,
                "median": 52.0
            }
        },
        "bitmaps": {
            "meta": {
                "name": "bitmaps",
                "min-value": 3.0,
                "max-value": 207.0,
                "num-cells": 25
            },
            "stats": {
                "mean": 102.28571428571429,
                "stdev": 30.80308271831014,
                "median": 97.0
            }
        }
    },
    "Reports": [
        {
            "Features": [
                "orientation",
                "bitmaps"
            ],
            "Total Cells": 625,
            "Filled Cells": 42,
            "Mapped Misbehaviors": 32,
            "Misbehavior Relative Density": 0.7619047619047619,
            "Misbehavior Density": 0.0512,
            "Filled Cells Density": 0.0672,
            "Collisions": 34,
            "Misbehavior Collisions": 22,
            "Collision Ratio": 23.0,
            "Misbehavior Collision Ratio": 2.0,
            "Coverage Sparseness": 12.878048780487806,
            "Misbehavior Sparseness": 11.612903225806452,
            "Avg Sample Distance": 6.888501742160278,
            "Avg Misbehavior Distance": 6.455645161290321
        }
    ]
}