{
    "Tool": "DLFuzz",
    "Run ID": "20",
    "Tags": [
        "Moves",
        "Bitmaps",
        "black-box",
        "rescaled"
    ],
    "Total Samples": 116,
    "Valid Samples": 116,
    "Invalid Samples": 0,
    "Total Misbehaviors": 116,
    "MisbehaviorPerSample": 1.0,
    "Features": {
        "moves": {
            "meta": {
                "name": "moves",
                "min-value": 0.0,
                "max-value": 31.0,
                "num-cells": 25
            },
            "stats": {
                "mean": 2.9051724137931036,
                "stdev": 5.499373005013923,
                "median": 0.0
            }
        },
        "bitmaps": {
            "meta": {
                "name": "bitmaps",
                "min-value": 3.0,
                "max-value": 207.0,
                "num-cells": 25
            },
            "stats": {
                "mean": 104.51724137931035,
                "stdev": 38.883881260607914,
                "median": 96.5
            }
        }
    },
    "Reports": [
        {
            "Features": [
                "moves",
                "bitmaps"
            ],
            "Total Cells": 625,
            "Filled Cells": 36,
            "Mapped Misbehaviors": 36,
            "Misbehavior Relative Density": 1.0,
            "Misbehavior Density": 0.0576,
            "Filled Cells Density": 0.0576,
            "Collisions": 21,
            "Misbehavior Collisions": 21,
            "Collision Ratio": 2.2222222222222223,
            "Misbehavior Collision Ratio": 2.2222222222222223,
            "Coverage Sparseness": 20.0,
            "Misbehavior Sparseness": 20.0,
            "Avg Sample Distance": 11.92380952380953,
            "Avg Misbehavior Distance": 11.92380952380953
        }
    ]
}