{
    "Tool": "DLFuzz",
    "Run ID": "2",
    "Tags": [
        "Moves",
        "Bitmaps",
        "white-box",
        "rescaled"
    ],
    "Total Samples": 1041,
    "Valid Samples": 1041,
    "Invalid Samples": 0,
    "Total Misbehaviors": 118,
    "MisbehaviorPerSample": 0.11335254562920269,
    "Features": {
        "moves": {
            "meta": {
                "name": "moves",
                "min-value": 0.0,
                "max-value": 31.0,
                "num-cells": 25
            },
            "stats": {
                "mean": 1.6003842459173871,
                "stdev": 4.618083169444376,
                "median": 0
            }
        },
        "bitmaps": {
            "meta": {
                "name": "bitmaps",
                "min-value": 3.0,
                "max-value": 207.0,
                "num-cells": 25
            },
            "stats": {
                "mean": 103.8866474543708,
                "stdev": 30.650521146272407,
                "median": 100
            }
        }
    },
    "Reports": [
        {
            "Features": [
                "moves",
                "bitmaps"
            ],
            "Total Cells": 625,
            "Filled Cells": 76,
            "Mapped Misbehaviors": 38,
            "Misbehavior Relative Density": 0.5,
            "Misbehavior Density": 0.0608,
            "Filled Cells Density": 0.1216,
            "Collisions": 57,
            "Misbehavior Collisions": 21,
            "Collision Ratio": 12.697368421052632,
            "Misbehavior Collision Ratio": 2.1052631578947367,
            "Coverage Sparseness": 16.893333333333334,
            "Misbehavior Sparseness": 20.72972972972973,
            "Avg Sample Distance": 11.902456140350875,
            "Avg Misbehavior Distance": 12.405405405405396
        }
    ]
}