{
    "Tool": "DLFuzz",
    "Run ID": "1",
    "Tags": [
        "Orientation",
        "Bitmaps",
        "white-box",
        "rescaled"
    ],
    "Total Samples": 1023,
    "Valid Samples": 1023,
    "Invalid Samples": 0,
    "Total Misbehaviors": 113,
    "MisbehaviorPerSample": 0.1104594330400782,
    "Features": {
        "orientation": {
            "meta": {
                "name": "orientation",
                "min-value": 7.0,
                "max-value": 94.0,
                "num-cells": 25
            },
            "stats": {
                "mean": 51.683284457478,
                "stdev": 1.4809237624003306,
                "median": 52
            }
        },
        "bitmaps": {
            "meta": {
                "name": "bitmaps",
                "min-value": 3.0,
                "max-value": 207.0,
                "num-cells": 25
            },
            "stats": {
                "mean": 101.74975562072336,
                "stdev": 27.56504382963417,
                "median": 99
            }
        }
    },
    "Reports": [
        {
            "Features": [
                "orientation",
                "bitmaps"
            ],
            "Total Cells": 625,
            "Filled Cells": 40,
            "Mapped Misbehaviors": 25,
            "Misbehavior Relative Density": 0.625,
            "Misbehavior Density": 0.04,
            "Filled Cells Density": 0.064,
            "Collisions": 37,
            "Misbehavior Collisions": 21,
            "Collision Ratio": 24.575,
            "Misbehavior Collision Ratio": 3.52,
            "Coverage Sparseness": 13.487179487179487,
            "Misbehavior Sparseness": 13.791666666666666,
            "Avg Sample Distance": 7.042307692307688,
            "Avg Misbehavior Distance": 6.646666666666667
        }
    ]
}