{
    "Tool": "DLFuzz",
    "Run ID": "15",
    "Tags": [
        "Moves",
        "Bitmaps",
        "white-box",
        "rescaled"
    ],
    "Total Samples": 1005,
    "Valid Samples": 1005,
    "Invalid Samples": 0,
    "Total Misbehaviors": 119,
    "MisbehaviorPerSample": 0.11840796019900497,
    "Features": {
        "moves": {
            "meta": {
                "name": "moves",
                "min-value": 0.0,
                "max-value": 31.0,
                "num-cells": 25
            },
            "stats": {
                "mean": 1.672636815920398,
                "stdev": 4.759483875944565,
                "median": 0
            }
        },
        "bitmaps": {
            "meta": {
                "name": "bitmaps",
                "min-value": 3.0,
                "max-value": 207.0,
                "num-cells": 25
            },
            "stats": {
                "mean": 103.81094527363184,
                "stdev": 30.227096620772297,
                "median": 99
            }
        }
    },
    "Reports": [
        {
            "Features": [
                "moves",
                "bitmaps"
            ],
            "Total Cells": 625,
            "Filled Cells": 71,
            "Mapped Misbehaviors": 37,
            "Misbehavior Relative Density": 0.5211267605633803,
            "Misbehavior Density": 0.0592,
            "Filled Cells Density": 0.1136,
            "Collisions": 48,
            "Misbehavior Collisions": 19,
            "Collision Ratio": 13.154929577464788,
            "Misbehavior Collision Ratio": 2.2162162162162162,
            "Coverage Sparseness": 17.085714285714285,
            "Misbehavior Sparseness": 18.22222222222222,
            "Avg Sample Distance": 11.613682092555338,
            "Avg Misbehavior Distance": 11.429429429429444
        }
    ]
}