{
    "Tool": "DLFuzz",
    "Run ID": "15",
    "Tags": [
        "Moves",
        "Bitmaps",
        "black-box",
        "rescaled"
    ],
    "Total Samples": 119,
    "Valid Samples": 119,
    "Invalid Samples": 0,
    "Total Misbehaviors": 119,
    "MisbehaviorPerSample": 1.0,
    "Features": {
        "moves": {
            "meta": {
                "name": "moves",
                "min-value": 0.0,
                "max-value": 31.0,
                "num-cells": 25
            },
            "stats": {
                "mean": 2.310924369747899,
                "stdev": 5.0585519117020175,
                "median": 0
            }
        },
        "bitmaps": {
            "meta": {
                "name": "bitmaps",
                "min-value": 3.0,
                "max-value": 207.0,
                "num-cells": 25
            },
            "stats": {
                "mean": 107.5126050420168,
                "stdev": 34.832739700182245,
                "median": 100
            }
        }
    },
    "Reports": [
        {
            "Features": [
                "moves",
                "bitmaps"
            ],
            "Total Cells": 625,
            "Filled Cells": 37,
            "Mapped Misbehaviors": 37,
            "Misbehavior Relative Density": 1.0,
            "Misbehavior Density": 0.0592,
            "Filled Cells Density": 0.0592,
            "Collisions": 19,
            "Misbehavior Collisions": 19,
            "Collision Ratio": 2.2162162162162162,
            "Misbehavior Collision Ratio": 2.2162162162162162,
            "Coverage Sparseness": 18.22222222222222,
            "Misbehavior Sparseness": 18.22222222222222,
            "Avg Sample Distance": 11.429429429429444,
            "Avg Misbehavior Distance": 11.429429429429444
        }
    ]
}