{
    "Tool": "DLFuzz",
    "Run ID": "16",
    "Tags": [
        "Orientation",
        "Moves",
        "black-box",
        "rescaled"
    ],
    "Total Samples": 119,
    "Valid Samples": 119,
    "Invalid Samples": 0,
    "Total Misbehaviors": 119,
    "MisbehaviorPerSample": 1.0,
    "Features": {
        "orientation": {
            "meta": {
                "name": "orientation",
                "min-value": 7.0,
                "max-value": 94.0,
                "num-cells": 25
            },
            "stats": {
                "mean": 50.63025210084034,
                "stdev": 1.5341620923934585,
                "median": 51
            }
        },
        "moves": {
            "meta": {
                "name": "moves",
                "min-value": 0.0,
                "max-value": 31.0,
                "num-cells": 25
            },
            "stats": {
                "mean": 3.8403361344537816,
                "stdev": 6.491171570728383,
                "median": 0
            }
        }
    },
    "Reports": [
        {
            "Features": [
                "orientation",
                "moves"
            ],
            "Total Cells": 625,
            "Filled Cells": 17,
            "Mapped Misbehaviors": 17,
            "Misbehavior Relative Density": 1.0,
            "Misbehavior Density": 0.0272,
            "Filled Cells Density": 0.0272,
            "Collisions": 10,
            "Misbehavior Collisions": 10,
            "Collision Ratio": 6.0,
            "Misbehavior Collision Ratio": 6.0,
            "Coverage Sparseness": 10.75,
            "Misbehavior Sparseness": 10.75,
            "Avg Sample Distance": 6.411764705882353,
            "Avg Misbehavior Distance": 6.411764705882353
        }
    ]
}