{
    "Tool": "DLFuzz",
    "Run ID": "13",
    "Tags": [
        "Moves",
        "Bitmaps",
        "black-box",
        "rescaled"
    ],
    "Total Samples": 102,
    "Valid Samples": 102,
    "Invalid Samples": 0,
    "Total Misbehaviors": 102,
    "MisbehaviorPerSample": 1.0,
    "Features": {
        "moves": {
            "meta": {
                "name": "moves",
                "min-value": 0.0,
                "max-value": 31.0,
                "num-cells": 25
            },
            "stats": {
                "mean": 4.107843137254902,
                "stdev": 6.156228211895059,
                "median": 0.0
            }
        },
        "bitmaps": {
            "meta": {
                "name": "bitmaps",
                "min-value": 3.0,
                "max-value": 207.0,
                "num-cells": 25
            },
            "stats": {
                "mean": 103.03921568627452,
                "stdev": 37.85849671653891,
                "median": 96.0
            }
        }
    },
    "Reports": [
        {
            "Features": [
                "moves",
                "bitmaps"
            ],
            "Total Cells": 625,
            "Filled Cells": 40,
            "Mapped Misbehaviors": 40,
            "Misbehavior Relative Density": 1.0,
            "Misbehavior Density": 0.064,
            "Filled Cells Density": 0.064,
            "Collisions": 25,
            "Misbehavior Collisions": 25,
            "Collision Ratio": 1.55,
            "Misbehavior Collision Ratio": 1.55,
            "Coverage Sparseness": 19.41025641025641,
            "Misbehavior Sparseness": 19.41025641025641,
            "Avg Sample Distance": 11.561538461538463,
            "Avg Misbehavior Distance": 11.561538461538463
        }
    ]
}