{
    "Tool": "DLFuzz",
    "Run ID": "9",
    "Tags": [
        "Orientation",
        "Moves",
        "white-box",
        "rescaled"
    ],
    "Total Samples": 1005,
    "Valid Samples": 1005,
    "Invalid Samples": 0,
    "Total Misbehaviors": 111,
    "MisbehaviorPerSample": 0.11044776119402985,
    "Features": {
        "orientation": {
            "meta": {
                "name": "orientation",
                "min-value": 7.0,
                "max-value": 94.0,
                "num-cells": 25
            },
            "stats": {
                "mean": 51.78905472636816,
                "stdev": 1.4631188383210196,
                "median": 52
            }
        },
        "moves": {
            "meta": {
                "name": "moves",
                "min-value": 0.0,
                "max-value": 31.0,
                "num-cells": 25
            },
            "stats": {
                "mean": 1.1980099502487562,
                "stdev": 3.9561334724316017,
                "median": 0
            }
        }
    },
    "Reports": [
        {
            "Features": [
                "orientation",
                "moves"
            ],
            "Total Cells": 625,
            "Filled Cells": 26,
            "Mapped Misbehaviors": 18,
            "Misbehavior Relative Density": 0.6923076923076923,
            "Misbehavior Density": 0.0288,
            "Filled Cells Density": 0.0416,
            "Collisions": 15,
            "Misbehavior Collisions": 9,
            "Collision Ratio": 37.65384615384615,
            "Misbehavior Collision Ratio": 5.166666666666667,
            "Coverage Sparseness": 13.04,
            "Misbehavior Sparseness": 9.176470588235293,
            "Avg Sample Distance": 6.5415384615384555,
            "Avg Misbehavior Distance": 6.405228758169936
        }
    ]
}