{
    "Tool": "DLFuzz",
    "Run ID": "23",
    "Tags": [
        "Moves",
        "Bitmaps",
        "white-box",
        "rescaled"
    ],
    "Total Samples": 1014,
    "Valid Samples": 1014,
    "Invalid Samples": 0,
    "Total Misbehaviors": 113,
    "MisbehaviorPerSample": 0.11143984220907298,
    "Features": {
        "moves": {
            "meta": {
                "name": "moves",
                "min-value": 0.0,
                "max-value": 31.0,
                "num-cells": 25
            },
            "stats": {
                "mean": 1.5907297830374754,
                "stdev": 4.631020438951094,
                "median": 0.0
            }
        },
        "bitmaps": {
            "meta": {
                "name": "bitmaps",
                "min-value": 3.0,
                "max-value": 207.0,
                "num-cells": 25
            },
            "stats": {
                "mean": 104.56607495069034,
                "stdev": 30.671572881078543,
                "median": 102.0
            }
        }
    },
    "Reports": [
        {
            "Features": [
                "moves",
                "bitmaps"
            ],
            "Total Cells": 625,
            "Filled Cells": 76,
            "Mapped Misbehaviors": 35,
            "Misbehavior Relative Density": 0.4605263157894737,
            "Misbehavior Density": 0.056,
            "Filled Cells Density": 0.1216,
            "Collisions": 53,
            "Misbehavior Collisions": 21,
            "Collision Ratio": 12.342105263157896,
            "Misbehavior Collision Ratio": 2.2285714285714286,
            "Coverage Sparseness": 18.533333333333335,
            "Misbehavior Sparseness": 20.470588235294116,
            "Avg Sample Distance": 11.450526315789455,
            "Avg Misbehavior Distance": 11.6201680672269
        }
    ]
}