{
    "Tool": "DLFuzz",
    "Run ID": "20",
    "Tags": [
        "Orientation",
        "Bitmaps",
        "black-box",
        "rescaled"
    ],
    "Total Samples": 116,
    "Valid Samples": 116,
    "Invalid Samples": 0,
    "Total Misbehaviors": 116,
    "MisbehaviorPerSample": 1.0,
    "Features": {
        "orientation": {
            "meta": {
                "name": "orientation",
                "min-value": 7.0,
                "max-value": 94.0,
                "num-cells": 25
            },
            "stats": {
                "mean": 50.741379310344826,
                "stdev": 1.4632940187492556,
                "median": 51.0
            }
        },
        "bitmaps": {
            "meta": {
                "name": "bitmaps",
                "min-value": 3.0,
                "max-value": 207.0,
                "num-cells": 25
            },
            "stats": {
                "mean": 104.51724137931035,
                "stdev": 38.883881260607914,
                "median": 96.5
            }
        }
    },
    "Reports": [
        {
            "Features": [
                "orientation",
                "bitmaps"
            ],
            "Total Cells": 625,
            "Filled Cells": 32,
            "Mapped Misbehaviors": 32,
            "Misbehavior Relative Density": 1.0,
            "Misbehavior Density": 0.0512,
            "Filled Cells Density": 0.0512,
            "Collisions": 25,
            "Misbehavior Collisions": 25,
            "Collision Ratio": 2.625,
            "Misbehavior Collision Ratio": 2.625,
            "Coverage Sparseness": 12.806451612903226,
            "Misbehavior Sparseness": 12.806451612903226,
            "Avg Sample Distance": 7.10685483870968,
            "Avg Misbehavior Distance": 7.10685483870968
        }
    ]
}