{
    "Tool": "DLFuzz",
    "Run ID": "11",
    "Tags": [
        "Orientation",
        "Moves",
        "white-box",
        "rescaled"
    ],
    "Total Samples": 1005,
    "Valid Samples": 1005,
    "Invalid Samples": 0,
    "Total Misbehaviors": 106,
    "MisbehaviorPerSample": 0.1054726368159204,
    "Features": {
        "orientation": {
            "meta": {
                "name": "orientation",
                "min-value": 7.0,
                "max-value": 94.0,
                "num-cells": 25
            },
            "stats": {
                "mean": 51.86268656716418,
                "stdev": 1.3753126215666367,
                "median": 52
            }
        },
        "moves": {
            "meta": {
                "name": "moves",
                "min-value": 0.0,
                "max-value": 31.0,
                "num-cells": 25
            },
            "stats": {
                "mean": 1.9054726368159205,
                "stdev": 5.012933461849041,
                "median": 0
            }
        }
    },
    "Reports": [
        {
            "Features": [
                "orientation",
                "moves"
            ],
            "Total Cells": 625,
            "Filled Cells": 25,
            "Mapped Misbehaviors": 17,
            "Misbehavior Relative Density": 0.68,
            "Misbehavior Density": 0.0272,
            "Filled Cells Density": 0.04,
            "Collisions": 22,
            "Misbehavior Collisions": 7,
            "Collision Ratio": 39.2,
            "Misbehavior Collision Ratio": 5.235294117647059,
            "Coverage Sparseness": 14.083333333333334,
            "Misbehavior Sparseness": 9.5625,
            "Avg Sample Distance": 6.720000000000003,
            "Avg Misbehavior Distance": 5.735294117647058
        }
    ]
}