{
    "Tool": "DLFuzz",
    "Run ID": "7",
    "Tags": [
        "Orientation",
        "Bitmaps",
        "black-box",
        "rescaled"
    ],
    "Total Samples": 109,
    "Valid Samples": 109,
    "Invalid Samples": 0,
    "Total Misbehaviors": 109,
    "MisbehaviorPerSample": 1.0,
    "Features": {
        "orientation": {
            "meta": {
                "name": "orientation",
                "min-value": 7.0,
                "max-value": 94.0,
                "num-cells": 25
            },
            "stats": {
                "mean": 50.88990825688074,
                "stdev": 1.6121038103078134,
                "median": 51
            }
        },
        "bitmaps": {
            "meta": {
                "name": "bitmaps",
                "min-value": 3.0,
                "max-value": 207.0,
                "num-cells": 25
            },
            "stats": {
                "mean": 102.5137614678899,
                "stdev": 33.92137277721413,
                "median": 99
            }
        }
    },
    "Reports": [
        {
            "Features": [
                "orientation",
                "bitmaps"
            ],
            "Total Cells": 625,
            "Filled Cells": 32,
            "Mapped Misbehaviors": 32,
            "Misbehavior Relative Density": 1.0,
            "Misbehavior Density": 0.0512,
            "Filled Cells Density": 0.0512,
            "Collisions": 24,
            "Misbehavior Collisions": 24,
            "Collision Ratio": 2.40625,
            "Misbehavior Collision Ratio": 2.40625,
            "Coverage Sparseness": 12.193548387096774,
            "Misbehavior Sparseness": 12.193548387096774,
            "Avg Sample Distance": 6.508064516129038,
            "Avg Misbehavior Distance": 6.508064516129038
        }
    ]
}