{
    "Tool": "DLFuzz",
    "Run ID": "7",
    "Tags": [
        "Orientation",
        "Bitmaps",
        "white-box",
        "rescaled"
    ],
    "Total Samples": 1002,
    "Valid Samples": 1002,
    "Invalid Samples": 0,
    "Total Misbehaviors": 109,
    "MisbehaviorPerSample": 0.10878243512974052,
    "Features": {
        "orientation": {
            "meta": {
                "name": "orientation",
                "min-value": 7.0,
                "max-value": 94.0,
                "num-cells": 25
            },
            "stats": {
                "mean": 51.865269461077844,
                "stdev": 1.5041771266766066,
                "median": 52.0
            }
        },
        "bitmaps": {
            "meta": {
                "name": "bitmaps",
                "min-value": 3.0,
                "max-value": 207.0,
                "num-cells": 25
            },
            "stats": {
                "mean": 103.29141716566866,
                "stdev": 30.532289227998,
                "median": 101.0
            }
        }
    },
    "Reports": [
        {
            "Features": [
                "orientation",
                "bitmaps"
            ],
            "Total Cells": 625,
            "Filled Cells": 37,
            "Mapped Misbehaviors": 32,
            "Misbehavior Relative Density": 0.8648648648648649,
            "Misbehavior Density": 0.0512,
            "Filled Cells Density": 0.0592,
            "Collisions": 34,
            "Misbehavior Collisions": 24,
            "Collision Ratio": 26.08108108108108,
            "Misbehavior Collision Ratio": 2.40625,
            "Coverage Sparseness": 13.13888888888889,
            "Misbehavior Sparseness": 12.193548387096774,
            "Avg Sample Distance": 6.753753753753746,
            "Avg Misbehavior Distance": 6.508064516129038
        }
    ]
}