{
    "Tool": "DLFuzz",
    "Run ID": "17",
    "Tags": [
        "Moves",
        "Bitmaps",
        "white-box",
        "rescaled"
    ],
    "Total Samples": 1011,
    "Valid Samples": 1011,
    "Invalid Samples": 0,
    "Total Misbehaviors": 114,
    "MisbehaviorPerSample": 0.11275964391691394,
    "Features": {
        "moves": {
            "meta": {
                "name": "moves",
                "min-value": 0.0,
                "max-value": 31.0,
                "num-cells": 25
            },
            "stats": {
                "mean": 1.400593471810089,
                "stdev": 4.273653993870313,
                "median": 0
            }
        },
        "bitmaps": {
            "meta": {
                "name": "bitmaps",
                "min-value": 3.0,
                "max-value": 207.0,
                "num-cells": 25
            },
            "stats": {
                "mean": 105.69040553907023,
                "stdev": 30.71194976471254,
                "median": 101
            }
        }
    },
    "Reports": [
        {
            "Features": [
                "moves",
                "bitmaps"
            ],
            "Total Cells": 625,
            "Filled Cells": 68,
            "Mapped Misbehaviors": 35,
            "Misbehavior Relative Density": 0.5147058823529411,
            "Misbehavior Density": 0.056,
            "Filled Cells Density": 0.1088,
            "Collisions": 50,
            "Misbehavior Collisions": 23,
            "Collision Ratio": 13.867647058823529,
            "Misbehavior Collision Ratio": 2.257142857142857,
            "Coverage Sparseness": 17.880597014925375,
            "Misbehavior Sparseness": 20.147058823529413,
            "Avg Sample Distance": 11.14969271290607,
            "Avg Misbehavior Distance": 11.33781512605043
        }
    ]
}