{
    "Tool": "DLFuzz",
    "Run ID": "13",
    "Tags": [
        "Orientation",
        "Moves",
        "white-box",
        "rescaled"
    ],
    "Total Samples": 996,
    "Valid Samples": 996,
    "Invalid Samples": 0,
    "Total Misbehaviors": 102,
    "MisbehaviorPerSample": 0.10240963855421686,
    "Features": {
        "orientation": {
            "meta": {
                "name": "orientation",
                "min-value": 7.0,
                "max-value": 94.0,
                "num-cells": 25
            },
            "stats": {
                "mean": 51.89558232931727,
                "stdev": 1.4329715978519069,
                "median": 52.0
            }
        },
        "moves": {
            "meta": {
                "name": "moves",
                "min-value": 0.0,
                "max-value": 31.0,
                "num-cells": 25
            },
            "stats": {
                "mean": 1.7008032128514057,
                "stdev": 4.686432824711391,
                "median": 0.0
            }
        }
    },
    "Reports": [
        {
            "Features": [
                "orientation",
                "moves"
            ],
            "Total Cells": 625,
            "Filled Cells": 29,
            "Mapped Misbehaviors": 18,
            "Misbehavior Relative Density": 0.6206896551724138,
            "Misbehavior Density": 0.0288,
            "Filled Cells Density": 0.0464,
            "Collisions": 26,
            "Misbehavior Collisions": 10,
            "Collision Ratio": 33.3448275862069,
            "Misbehavior Collision Ratio": 4.666666666666667,
            "Coverage Sparseness": 14.035714285714286,
            "Misbehavior Sparseness": 11.176470588235293,
            "Avg Sample Distance": 6.684729064039405,
            "Avg Misbehavior Distance": 6.405228758169937
        }
    ]
}