{
    "Tool": "DLFuzz",
    "Run ID": "12",
    "Tags": [
        "Moves",
        "Bitmaps",
        "white-box",
        "rescaled"
    ],
    "Total Samples": 1014,
    "Valid Samples": 1014,
    "Invalid Samples": 0,
    "Total Misbehaviors": 123,
    "MisbehaviorPerSample": 0.12130177514792899,
    "Features": {
        "moves": {
            "meta": {
                "name": "moves",
                "min-value": 0.0,
                "max-value": 31.0,
                "num-cells": 25
            },
            "stats": {
                "mean": 1.5887573964497042,
                "stdev": 4.483986186062699,
                "median": 0.0
            }
        },
        "bitmaps": {
            "meta": {
                "name": "bitmaps",
                "min-value": 3.0,
                "max-value": 207.0,
                "num-cells": 25
            },
            "stats": {
                "mean": 102.96252465483235,
                "stdev": 28.591664749122994,
                "median": 100.0
            }
        }
    },
    "Reports": [
        {
            "Features": [
                "moves",
                "bitmaps"
            ],
            "Total Cells": 625,
            "Filled Cells": 83,
            "Mapped Misbehaviors": 41,
            "Misbehavior Relative Density": 0.4939759036144578,
            "Misbehavior Density": 0.0656,
            "Filled Cells Density": 0.1328,
            "Collisions": 54,
            "Misbehavior Collisions": 23,
            "Collision Ratio": 11.216867469879517,
            "Misbehavior Collision Ratio": 2.0,
            "Coverage Sparseness": 18.195121951219512,
            "Misbehavior Sparseness": 19.7,
            "Avg Sample Distance": 11.058477813693786,
            "Avg Misbehavior Distance": 11.370731707317061
        }
    ]
}