{
    "Tool": "DLFuzz",
    "Run ID": "18",
    "Tags": [
        "Orientation",
        "Moves",
        "white-box",
        "rescaled"
    ],
    "Total Samples": 1005,
    "Valid Samples": 1005,
    "Invalid Samples": 0,
    "Total Misbehaviors": 116,
    "MisbehaviorPerSample": 0.1154228855721393,
    "Features": {
        "orientation": {
            "meta": {
                "name": "orientation",
                "min-value": 7.0,
                "max-value": 94.0,
                "num-cells": 25
            },
            "stats": {
                "mean": 51.80099502487562,
                "stdev": 1.5142743798220923,
                "median": 52
            }
        },
        "moves": {
            "meta": {
                "name": "moves",
                "min-value": 0.0,
                "max-value": 31.0,
                "num-cells": 25
            },
            "stats": {
                "mean": 1.4049751243781095,
                "stdev": 4.2798256383175834,
                "median": 0
            }
        }
    },
    "Reports": [
        {
            "Features": [
                "orientation",
                "moves"
            ],
            "Total Cells": 625,
            "Filled Cells": 26,
            "Mapped Misbehaviors": 18,
            "Misbehavior Relative Density": 0.6923076923076923,
            "Misbehavior Density": 0.0288,
            "Filled Cells Density": 0.0416,
            "Collisions": 21,
            "Misbehavior Collisions": 9,
            "Collision Ratio": 37.65384615384615,
            "Misbehavior Collision Ratio": 5.444444444444445,
            "Coverage Sparseness": 14.28,
            "Misbehavior Sparseness": 11.882352941176471,
            "Avg Sample Distance": 6.883076923076924,
            "Avg Misbehavior Distance": 6.3790849673202645
        }
    ]
}