{
    "Tool": "DLFuzz",
    "Run ID": "11",
    "Tags": [
        "Orientation",
        "Bitmaps",
        "black-box",
        "rescaled"
    ],
    "Total Samples": 106,
    "Valid Samples": 106,
    "Invalid Samples": 0,
    "Total Misbehaviors": 106,
    "MisbehaviorPerSample": 1.0,
    "Features": {
        "orientation": {
            "meta": {
                "name": "orientation",
                "min-value": 7.0,
                "max-value": 94.0,
                "num-cells": 25
            },
            "stats": {
                "mean": 50.93396226415094,
                "stdev": 1.468843846765711,
                "median": 51.0
            }
        },
        "bitmaps": {
            "meta": {
                "name": "bitmaps",
                "min-value": 3.0,
                "max-value": 207.0,
                "num-cells": 25
            },
            "stats": {
                "mean": 106.64150943396227,
                "stdev": 38.77608214184794,
                "median": 98.5
            }
        }
    },
    "Reports": [
        {
            "Features": [
                "orientation",
                "bitmaps"
            ],
            "Total Cells": 625,
            "Filled Cells": 34,
            "Mapped Misbehaviors": 34,
            "Misbehavior Relative Density": 1.0,
            "Misbehavior Density": 0.0544,
            "Filled Cells Density": 0.0544,
            "Collisions": 25,
            "Misbehavior Collisions": 25,
            "Collision Ratio": 2.1176470588235294,
            "Misbehavior Collision Ratio": 2.1176470588235294,
            "Coverage Sparseness": 12.757575757575758,
            "Misbehavior Sparseness": 12.757575757575758,
            "Avg Sample Distance": 6.844919786096256,
            "Avg Misbehavior Distance": 6.844919786096256
        }
    ]
}