{
    "Tool": "DLFuzz",
    "Run ID": "10",
    "Tags": [
        "Orientation",
        "Bitmaps",
        "black-box",
        "rescaled"
    ],
    "Total Samples": 99,
    "Valid Samples": 99,
    "Invalid Samples": 0,
    "Total Misbehaviors": 99,
    "MisbehaviorPerSample": 1.0,
    "Features": {
        "orientation": {
            "meta": {
                "name": "orientation",
                "min-value": 7.0,
                "max-value": 94.0,
                "num-cells": 25
            },
            "stats": {
                "mean": 50.62626262626262,
                "stdev": 1.6573020772392713,
                "median": 51
            }
        },
        "bitmaps": {
            "meta": {
                "name": "bitmaps",
                "min-value": 3.0,
                "max-value": 207.0,
                "num-cells": 25
            },
            "stats": {
                "mean": 100.31313131313131,
                "stdev": 29.17737677730865,
                "median": 97
            }
        }
    },
    "Reports": [
        {
            "Features": [
                "orientation",
                "bitmaps"
            ],
            "Total Cells": 625,
            "Filled Cells": 27,
            "Mapped Misbehaviors": 27,
            "Misbehavior Relative Density": 1.0,
            "Misbehavior Density": 0.0432,
            "Filled Cells Density": 0.0432,
            "Collisions": 23,
            "Misbehavior Collisions": 23,
            "Collision Ratio": 2.6666666666666665,
            "Misbehavior Collision Ratio": 2.6666666666666665,
            "Coverage Sparseness": 10.653846153846153,
            "Misbehavior Sparseness": 10.653846153846153,
            "Avg Sample Distance": 5.897435897435901,
            "Avg Misbehavior Distance": 5.897435897435901
        }
    ]
}