{
    "Tool": "DLFuzz",
    "Run ID": "25",
    "Tags": [
        "Moves",
        "Bitmaps",
        "black-box",
        "rescaled"
    ],
    "Total Samples": 106,
    "Valid Samples": 106,
    "Invalid Samples": 0,
    "Total Misbehaviors": 106,
    "MisbehaviorPerSample": 1.0,
    "Features": {
        "moves": {
            "meta": {
                "name": "moves",
                "min-value": 0.0,
                "max-value": 31.0,
                "num-cells": 25
            },
            "stats": {
                "mean": 2.509433962264151,
                "stdev": 5.594632262512018,
                "median": 0.0
            }
        },
        "bitmaps": {
            "meta": {
                "name": "bitmaps",
                "min-value": 3.0,
                "max-value": 207.0,
                "num-cells": 25
            },
            "stats": {
                "mean": 110.82075471698113,
                "stdev": 33.89389526991306,
                "median": 102.5
            }
        }
    },
    "Reports": [
        {
            "Features": [
                "moves",
                "bitmaps"
            ],
            "Total Cells": 625,
            "Filled Cells": 30,
            "Mapped Misbehaviors": 30,
            "Misbehavior Relative Density": 1.0,
            "Misbehavior Density": 0.048,
            "Filled Cells Density": 0.048,
            "Collisions": 17,
            "Misbehavior Collisions": 17,
            "Collision Ratio": 2.533333333333333,
            "Misbehavior Collision Ratio": 2.533333333333333,
            "Coverage Sparseness": 21.344827586206897,
            "Misbehavior Sparseness": 21.344827586206897,
            "Avg Sample Distance": 11.988505747126434,
            "Avg Misbehavior Distance": 11.988505747126434
        }
    ]
}