{
    "Tool": "DLFuzz",
    "Run ID": "5",
    "Tags": [
        "Orientation",
        "Moves",
        "white-box",
        "rescaled"
    ],
    "Total Samples": 1032,
    "Valid Samples": 1032,
    "Invalid Samples": 0,
    "Total Misbehaviors": 105,
    "MisbehaviorPerSample": 0.10174418604651163,
    "Features": {
        "orientation": {
            "meta": {
                "name": "orientation",
                "min-value": 7.0,
                "max-value": 94.0,
                "num-cells": 25
            },
            "stats": {
                "mean": 52.007751937984494,
                "stdev": 1.4004079994707583,
                "median": 52.0
            }
        },
        "moves": {
            "meta": {
                "name": "moves",
                "min-value": 0.0,
                "max-value": 31.0,
                "num-cells": 25
            },
            "stats": {
                "mean": 1.5406976744186047,
                "stdev": 4.463049143826222,
                "median": 0.0
            }
        }
    },
    "Reports": [
        {
            "Features": [
                "orientation",
                "moves"
            ],
            "Total Cells": 625,
            "Filled Cells": 24,
            "Mapped Misbehaviors": 17,
            "Misbehavior Relative Density": 0.7083333333333334,
            "Misbehavior Density": 0.0272,
            "Filled Cells Density": 0.0384,
            "Collisions": 22,
            "Misbehavior Collisions": 10,
            "Collision Ratio": 42.0,
            "Misbehavior Collision Ratio": 5.176470588235294,
            "Coverage Sparseness": 14.826086956521738,
            "Misbehavior Sparseness": 11.25,
            "Avg Sample Distance": 7.192028985507246,
            "Avg Misbehavior Distance": 6.13235294117647
        }
    ]
}