{
    "Tool": "DLFuzz",
    "Run ID": "9",
    "Tags": [
        "Moves",
        "Bitmaps",
        "white-box",
        "rescaled"
    ],
    "Total Samples": 1005,
    "Valid Samples": 1005,
    "Invalid Samples": 0,
    "Total Misbehaviors": 111,
    "MisbehaviorPerSample": 0.11044776119402985,
    "Features": {
        "moves": {
            "meta": {
                "name": "moves",
                "min-value": 0.0,
                "max-value": 31.0,
                "num-cells": 25
            },
            "stats": {
                "mean": 1.1980099502487562,
                "stdev": 3.9561334724316017,
                "median": 0
            }
        },
        "bitmaps": {
            "meta": {
                "name": "bitmaps",
                "min-value": 3.0,
                "max-value": 207.0,
                "num-cells": 25
            },
            "stats": {
                "mean": 103.76716417910448,
                "stdev": 29.616262835149,
                "median": 100
            }
        }
    },
    "Reports": [
        {
            "Features": [
                "moves",
                "bitmaps"
            ],
            "Total Cells": 625,
            "Filled Cells": 69,
            "Mapped Misbehaviors": 40,
            "Misbehavior Relative Density": 0.5797101449275363,
            "Misbehavior Density": 0.064,
            "Filled Cells Density": 0.1104,
            "Collisions": 42,
            "Misbehavior Collisions": 15,
            "Collision Ratio": 13.565217391304348,
            "Misbehavior Collision Ratio": 1.775,
            "Coverage Sparseness": 16.191176470588236,
            "Misbehavior Sparseness": 17.58974358974359,
            "Avg Sample Distance": 11.517476555839709,
            "Avg Misbehavior Distance": 12.080769230769214
        }
    ]
}