{
    "Tool": "DLFuzz",
    "Run ID": "23",
    "Tags": [
        "Orientation",
        "Bitmaps",
        "black-box",
        "rescaled"
    ],
    "Total Samples": 113,
    "Valid Samples": 113,
    "Invalid Samples": 0,
    "Total Misbehaviors": 113,
    "MisbehaviorPerSample": 1.0,
    "Features": {
        "orientation": {
            "meta": {
                "name": "orientation",
                "min-value": 7.0,
                "max-value": 94.0,
                "num-cells": 25
            },
            "stats": {
                "mean": 51.07079646017699,
                "stdev": 1.4250113668675222,
                "median": 51
            }
        },
        "bitmaps": {
            "meta": {
                "name": "bitmaps",
                "min-value": 3.0,
                "max-value": 207.0,
                "num-cells": 25
            },
            "stats": {
                "mean": 103.60176991150442,
                "stdev": 34.627492128728555,
                "median": 99
            }
        }
    },
    "Reports": [
        {
            "Features": [
                "orientation",
                "bitmaps"
            ],
            "Total Cells": 625,
            "Filled Cells": 31,
            "Mapped Misbehaviors": 31,
            "Misbehavior Relative Density": 1.0,
            "Misbehavior Density": 0.0496,
            "Filled Cells Density": 0.0496,
            "Collisions": 25,
            "Misbehavior Collisions": 25,
            "Collision Ratio": 2.6451612903225805,
            "Misbehavior Collision Ratio": 2.6451612903225805,
            "Coverage Sparseness": 10.766666666666667,
            "Misbehavior Sparseness": 10.766666666666667,
            "Avg Sample Distance": 6.055913978494629,
            "Avg Misbehavior Distance": 6.055913978494629
        }
    ]
}