{
    "Tool": "DLFuzz",
    "Run ID": "3",
    "Tags": [
        "Moves",
        "Bitmaps",
        "white-box",
        "rescaled"
    ],
    "Total Samples": 1041,
    "Valid Samples": 1041,
    "Invalid Samples": 0,
    "Total Misbehaviors": 109,
    "MisbehaviorPerSample": 0.10470701248799232,
    "Features": {
        "moves": {
            "meta": {
                "name": "moves",
                "min-value": 0.0,
                "max-value": 31.0,
                "num-cells": 25
            },
            "stats": {
                "mean": 1.5456292026897214,
                "stdev": 4.369923715765291,
                "median": 0
            }
        },
        "bitmaps": {
            "meta": {
                "name": "bitmaps",
                "min-value": 3.0,
                "max-value": 207.0,
                "num-cells": 25
            },
            "stats": {
                "mean": 102.78097982708934,
                "stdev": 30.15619695532324,
                "median": 100
            }
        }
    },
    "Reports": [
        {
            "Features": [
                "moves",
                "bitmaps"
            ],
            "Total Cells": 625,
            "Filled Cells": 77,
            "Mapped Misbehaviors": 35,
            "Misbehavior Relative Density": 0.45454545454545453,
            "Misbehavior Density": 0.056,
            "Filled Cells Density": 0.1232,
            "Collisions": 55,
            "Misbehavior Collisions": 17,
            "Collision Ratio": 12.519480519480519,
            "Misbehavior Collision Ratio": 2.1142857142857143,
            "Coverage Sparseness": 16.93421052631579,
            "Misbehavior Sparseness": 18.058823529411764,
            "Avg Sample Distance": 10.87012987012988,
            "Avg Misbehavior Distance": 11.862184873949584
        }
    ]
}