{
    "Tool": "DLFuzz",
    "Run ID": "10",
    "Tags": [
        "Orientation",
        "Bitmaps",
        "white-box",
        "rescaled"
    ],
    "Total Samples": 1005,
    "Valid Samples": 1005,
    "Invalid Samples": 0,
    "Total Misbehaviors": 99,
    "MisbehaviorPerSample": 0.09850746268656717,
    "Features": {
        "orientation": {
            "meta": {
                "name": "orientation",
                "min-value": 7.0,
                "max-value": 94.0,
                "num-cells": 25
            },
            "stats": {
                "mean": 51.88457711442786,
                "stdev": 1.416539659468187,
                "median": 52
            }
        },
        "bitmaps": {
            "meta": {
                "name": "bitmaps",
                "min-value": 3.0,
                "max-value": 207.0,
                "num-cells": 25
            },
            "stats": {
                "mean": 104.18009950248756,
                "stdev": 29.150188131769912,
                "median": 101
            }
        }
    },
    "Reports": [
        {
            "Features": [
                "orientation",
                "bitmaps"
            ],
            "Total Cells": 625,
            "Filled Cells": 40,
            "Mapped Misbehaviors": 27,
            "Misbehavior Relative Density": 0.675,
            "Misbehavior Density": 0.0432,
            "Filled Cells Density": 0.064,
            "Collisions": 34,
            "Misbehavior Collisions": 23,
            "Collision Ratio": 24.125,
            "Misbehavior Collision Ratio": 2.6666666666666665,
            "Coverage Sparseness": 13.153846153846153,
            "Misbehavior Sparseness": 10.653846153846153,
            "Avg Sample Distance": 6.749999999999999,
            "Avg Misbehavior Distance": 5.897435897435901
        }
    ]
}