{
    "Tool": "DLFuzz",
    "Run ID": "22",
    "Tags": [
        "Orientation",
        "Bitmaps",
        "white-box",
        "rescaled"
    ],
    "Total Samples": 1008,
    "Valid Samples": 1008,
    "Invalid Samples": 0,
    "Total Misbehaviors": 113,
    "MisbehaviorPerSample": 0.11210317460317461,
    "Features": {
        "orientation": {
            "meta": {
                "name": "orientation",
                "min-value": 7.0,
                "max-value": 94.0,
                "num-cells": 25
            },
            "stats": {
                "mean": 51.8968253968254,
                "stdev": 1.4431531464956033,
                "median": 52.0
            }
        },
        "bitmaps": {
            "meta": {
                "name": "bitmaps",
                "min-value": 3.0,
                "max-value": 207.0,
                "num-cells": 25
            },
            "stats": {
                "mean": 104.08531746031746,
                "stdev": 30.838636677285482,
                "median": 100.0
            }
        }
    },
    "Reports": [
        {
            "Features": [
                "orientation",
                "bitmaps"
            ],
            "Total Cells": 625,
            "Filled Cells": 42,
            "Mapped Misbehaviors": 30,
            "Misbehavior Relative Density": 0.7142857142857143,
            "Misbehavior Density": 0.048,
            "Filled Cells Density": 0.0672,
            "Collisions": 35,
            "Misbehavior Collisions": 24,
            "Collision Ratio": 23.0,
            "Misbehavior Collision Ratio": 2.7666666666666666,
            "Coverage Sparseness": 12.682926829268293,
            "Misbehavior Sparseness": 10.931034482758621,
            "Avg Sample Distance": 6.916376306620206,
            "Avg Misbehavior Distance": 6.08505747126437
        }
    ]
}