{
    "Tool": "DLFuzz",
    "Run ID": "4",
    "Tags": [
        "Orientation",
        "Bitmaps",
        "white-box",
        "rescaled"
    ],
    "Total Samples": 1032,
    "Valid Samples": 1032,
    "Invalid Samples": 0,
    "Total Misbehaviors": 104,
    "MisbehaviorPerSample": 0.10077519379844961,
    "Features": {
        "orientation": {
            "meta": {
                "name": "orientation",
                "min-value": 7.0,
                "max-value": 94.0,
                "num-cells": 25
            },
            "stats": {
                "mean": 51.81976744186046,
                "stdev": 1.3866751029392528,
                "median": 52.0
            }
        },
        "bitmaps": {
            "meta": {
                "name": "bitmaps",
                "min-value": 3.0,
                "max-value": 207.0,
                "num-cells": 25
            },
            "stats": {
                "mean": 102.92635658914729,
                "stdev": 30.337103804039153,
                "median": 99.0
            }
        }
    },
    "Reports": [
        {
            "Features": [
                "orientation",
                "bitmaps"
            ],
            "Total Cells": 625,
            "Filled Cells": 42,
            "Mapped Misbehaviors": 30,
            "Misbehavior Relative Density": 0.7142857142857143,
            "Misbehavior Density": 0.048,
            "Filled Cells Density": 0.0672,
            "Collisions": 38,
            "Misbehavior Collisions": 23,
            "Collision Ratio": 23.571428571428573,
            "Misbehavior Collision Ratio": 2.466666666666667,
            "Coverage Sparseness": 14.439024390243903,
            "Misbehavior Sparseness": 12.344827586206897,
            "Avg Sample Distance": 7.419279907084784,
            "Avg Misbehavior Distance": 6.760919540229883
        }
    ]
}