{
    "Tool": "DLFuzz",
    "Run ID": "29",
    "Tags": [
        "Orientation",
        "Moves",
        "black-box",
        "rescaled"
    ],
    "Total Samples": 111,
    "Valid Samples": 111,
    "Invalid Samples": 0,
    "Total Misbehaviors": 111,
    "MisbehaviorPerSample": 1.0,
    "Features": {
        "orientation": {
            "meta": {
                "name": "orientation",
                "min-value": 7.0,
                "max-value": 94.0,
                "num-cells": 25
            },
            "stats": {
                "mean": 50.891891891891895,
                "stdev": 1.3774241530107194,
                "median": 51
            }
        },
        "moves": {
            "meta": {
                "name": "moves",
                "min-value": 0.0,
                "max-value": 31.0,
                "num-cells": 25
            },
            "stats": {
                "mean": 3.5765765765765765,
                "stdev": 5.638422651044349,
                "median": 0
            }
        }
    },
    "Reports": [
        {
            "Features": [
                "orientation",
                "moves"
            ],
            "Total Cells": 625,
            "Filled Cells": 18,
            "Mapped Misbehaviors": 18,
            "Misbehavior Relative Density": 1.0,
            "Misbehavior Density": 0.0288,
            "Filled Cells Density": 0.0288,
            "Collisions": 15,
            "Misbehavior Collisions": 15,
            "Collision Ratio": 5.166666666666667,
            "Misbehavior Collision Ratio": 5.166666666666667,
            "Coverage Sparseness": 9.529411764705882,
            "Misbehavior Sparseness": 9.529411764705882,
            "Avg Sample Distance": 5.3921568627450975,
            "Avg Misbehavior Distance": 5.3921568627450975
        }
    ]
}