{
    "Tool": "DLFuzz",
    "Run ID": "22",
    "Tags": [
        "Orientation",
        "Moves",
        "black-box",
        "rescaled"
    ],
    "Total Samples": 113,
    "Valid Samples": 113,
    "Invalid Samples": 0,
    "Total Misbehaviors": 113,
    "MisbehaviorPerSample": 1.0,
    "Features": {
        "orientation": {
            "meta": {
                "name": "orientation",
                "min-value": 7.0,
                "max-value": 94.0,
                "num-cells": 25
            },
            "stats": {
                "mean": 50.89380530973451,
                "stdev": 1.5547325898825766,
                "median": 51
            }
        },
        "moves": {
            "meta": {
                "name": "moves",
                "min-value": 0.0,
                "max-value": 31.0,
                "num-cells": 25
            },
            "stats": {
                "mean": 2.849557522123894,
                "stdev": 5.307039191586648,
                "median": 0
            }
        }
    },
    "Reports": [
        {
            "Features": [
                "orientation",
                "moves"
            ],
            "Total Cells": 625,
            "Filled Cells": 16,
            "Mapped Misbehaviors": 16,
            "Misbehavior Relative Density": 1.0,
            "Misbehavior Density": 0.0256,
            "Filled Cells Density": 0.0256,
            "Collisions": 12,
            "Misbehavior Collisions": 12,
            "Collision Ratio": 6.0625,
            "Misbehavior Collision Ratio": 6.0625,
            "Coverage Sparseness": 8.733333333333333,
            "Misbehavior Sparseness": 8.733333333333333,
            "Avg Sample Distance": 5.391666666666664,
            "Avg Misbehavior Distance": 5.391666666666664
        }
    ]
}