{
    "Tool": "DLFuzz",
    "Run ID": "21",
    "Tags": [
        "Orientation",
        "Bitmaps",
        "white-box",
        "rescaled"
    ],
    "Total Samples": 1014,
    "Valid Samples": 1014,
    "Invalid Samples": 0,
    "Total Misbehaviors": 114,
    "MisbehaviorPerSample": 0.11242603550295859,
    "Features": {
        "orientation": {
            "meta": {
                "name": "orientation",
                "min-value": 7.0,
                "max-value": 94.0,
                "num-cells": 25
            },
            "stats": {
                "mean": 51.85897435897436,
                "stdev": 1.412409160986585,
                "median": 52.0
            }
        },
        "bitmaps": {
            "meta": {
                "name": "bitmaps",
                "min-value": 3.0,
                "max-value": 207.0,
                "num-cells": 25
            },
            "stats": {
                "mean": 104.85207100591715,
                "stdev": 30.974845869743735,
                "median": 102.0
            }
        }
    },
    "Reports": [
        {
            "Features": [
                "orientation",
                "bitmaps"
            ],
            "Total Cells": 625,
            "Filled Cells": 41,
            "Mapped Misbehaviors": 30,
            "Misbehavior Relative Density": 0.7317073170731707,
            "Misbehavior Density": 0.048,
            "Filled Cells Density": 0.0656,
            "Collisions": 33,
            "Misbehavior Collisions": 23,
            "Collision Ratio": 23.73170731707317,
            "Misbehavior Collision Ratio": 2.8,
            "Coverage Sparseness": 15.075,
            "Misbehavior Sparseness": 11.96551724137931,
            "Avg Sample Distance": 7.1999999999999975,
            "Avg Misbehavior Distance": 6.199999999999998
        }
    ]
}