{
    "Tool": "DLFuzz",
    "Run ID": "6",
    "Tags": [
        "Moves",
        "Bitmaps",
        "black-box",
        "rescaled"
    ],
    "Total Samples": 119,
    "Valid Samples": 119,
    "Invalid Samples": 0,
    "Total Misbehaviors": 119,
    "MisbehaviorPerSample": 1.0,
    "Features": {
        "moves": {
            "meta": {
                "name": "moves",
                "min-value": 0.0,
                "max-value": 31.0,
                "num-cells": 25
            },
            "stats": {
                "mean": 2.495798319327731,
                "stdev": 5.439768735082732,
                "median": 0
            }
        },
        "bitmaps": {
            "meta": {
                "name": "bitmaps",
                "min-value": 3.0,
                "max-value": 207.0,
                "num-cells": 25
            },
            "stats": {
                "mean": 106.04201680672269,
                "stdev": 36.07134995288427,
                "median": 100
            }
        }
    },
    "Reports": [
        {
            "Features": [
                "moves",
                "bitmaps"
            ],
            "Total Cells": 625,
            "Filled Cells": 34,
            "Mapped Misbehaviors": 34,
            "Misbehavior Relative Density": 1.0,
            "Misbehavior Density": 0.0544,
            "Filled Cells Density": 0.0544,
            "Collisions": 21,
            "Misbehavior Collisions": 21,
            "Collision Ratio": 2.5,
            "Misbehavior Collision Ratio": 2.5,
            "Coverage Sparseness": 18.21212121212121,
            "Misbehavior Sparseness": 18.21212121212121,
            "Avg Sample Distance": 11.962566844919781,
            "Avg Misbehavior Distance": 11.962566844919781
        }
    ]
}