{
    "Tool": "DLFuzz",
    "Run ID": "12",
    "Tags": [
        "Orientation",
        "Moves",
        "black-box",
        "rescaled"
    ],
    "Total Samples": 123,
    "Valid Samples": 123,
    "Invalid Samples": 0,
    "Total Misbehaviors": 123,
    "MisbehaviorPerSample": 1.0,
    "Features": {
        "orientation": {
            "meta": {
                "name": "orientation",
                "min-value": 7.0,
                "max-value": 94.0,
                "num-cells": 25
            },
            "stats": {
                "mean": 50.764227642276424,
                "stdev": 1.5685500290573684,
                "median": 51
            }
        },
        "moves": {
            "meta": {
                "name": "moves",
                "min-value": 0.0,
                "max-value": 31.0,
                "num-cells": 25
            },
            "stats": {
                "mean": 3.4796747967479673,
                "stdev": 6.106096917467584,
                "median": 0
            }
        }
    },
    "Reports": [
        {
            "Features": [
                "orientation",
                "moves"
            ],
            "Total Cells": 625,
            "Filled Cells": 21,
            "Mapped Misbehaviors": 21,
            "Misbehavior Relative Density": 1.0,
            "Misbehavior Density": 0.0336,
            "Filled Cells Density": 0.0336,
            "Collisions": 15,
            "Misbehavior Collisions": 15,
            "Collision Ratio": 4.857142857142857,
            "Misbehavior Collision Ratio": 4.857142857142857,
            "Coverage Sparseness": 10.5,
            "Misbehavior Sparseness": 10.5,
            "Avg Sample Distance": 6.457142857142851,
            "Avg Misbehavior Distance": 6.457142857142851
        }
    ]
}