{
    "Tool": "DLFuzz",
    "Run ID": "17",
    "Tags": [
        "Orientation",
        "Moves",
        "black-box",
        "rescaled"
    ],
    "Total Samples": 114,
    "Valid Samples": 114,
    "Invalid Samples": 0,
    "Total Misbehaviors": 114,
    "MisbehaviorPerSample": 1.0,
    "Features": {
        "orientation": {
            "meta": {
                "name": "orientation",
                "min-value": 7.0,
                "max-value": 94.0,
                "num-cells": 25
            },
            "stats": {
                "mean": 50.79824561403509,
                "stdev": 1.6994524082222637,
                "median": 51.0
            }
        },
        "moves": {
            "meta": {
                "name": "moves",
                "min-value": 0.0,
                "max-value": 31.0,
                "num-cells": 25
            },
            "stats": {
                "mean": 3.043859649122807,
                "stdev": 6.007945109628108,
                "median": 0.0
            }
        }
    },
    "Reports": [
        {
            "Features": [
                "orientation",
                "moves"
            ],
            "Total Cells": 625,
            "Filled Cells": 16,
            "Mapped Misbehaviors": 16,
            "Misbehavior Relative Density": 1.0,
            "Misbehavior Density": 0.0256,
            "Filled Cells Density": 0.0256,
            "Collisions": 10,
            "Misbehavior Collisions": 10,
            "Collision Ratio": 6.125,
            "Misbehavior Collision Ratio": 6.125,
            "Coverage Sparseness": 11.2,
            "Misbehavior Sparseness": 11.2,
            "Avg Sample Distance": 7.1000000000000005,
            "Avg Misbehavior Distance": 7.1000000000000005
        }
    ]
}