{
    "Tool": "DLFuzz",
    "Run ID": "21",
    "Tags": [
        "Moves",
        "Bitmaps",
        "white-box",
        "rescaled"
    ],
    "Total Samples": 1014,
    "Valid Samples": 1014,
    "Invalid Samples": 0,
    "Total Misbehaviors": 114,
    "MisbehaviorPerSample": 0.11242603550295859,
    "Features": {
        "moves": {
            "meta": {
                "name": "moves",
                "min-value": 0.0,
                "max-value": 31.0,
                "num-cells": 25
            },
            "stats": {
                "mean": 1.3205128205128205,
                "stdev": 3.9870017500522095,
                "median": 0.0
            }
        },
        "bitmaps": {
            "meta": {
                "name": "bitmaps",
                "min-value": 3.0,
                "max-value": 207.0,
                "num-cells": 25
            },
            "stats": {
                "mean": 104.85207100591715,
                "stdev": 30.974845869743735,
                "median": 102.0
            }
        }
    },
    "Reports": [
        {
            "Features": [
                "moves",
                "bitmaps"
            ],
            "Total Cells": 625,
            "Filled Cells": 75,
            "Mapped Misbehaviors": 34,
            "Misbehavior Relative Density": 0.4533333333333333,
            "Misbehavior Density": 0.0544,
            "Filled Cells Density": 0.12,
            "Collisions": 53,
            "Misbehavior Collisions": 16,
            "Collision Ratio": 12.52,
            "Misbehavior Collision Ratio": 2.3529411764705883,
            "Coverage Sparseness": 18.66216216216216,
            "Misbehavior Sparseness": 18.21212121212121,
            "Avg Sample Distance": 11.553873873873883,
            "Avg Misbehavior Distance": 10.889483065953643
        }
    ]
}