{
    "Tool": "DLFuzz",
    "Run ID": "26",
    "Tags": [
        "Moves",
        "Bitmaps",
        "black-box",
        "rescaled"
    ],
    "Total Samples": 123,
    "Valid Samples": 123,
    "Invalid Samples": 0,
    "Total Misbehaviors": 123,
    "MisbehaviorPerSample": 1.0,
    "Features": {
        "moves": {
            "meta": {
                "name": "moves",
                "min-value": 0.0,
                "max-value": 31.0,
                "num-cells": 25
            },
            "stats": {
                "mean": 2.5203252032520327,
                "stdev": 5.341378212114491,
                "median": 0
            }
        },
        "bitmaps": {
            "meta": {
                "name": "bitmaps",
                "min-value": 3.0,
                "max-value": 207.0,
                "num-cells": 25
            },
            "stats": {
                "mean": 102.66666666666667,
                "stdev": 34.357252000521264,
                "median": 97
            }
        }
    },
    "Reports": [
        {
            "Features": [
                "moves",
                "bitmaps"
            ],
            "Total Cells": 625,
            "Filled Cells": 40,
            "Mapped Misbehaviors": 40,
            "Misbehavior Relative Density": 1.0,
            "Misbehavior Density": 0.064,
            "Filled Cells Density": 0.064,
            "Collisions": 18,
            "Misbehavior Collisions": 18,
            "Collision Ratio": 2.075,
            "Misbehavior Collision Ratio": 2.075,
            "Coverage Sparseness": 18.974358974358974,
            "Misbehavior Sparseness": 18.974358974358974,
            "Avg Sample Distance": 11.66923076923077,
            "Avg Misbehavior Distance": 11.66923076923077
        }
    ]
}