{
    "Tool": "DLFuzz",
    "Run ID": "12",
    "Tags": [
        "Orientation",
        "Bitmaps",
        "white-box",
        "rescaled"
    ],
    "Total Samples": 1014,
    "Valid Samples": 1014,
    "Invalid Samples": 0,
    "Total Misbehaviors": 123,
    "MisbehaviorPerSample": 0.12130177514792899,
    "Features": {
        "orientation": {
            "meta": {
                "name": "orientation",
                "min-value": 7.0,
                "max-value": 94.0,
                "num-cells": 25
            },
            "stats": {
                "mean": 51.777120315581854,
                "stdev": 1.4042767813712578,
                "median": 52.0
            }
        },
        "bitmaps": {
            "meta": {
                "name": "bitmaps",
                "min-value": 3.0,
                "max-value": 207.0,
                "num-cells": 25
            },
            "stats": {
                "mean": 102.96252465483235,
                "stdev": 28.591664749122994,
                "median": 100.0
            }
        }
    },
    "Reports": [
        {
            "Features": [
                "orientation",
                "bitmaps"
            ],
            "Total Cells": 625,
            "Filled Cells": 36,
            "Mapped Misbehaviors": 30,
            "Misbehavior Relative Density": 0.8333333333333334,
            "Misbehavior Density": 0.048,
            "Filled Cells Density": 0.0576,
            "Collisions": 34,
            "Misbehavior Collisions": 26,
            "Collision Ratio": 27.166666666666668,
            "Misbehavior Collision Ratio": 3.1,
            "Coverage Sparseness": 12.142857142857142,
            "Misbehavior Sparseness": 11.689655172413794,
            "Avg Sample Distance": 6.563492063492064,
            "Avg Misbehavior Distance": 6.370114942528731
        }
    ]
}