{
    "Tool": "DLFuzz",
    "Run ID": "1",
    "Tags": [
        "Moves",
        "Bitmaps",
        "white-box",
        "rescaled"
    ],
    "Total Samples": 1023,
    "Valid Samples": 1023,
    "Invalid Samples": 0,
    "Total Misbehaviors": 113,
    "MisbehaviorPerSample": 0.1104594330400782,
    "Features": {
        "moves": {
            "meta": {
                "name": "moves",
                "min-value": 0.0,
                "max-value": 31.0,
                "num-cells": 25
            },
            "stats": {
                "mean": 1.3900293255131966,
                "stdev": 4.249482332824379,
                "median": 0
            }
        },
        "bitmaps": {
            "meta": {
                "name": "bitmaps",
                "min-value": 3.0,
                "max-value": 207.0,
                "num-cells": 25
            },
            "stats": {
                "mean": 101.74975562072336,
                "stdev": 27.56504382963417,
                "median": 99
            }
        }
    },
    "Reports": [
        {
            "Features": [
                "moves",
                "bitmaps"
            ],
            "Total Cells": 625,
            "Filled Cells": 76,
            "Mapped Misbehaviors": 35,
            "Misbehavior Relative Density": 0.4605263157894737,
            "Misbehavior Density": 0.056,
            "Filled Cells Density": 0.1216,
            "Collisions": 49,
            "Misbehavior Collisions": 18,
            "Collision Ratio": 12.460526315789474,
            "Misbehavior Collision Ratio": 2.2285714285714286,
            "Coverage Sparseness": 16.533333333333335,
            "Misbehavior Sparseness": 17.558823529411764,
            "Avg Sample Distance": 11.289122807017538,
            "Avg Misbehavior Distance": 11.247058823529407
        }
    ]
}