{
    "Tool": "DLFuzz",
    "Run ID": "16",
    "Tags": [
        "Moves",
        "Bitmaps",
        "black-box",
        "rescaled"
    ],
    "Total Samples": 119,
    "Valid Samples": 119,
    "Invalid Samples": 0,
    "Total Misbehaviors": 119,
    "MisbehaviorPerSample": 1.0,
    "Features": {
        "moves": {
            "meta": {
                "name": "moves",
                "min-value": 0.0,
                "max-value": 31.0,
                "num-cells": 25
            },
            "stats": {
                "mean": 3.8403361344537816,
                "stdev": 6.491171570728383,
                "median": 0
            }
        },
        "bitmaps": {
            "meta": {
                "name": "bitmaps",
                "min-value": 3.0,
                "max-value": 207.0,
                "num-cells": 25
            },
            "stats": {
                "mean": 103.76470588235294,
                "stdev": 35.99004238047456,
                "median": 97
            }
        }
    },
    "Reports": [
        {
            "Features": [
                "moves",
                "bitmaps"
            ],
            "Total Cells": 625,
            "Filled Cells": 38,
            "Mapped Misbehaviors": 38,
            "Misbehavior Relative Density": 1.0,
            "Misbehavior Density": 0.0608,
            "Filled Cells Density": 0.0608,
            "Collisions": 22,
            "Misbehavior Collisions": 22,
            "Collision Ratio": 2.1315789473684212,
            "Misbehavior Collision Ratio": 2.1315789473684212,
            "Coverage Sparseness": 18.7027027027027,
            "Misbehavior Sparseness": 18.7027027027027,
            "Avg Sample Distance": 12.594594594594584,
            "Avg Misbehavior Distance": 12.594594594594584
        }
    ]
}