{
    "Tool": "DLFuzz",
    "Run ID": "25",
    "Tags": [
        "Orientation",
        "Moves",
        "black-box",
        "rescaled"
    ],
    "Total Samples": 106,
    "Valid Samples": 106,
    "Invalid Samples": 0,
    "Total Misbehaviors": 106,
    "MisbehaviorPerSample": 1.0,
    "Features": {
        "orientation": {
            "meta": {
                "name": "orientation",
                "min-value": 7.0,
                "max-value": 94.0,
                "num-cells": 25
            },
            "stats": {
                "mean": 50.679245283018865,
                "stdev": 1.5949155511981594,
                "median": 51.0
            }
        },
        "moves": {
            "meta": {
                "name": "moves",
                "min-value": 0.0,
                "max-value": 31.0,
                "num-cells": 25
            },
            "stats": {
                "mean": 2.509433962264151,
                "stdev": 5.594632262512018,
                "median": 0.0
            }
        }
    },
    "Reports": [
        {
            "Features": [
                "orientation",
                "moves"
            ],
            "Total Cells": 625,
            "Filled Cells": 11,
            "Mapped Misbehaviors": 11,
            "Misbehavior Relative Density": 1.0,
            "Misbehavior Density": 0.0176,
            "Filled Cells Density": 0.0176,
            "Collisions": 7,
            "Misbehavior Collisions": 7,
            "Collision Ratio": 8.636363636363637,
            "Misbehavior Collision Ratio": 8.636363636363637,
            "Coverage Sparseness": 10.1,
            "Misbehavior Sparseness": 10.1,
            "Avg Sample Distance": 6.7272727272727275,
            "Avg Misbehavior Distance": 6.7272727272727275
        }
    ]
}