{
    "Tool": "DLFuzz",
    "Run ID": "1",
    "Tags": [
        "Orientation",
        "Moves",
        "black-box",
        "rescaled"
    ],
    "Total Samples": 113,
    "Valid Samples": 113,
    "Invalid Samples": 0,
    "Total Misbehaviors": 113,
    "MisbehaviorPerSample": 1.0,
    "Features": {
        "orientation": {
            "meta": {
                "name": "orientation",
                "min-value": 7.0,
                "max-value": 94.0,
                "num-cells": 25
            },
            "stats": {
                "mean": 50.80530973451327,
                "stdev": 1.5344752888647428,
                "median": 51
            }
        },
        "moves": {
            "meta": {
                "name": "moves",
                "min-value": 0.0,
                "max-value": 31.0,
                "num-cells": 25
            },
            "stats": {
                "mean": 2.690265486725664,
                "stdev": 5.495257120621803,
                "median": 0
            }
        }
    },
    "Reports": [
        {
            "Features": [
                "orientation",
                "moves"
            ],
            "Total Cells": 625,
            "Filled Cells": 16,
            "Mapped Misbehaviors": 16,
            "Misbehavior Relative Density": 1.0,
            "Misbehavior Density": 0.0256,
            "Filled Cells Density": 0.0256,
            "Collisions": 9,
            "Misbehavior Collisions": 9,
            "Collision Ratio": 6.0625,
            "Misbehavior Collision Ratio": 6.0625,
            "Coverage Sparseness": 9.4,
            "Misbehavior Sparseness": 9.4,
            "Avg Sample Distance": 6.133333333333333,
            "Avg Misbehavior Distance": 6.133333333333333
        }
    ]
}