{
    "Tool": "DLFuzz",
    "Run ID": "12",
    "Tags": [
        "Moves",
        "Bitmaps",
        "black-box",
        "rescaled"
    ],
    "Total Samples": 123,
    "Valid Samples": 123,
    "Invalid Samples": 0,
    "Total Misbehaviors": 123,
    "MisbehaviorPerSample": 1.0,
    "Features": {
        "moves": {
            "meta": {
                "name": "moves",
                "min-value": 0.0,
                "max-value": 31.0,
                "num-cells": 25
            },
            "stats": {
                "mean": 3.4796747967479673,
                "stdev": 6.106096917467584,
                "median": 0
            }
        },
        "bitmaps": {
            "meta": {
                "name": "bitmaps",
                "min-value": 3.0,
                "max-value": 207.0,
                "num-cells": 25
            },
            "stats": {
                "mean": 104.39837398373983,
                "stdev": 33.99439197660387,
                "median": 99
            }
        }
    },
    "Reports": [
        {
            "Features": [
                "moves",
                "bitmaps"
            ],
            "Total Cells": 625,
            "Filled Cells": 41,
            "Mapped Misbehaviors": 41,
            "Misbehavior Relative Density": 1.0,
            "Misbehavior Density": 0.0656,
            "Filled Cells Density": 0.0656,
            "Collisions": 23,
            "Misbehavior Collisions": 23,
            "Collision Ratio": 2.0,
            "Misbehavior Collision Ratio": 2.0,
            "Coverage Sparseness": 19.7,
            "Misbehavior Sparseness": 19.7,
            "Avg Sample Distance": 11.370731707317061,
            "Avg Misbehavior Distance": 11.370731707317061
        }
    ]
}