{
    "Tool": "DLFuzz",
    "Run ID": "26",
    "Tags": [
        "Orientation",
        "Moves",
        "black-box",
        "rescaled"
    ],
    "Total Samples": 123,
    "Valid Samples": 123,
    "Invalid Samples": 0,
    "Total Misbehaviors": 123,
    "MisbehaviorPerSample": 1.0,
    "Features": {
        "orientation": {
            "meta": {
                "name": "orientation",
                "min-value": 7.0,
                "max-value": 94.0,
                "num-cells": 25
            },
            "stats": {
                "mean": 50.5609756097561,
                "stdev": 1.6503667822013635,
                "median": 51
            }
        },
        "moves": {
            "meta": {
                "name": "moves",
                "min-value": 0.0,
                "max-value": 31.0,
                "num-cells": 25
            },
            "stats": {
                "mean": 2.5203252032520327,
                "stdev": 5.341378212114491,
                "median": 0
            }
        }
    },
    "Reports": [
        {
            "Features": [
                "orientation",
                "moves"
            ],
            "Total Cells": 625,
            "Filled Cells": 15,
            "Mapped Misbehaviors": 15,
            "Misbehavior Relative Density": 1.0,
            "Misbehavior Density": 0.024,
            "Filled Cells Density": 0.024,
            "Collisions": 7,
            "Misbehavior Collisions": 7,
            "Collision Ratio": 7.2,
            "Misbehavior Collision Ratio": 7.2,
            "Coverage Sparseness": 10.857142857142858,
            "Misbehavior Sparseness": 10.857142857142858,
            "Avg Sample Distance": 7.409523809523809,
            "Avg Misbehavior Distance": 7.409523809523809
        }
    ]
}