{
    "Tool": "DLFuzz",
    "Run ID": "12",
    "Tags": [
        "Orientation",
        "Moves",
        "white-box",
        "rescaled"
    ],
    "Total Samples": 1014,
    "Valid Samples": 1014,
    "Invalid Samples": 0,
    "Total Misbehaviors": 123,
    "MisbehaviorPerSample": 0.12130177514792899,
    "Features": {
        "orientation": {
            "meta": {
                "name": "orientation",
                "min-value": 7.0,
                "max-value": 94.0,
                "num-cells": 25
            },
            "stats": {
                "mean": 51.777120315581854,
                "stdev": 1.4042767813712578,
                "median": 52.0
            }
        },
        "moves": {
            "meta": {
                "name": "moves",
                "min-value": 0.0,
                "max-value": 31.0,
                "num-cells": 25
            },
            "stats": {
                "mean": 1.5887573964497042,
                "stdev": 4.483986186062699,
                "median": 0.0
            }
        }
    },
    "Reports": [
        {
            "Features": [
                "orientation",
                "moves"
            ],
            "Total Cells": 625,
            "Filled Cells": 29,
            "Mapped Misbehaviors": 21,
            "Misbehavior Relative Density": 0.7241379310344828,
            "Misbehavior Density": 0.0336,
            "Filled Cells Density": 0.0464,
            "Collisions": 24,
            "Misbehavior Collisions": 15,
            "Collision Ratio": 33.96551724137931,
            "Misbehavior Collision Ratio": 4.857142857142857,
            "Coverage Sparseness": 13.178571428571429,
            "Misbehavior Sparseness": 10.5,
            "Avg Sample Distance": 6.694581280788176,
            "Avg Misbehavior Distance": 6.457142857142851
        }
    ]
}