{
    "Tool": "DLFuzz",
    "Run ID": "14",
    "Tags": [
        "Orientation",
        "Moves",
        "black-box",
        "rescaled"
    ],
    "Total Samples": 106,
    "Valid Samples": 106,
    "Invalid Samples": 0,
    "Total Misbehaviors": 106,
    "MisbehaviorPerSample": 1.0,
    "Features": {
        "orientation": {
            "meta": {
                "name": "orientation",
                "min-value": 7.0,
                "max-value": 94.0,
                "num-cells": 25
            },
            "stats": {
                "mean": 50.83018867924528,
                "stdev": 1.5824736399712802,
                "median": 51.0
            }
        },
        "moves": {
            "meta": {
                "name": "moves",
                "min-value": 0.0,
                "max-value": 31.0,
                "num-cells": 25
            },
            "stats": {
                "mean": 2.5849056603773586,
                "stdev": 5.544397299940427,
                "median": 0.0
            }
        }
    },
    "Reports": [
        {
            "Features": [
                "orientation",
                "moves"
            ],
            "Total Cells": 625,
            "Filled Cells": 15,
            "Mapped Misbehaviors": 15,
            "Misbehavior Relative Density": 1.0,
            "Misbehavior Density": 0.024,
            "Filled Cells Density": 0.024,
            "Collisions": 8,
            "Misbehavior Collisions": 8,
            "Collision Ratio": 6.066666666666666,
            "Misbehavior Collision Ratio": 6.066666666666666,
            "Coverage Sparseness": 10.142857142857142,
            "Misbehavior Sparseness": 10.142857142857142,
            "Avg Sample Distance": 6.761904761904762,
            "Avg Misbehavior Distance": 6.761904761904762
        }
    ]
}