{
    "Tool": "DLFuzz",
    "Run ID": "5",
    "Tags": [
        "Moves",
        "Bitmaps",
        "white-box",
        "rescaled"
    ],
    "Total Samples": 1032,
    "Valid Samples": 1032,
    "Invalid Samples": 0,
    "Total Misbehaviors": 105,
    "MisbehaviorPerSample": 0.10174418604651163,
    "Features": {
        "moves": {
            "meta": {
                "name": "moves",
                "min-value": 0.0,
                "max-value": 31.0,
                "num-cells": 25
            },
            "stats": {
                "mean": 1.5406976744186047,
                "stdev": 4.463049143826222,
                "median": 0.0
            }
        },
        "bitmaps": {
            "meta": {
                "name": "bitmaps",
                "min-value": 3.0,
                "max-value": 207.0,
                "num-cells": 25
            },
            "stats": {
                "mean": 103.41182170542636,
                "stdev": 29.852335841020487,
                "median": 99.0
            }
        }
    },
    "Reports": [
        {
            "Features": [
                "moves",
                "bitmaps"
            ],
            "Total Cells": 625,
            "Filled Cells": 74,
            "Mapped Misbehaviors": 38,
            "Misbehavior Relative Density": 0.5135135135135135,
            "Misbehavior Density": 0.0608,
            "Filled Cells Density": 0.1184,
            "Collisions": 52,
            "Misbehavior Collisions": 19,
            "Collision Ratio": 12.945945945945946,
            "Misbehavior Collision Ratio": 1.763157894736842,
            "Coverage Sparseness": 20.575342465753426,
            "Misbehavior Sparseness": 23.89189189189189,
            "Avg Sample Distance": 11.609774157719352,
            "Avg Misbehavior Distance": 12.247510668563315
        }
    ]
}