{
    "Tool": "DLFuzz",
    "Run ID": "1",
    "Tags": [
        "Orientation",
        "Moves",
        "white-box",
        "rescaled"
    ],
    "Total Samples": 1023,
    "Valid Samples": 1023,
    "Invalid Samples": 0,
    "Total Misbehaviors": 113,
    "MisbehaviorPerSample": 0.1104594330400782,
    "Features": {
        "orientation": {
            "meta": {
                "name": "orientation",
                "min-value": 7.0,
                "max-value": 94.0,
                "num-cells": 25
            },
            "stats": {
                "mean": 51.683284457478,
                "stdev": 1.4809237624003306,
                "median": 52
            }
        },
        "moves": {
            "meta": {
                "name": "moves",
                "min-value": 0.0,
                "max-value": 31.0,
                "num-cells": 25
            },
            "stats": {
                "mean": 1.3900293255131966,
                "stdev": 4.249482332824379,
                "median": 0
            }
        }
    },
    "Reports": [
        {
            "Features": [
                "orientation",
                "moves"
            ],
            "Total Cells": 625,
            "Filled Cells": 25,
            "Mapped Misbehaviors": 16,
            "Misbehavior Relative Density": 0.64,
            "Misbehavior Density": 0.0256,
            "Filled Cells Density": 0.04,
            "Collisions": 20,
            "Misbehavior Collisions": 9,
            "Collision Ratio": 39.92,
            "Misbehavior Collision Ratio": 6.0625,
            "Coverage Sparseness": 13.916666666666666,
            "Misbehavior Sparseness": 9.4,
            "Avg Sample Distance": 6.599999999999999,
            "Avg Misbehavior Distance": 6.133333333333333
        }
    ]
}