{
    "Tool": "DLFuzz",
    "Run ID": "28",
    "Tags": [
        "Orientation",
        "Moves",
        "black-box",
        "rescaled"
    ],
    "Total Samples": 118,
    "Valid Samples": 118,
    "Invalid Samples": 0,
    "Total Misbehaviors": 118,
    "MisbehaviorPerSample": 1.0,
    "Features": {
        "orientation": {
            "meta": {
                "name": "orientation",
                "min-value": 7.0,
                "max-value": 94.0,
                "num-cells": 25
            },
            "stats": {
                "mean": 50.8728813559322,
                "stdev": 1.614817129544906,
                "median": 51.0
            }
        },
        "moves": {
            "meta": {
                "name": "moves",
                "min-value": 0.0,
                "max-value": 31.0,
                "num-cells": 25
            },
            "stats": {
                "mean": 4.101694915254237,
                "stdev": 6.6027575571967825,
                "median": 0.0
            }
        }
    },
    "Reports": [
        {
            "Features": [
                "orientation",
                "moves"
            ],
            "Total Cells": 625,
            "Filled Cells": 19,
            "Mapped Misbehaviors": 19,
            "Misbehavior Relative Density": 1.0,
            "Misbehavior Density": 0.0304,
            "Filled Cells Density": 0.0304,
            "Collisions": 11,
            "Misbehavior Collisions": 11,
            "Collision Ratio": 5.2105263157894735,
            "Misbehavior Collision Ratio": 5.2105263157894735,
            "Coverage Sparseness": 10.055555555555555,
            "Misbehavior Sparseness": 10.055555555555555,
            "Avg Sample Distance": 6.514619883040934,
            "Avg Misbehavior Distance": 6.514619883040934
        }
    ]
}