{
    "Tool": "DLFuzz",
    "Run ID": "16",
    "Tags": [
        "Moves",
        "Bitmaps",
        "white-box",
        "rescaled"
    ],
    "Total Samples": 1002,
    "Valid Samples": 1002,
    "Invalid Samples": 0,
    "Total Misbehaviors": 119,
    "MisbehaviorPerSample": 0.1187624750499002,
    "Features": {
        "moves": {
            "meta": {
                "name": "moves",
                "min-value": 0.0,
                "max-value": 31.0,
                "num-cells": 25
            },
            "stats": {
                "mean": 1.4840319361277445,
                "stdev": 4.410984892657737,
                "median": 0.0
            }
        },
        "bitmaps": {
            "meta": {
                "name": "bitmaps",
                "min-value": 3.0,
                "max-value": 207.0,
                "num-cells": 25
            },
            "stats": {
                "mean": 104.03692614770459,
                "stdev": 30.459806859181434,
                "median": 100.0
            }
        }
    },
    "Reports": [
        {
            "Features": [
                "moves",
                "bitmaps"
            ],
            "Total Cells": 625,
            "Filled Cells": 71,
            "Mapped Misbehaviors": 38,
            "Misbehavior Relative Density": 0.5352112676056338,
            "Misbehavior Density": 0.0608,
            "Filled Cells Density": 0.1136,
            "Collisions": 49,
            "Misbehavior Collisions": 22,
            "Collision Ratio": 13.112676056338028,
            "Misbehavior Collision Ratio": 2.1315789473684212,
            "Coverage Sparseness": 16.542857142857144,
            "Misbehavior Sparseness": 18.7027027027027,
            "Avg Sample Distance": 11.288531187122732,
            "Avg Misbehavior Distance": 12.594594594594584
        }
    ]
}