{
    "Tool": "DLFuzz",
    "Run ID": "3",
    "Tags": [
        "Orientation",
        "Bitmaps",
        "white-box",
        "rescaled"
    ],
    "Total Samples": 1041,
    "Valid Samples": 1041,
    "Invalid Samples": 0,
    "Total Misbehaviors": 109,
    "MisbehaviorPerSample": 0.10470701248799232,
    "Features": {
        "orientation": {
            "meta": {
                "name": "orientation",
                "min-value": 7.0,
                "max-value": 94.0,
                "num-cells": 25
            },
            "stats": {
                "mean": 51.88280499519693,
                "stdev": 1.3783010059120253,
                "median": 52
            }
        },
        "bitmaps": {
            "meta": {
                "name": "bitmaps",
                "min-value": 3.0,
                "max-value": 207.0,
                "num-cells": 25
            },
            "stats": {
                "mean": 102.78097982708934,
                "stdev": 30.15619695532324,
                "median": 100
            }
        }
    },
    "Reports": [
        {
            "Features": [
                "orientation",
                "bitmaps"
            ],
            "Total Cells": 625,
            "Filled Cells": 39,
            "Mapped Misbehaviors": 29,
            "Misbehavior Relative Density": 0.7435897435897436,
            "Misbehavior Density": 0.0464,
            "Filled Cells Density": 0.0624,
            "Collisions": 34,
            "Misbehavior Collisions": 19,
            "Collision Ratio": 25.692307692307693,
            "Misbehavior Collision Ratio": 2.7586206896551726,
            "Coverage Sparseness": 13.973684210526315,
            "Misbehavior Sparseness": 13.071428571428571,
            "Avg Sample Distance": 7.093117408906886,
            "Avg Misbehavior Distance": 6.852216748768472
        }
    ]
}