{
    "Tool": "DLFuzz",
    "Run ID": "11",
    "Tags": [
        "Orientation",
        "Bitmaps",
        "white-box",
        "rescaled"
    ],
    "Total Samples": 1005,
    "Valid Samples": 1005,
    "Invalid Samples": 0,
    "Total Misbehaviors": 106,
    "MisbehaviorPerSample": 0.1054726368159204,
    "Features": {
        "orientation": {
            "meta": {
                "name": "orientation",
                "min-value": 7.0,
                "max-value": 94.0,
                "num-cells": 25
            },
            "stats": {
                "mean": 51.86268656716418,
                "stdev": 1.3753126215666367,
                "median": 52
            }
        },
        "bitmaps": {
            "meta": {
                "name": "bitmaps",
                "min-value": 3.0,
                "max-value": 207.0,
                "num-cells": 25
            },
            "stats": {
                "mean": 104.81293532338309,
                "stdev": 29.790116275870368,
                "median": 102
            }
        }
    },
    "Reports": [
        {
            "Features": [
                "orientation",
                "bitmaps"
            ],
            "Total Cells": 625,
            "Filled Cells": 42,
            "Mapped Misbehaviors": 34,
            "Misbehavior Relative Density": 0.8095238095238095,
            "Misbehavior Density": 0.0544,
            "Filled Cells Density": 0.0672,
            "Collisions": 37,
            "Misbehavior Collisions": 25,
            "Collision Ratio": 22.928571428571427,
            "Misbehavior Collision Ratio": 2.1176470588235294,
            "Coverage Sparseness": 14.024390243902438,
            "Misbehavior Sparseness": 12.757575757575758,
            "Avg Sample Distance": 7.259001161440181,
            "Avg Misbehavior Distance": 6.844919786096256
        }
    ]
}