{
    "Tool": "DLFuzz",
    "Run ID": "16",
    "Tags": [
        "Orientation",
        "Bitmaps",
        "white-box",
        "rescaled"
    ],
    "Total Samples": 1002,
    "Valid Samples": 1002,
    "Invalid Samples": 0,
    "Total Misbehaviors": 119,
    "MisbehaviorPerSample": 0.1187624750499002,
    "Features": {
        "orientation": {
            "meta": {
                "name": "orientation",
                "min-value": 7.0,
                "max-value": 94.0,
                "num-cells": 25
            },
            "stats": {
                "mean": 51.83233532934132,
                "stdev": 1.4226062444691219,
                "median": 52.0
            }
        },
        "bitmaps": {
            "meta": {
                "name": "bitmaps",
                "min-value": 3.0,
                "max-value": 207.0,
                "num-cells": 25
            },
            "stats": {
                "mean": 104.03692614770459,
                "stdev": 30.459806859181434,
                "median": 100.0
            }
        }
    },
    "Reports": [
        {
            "Features": [
                "orientation",
                "bitmaps"
            ],
            "Total Cells": 625,
            "Filled Cells": 40,
            "Mapped Misbehaviors": 31,
            "Misbehavior Relative Density": 0.775,
            "Misbehavior Density": 0.0496,
            "Filled Cells Density": 0.064,
            "Collisions": 35,
            "Misbehavior Collisions": 23,
            "Collision Ratio": 24.05,
            "Misbehavior Collision Ratio": 2.838709677419355,
            "Coverage Sparseness": 12.307692307692308,
            "Misbehavior Sparseness": 11.533333333333333,
            "Avg Sample Distance": 6.628205128205131,
            "Avg Misbehavior Distance": 6.6580645161290315
        }
    ]
}