{
    "Tool": "DLFuzz",
    "Run ID": "6",
    "Tags": [
        "Moves",
        "Bitmaps",
        "white-box",
        "rescaled"
    ],
    "Total Samples": 1011,
    "Valid Samples": 1011,
    "Invalid Samples": 0,
    "Total Misbehaviors": 119,
    "MisbehaviorPerSample": 0.11770524233432245,
    "Features": {
        "moves": {
            "meta": {
                "name": "moves",
                "min-value": 0.0,
                "max-value": 31.0,
                "num-cells": 25
            },
            "stats": {
                "mean": 1.063303659742829,
                "stdev": 3.6630275534323262,
                "median": 0
            }
        },
        "bitmaps": {
            "meta": {
                "name": "bitmaps",
                "min-value": 3.0,
                "max-value": 207.0,
                "num-cells": 25
            },
            "stats": {
                "mean": 104.77843719090009,
                "stdev": 30.059155701975488,
                "median": 102
            }
        }
    },
    "Reports": [
        {
            "Features": [
                "moves",
                "bitmaps"
            ],
            "Total Cells": 625,
            "Filled Cells": 63,
            "Mapped Misbehaviors": 34,
            "Misbehavior Relative Density": 0.5396825396825397,
            "Misbehavior Density": 0.0544,
            "Filled Cells Density": 0.1008,
            "Collisions": 45,
            "Misbehavior Collisions": 21,
            "Collision Ratio": 15.047619047619047,
            "Misbehavior Collision Ratio": 2.5,
            "Coverage Sparseness": 15.516129032258064,
            "Misbehavior Sparseness": 18.21212121212121,
            "Avg Sample Distance": 11.292370711725567,
            "Avg Misbehavior Distance": 11.962566844919781
        }
    ]
}