{
    "Tool": "DLFuzz",
    "Run ID": "28",
    "Tags": [
        "Moves",
        "Bitmaps",
        "black-box",
        "rescaled"
    ],
    "Total Samples": 118,
    "Valid Samples": 118,
    "Invalid Samples": 0,
    "Total Misbehaviors": 118,
    "MisbehaviorPerSample": 1.0,
    "Features": {
        "moves": {
            "meta": {
                "name": "moves",
                "min-value": 0.0,
                "max-value": 31.0,
                "num-cells": 25
            },
            "stats": {
                "mean": 4.101694915254237,
                "stdev": 6.6027575571967825,
                "median": 0.0
            }
        },
        "bitmaps": {
            "meta": {
                "name": "bitmaps",
                "min-value": 3.0,
                "max-value": 207.0,
                "num-cells": 25
            },
            "stats": {
                "mean": 105.52542372881356,
                "stdev": 38.21659188255887,
                "median": 99.0
            }
        }
    },
    "Reports": [
        {
            "Features": [
                "moves",
                "bitmaps"
            ],
            "Total Cells": 625,
            "Filled Cells": 49,
            "Mapped Misbehaviors": 49,
            "Misbehavior Relative Density": 1.0,
            "Misbehavior Density": 0.0784,
            "Filled Cells Density": 0.0784,
            "Collisions": 18,
            "Misbehavior Collisions": 18,
            "Collision Ratio": 1.4081632653061225,
            "Misbehavior Collision Ratio": 1.4081632653061225,
            "Coverage Sparseness": 19.1875,
            "Misbehavior Sparseness": 19.1875,
            "Avg Sample Distance": 12.537414965986374,
            "Avg Misbehavior Distance": 12.537414965986374
        }
    ]
}