{
    "Tool": "DLFuzz",
    "Run ID": "28",
    "Tags": [
        "Orientation",
        "Bitmaps",
        "black-box",
        "rescaled"
    ],
    "Total Samples": 118,
    "Valid Samples": 118,
    "Invalid Samples": 0,
    "Total Misbehaviors": 118,
    "MisbehaviorPerSample": 1.0,
    "Features": {
        "orientation": {
            "meta": {
                "name": "orientation",
                "min-value": 7.0,
                "max-value": 94.0,
                "num-cells": 25
            },
            "stats": {
                "mean": 50.8728813559322,
                "stdev": 1.614817129544906,
                "median": 51.0
            }
        },
        "bitmaps": {
            "meta": {
                "name": "bitmaps",
                "min-value": 3.0,
                "max-value": 207.0,
                "num-cells": 25
            },
            "stats": {
                "mean": 105.52542372881356,
                "stdev": 38.21659188255887,
                "median": 99.0
            }
        }
    },
    "Reports": [
        {
            "Features": [
                "orientation",
                "bitmaps"
            ],
            "Total Cells": 625,
            "Filled Cells": 35,
            "Mapped Misbehaviors": 35,
            "Misbehavior Relative Density": 1.0,
            "Misbehavior Density": 0.056,
            "Filled Cells Density": 0.056,
            "Collisions": 27,
            "Misbehavior Collisions": 27,
            "Collision Ratio": 2.3714285714285714,
            "Misbehavior Collision Ratio": 2.3714285714285714,
            "Coverage Sparseness": 13.205882352941176,
            "Misbehavior Sparseness": 13.205882352941176,
            "Avg Sample Distance": 7.273949579831934,
            "Avg Misbehavior Distance": 7.273949579831934
        }
    ]
}