{
    "Tool": "DLFuzz",
    "Run ID": "19",
    "Tags": [
        "Orientation",
        "Moves",
        "black-box",
        "rescaled"
    ],
    "Total Samples": 96,
    "Valid Samples": 96,
    "Invalid Samples": 0,
    "Total Misbehaviors": 96,
    "MisbehaviorPerSample": 1.0,
    "Features": {
        "orientation": {
            "meta": {
                "name": "orientation",
                "min-value": 7.0,
                "max-value": 94.0,
                "num-cells": 25
            },
            "stats": {
                "mean": 50.739583333333336,
                "stdev": 1.6107846513368744,
                "median": 51.0
            }
        },
        "moves": {
            "meta": {
                "name": "moves",
                "min-value": 0.0,
                "max-value": 31.0,
                "num-cells": 25
            },
            "stats": {
                "mean": 2.8020833333333335,
                "stdev": 5.7466141824037145,
                "median": 0.0
            }
        }
    },
    "Reports": [
        {
            "Features": [
                "orientation",
                "moves"
            ],
            "Total Cells": 625,
            "Filled Cells": 15,
            "Mapped Misbehaviors": 15,
            "Misbehavior Relative Density": 1.0,
            "Misbehavior Density": 0.024,
            "Filled Cells Density": 0.024,
            "Collisions": 8,
            "Misbehavior Collisions": 8,
            "Collision Ratio": 5.4,
            "Misbehavior Collision Ratio": 5.4,
            "Coverage Sparseness": 10.714285714285714,
            "Misbehavior Sparseness": 10.714285714285714,
            "Avg Sample Distance": 6.685714285714285,
            "Avg Misbehavior Distance": 6.685714285714285
        }
    ]
}