{
    "Tool": "DLFuzz",
    "Run ID": "9",
    "Tags": [
        "Orientation",
        "Bitmaps",
        "white-box",
        "rescaled"
    ],
    "Total Samples": 1005,
    "Valid Samples": 1005,
    "Invalid Samples": 0,
    "Total Misbehaviors": 111,
    "MisbehaviorPerSample": 0.11044776119402985,
    "Features": {
        "orientation": {
            "meta": {
                "name": "orientation",
                "min-value": 7.0,
                "max-value": 94.0,
                "num-cells": 25
            },
            "stats": {
                "mean": 51.78905472636816,
                "stdev": 1.4631188383210196,
                "median": 52
            }
        },
        "bitmaps": {
            "meta": {
                "name": "bitmaps",
                "min-value": 3.0,
                "max-value": 207.0,
                "num-cells": 25
            },
            "stats": {
                "mean": 103.76716417910448,
                "stdev": 29.616262835149,
                "median": 100
            }
        }
    },
    "Reports": [
        {
            "Features": [
                "orientation",
                "bitmaps"
            ],
            "Total Cells": 625,
            "Filled Cells": 37,
            "Mapped Misbehaviors": 30,
            "Misbehavior Relative Density": 0.8108108108108109,
            "Misbehavior Density": 0.048,
            "Filled Cells Density": 0.0592,
            "Collisions": 34,
            "Misbehavior Collisions": 24,
            "Collision Ratio": 26.16216216216216,
            "Misbehavior Collision Ratio": 2.7,
            "Coverage Sparseness": 13.305555555555555,
            "Misbehavior Sparseness": 12.172413793103448,
            "Avg Sample Distance": 6.771771771771769,
            "Avg Misbehavior Distance": 6.583908045977013
        }
    ]
}