{
    "Tool": "DLFuzz",
    "Run ID": "3",
    "Tags": [
        "Moves",
        "Bitmaps",
        "black-box",
        "rescaled"
    ],
    "Total Samples": 109,
    "Valid Samples": 109,
    "Invalid Samples": 0,
    "Total Misbehaviors": 109,
    "MisbehaviorPerSample": 1.0,
    "Features": {
        "moves": {
            "meta": {
                "name": "moves",
                "min-value": 0.0,
                "max-value": 31.0,
                "num-cells": 25
            },
            "stats": {
                "mean": 2.743119266055046,
                "stdev": 5.594977360237468,
                "median": 0
            }
        },
        "bitmaps": {
            "meta": {
                "name": "bitmaps",
                "min-value": 3.0,
                "max-value": 207.0,
                "num-cells": 25
            },
            "stats": {
                "mean": 103.89908256880734,
                "stdev": 34.557505738323044,
                "median": 99
            }
        }
    },
    "Reports": [
        {
            "Features": [
                "moves",
                "bitmaps"
            ],
            "Total Cells": 625,
            "Filled Cells": 35,
            "Mapped Misbehaviors": 35,
            "Misbehavior Relative Density": 1.0,
            "Misbehavior Density": 0.056,
            "Filled Cells Density": 0.056,
            "Collisions": 17,
            "Misbehavior Collisions": 17,
            "Collision Ratio": 2.1142857142857143,
            "Misbehavior Collision Ratio": 2.1142857142857143,
            "Coverage Sparseness": 18.058823529411764,
            "Misbehavior Sparseness": 18.058823529411764,
            "Avg Sample Distance": 11.862184873949584,
            "Avg Misbehavior Distance": 11.862184873949584
        }
    ]
}