{
    "Tool": "DLFuzz",
    "Run ID": "21",
    "Tags": [
        "Orientation",
        "Moves",
        "white-box",
        "rescaled"
    ],
    "Total Samples": 1014,
    "Valid Samples": 1014,
    "Invalid Samples": 0,
    "Total Misbehaviors": 114,
    "MisbehaviorPerSample": 0.11242603550295859,
    "Features": {
        "orientation": {
            "meta": {
                "name": "orientation",
                "min-value": 7.0,
                "max-value": 94.0,
                "num-cells": 25
            },
            "stats": {
                "mean": 51.85897435897436,
                "stdev": 1.412409160986585,
                "median": 52.0
            }
        },
        "moves": {
            "meta": {
                "name": "moves",
                "min-value": 0.0,
                "max-value": 31.0,
                "num-cells": 25
            },
            "stats": {
                "mean": 1.3205128205128205,
                "stdev": 3.9870017500522095,
                "median": 0.0
            }
        }
    },
    "Reports": [
        {
            "Features": [
                "orientation",
                "moves"
            ],
            "Total Cells": 625,
            "Filled Cells": 27,
            "Mapped Misbehaviors": 15,
            "Misbehavior Relative Density": 0.5555555555555556,
            "Misbehavior Density": 0.024,
            "Filled Cells Density": 0.0432,
            "Collisions": 21,
            "Misbehavior Collisions": 7,
            "Collision Ratio": 36.55555555555556,
            "Misbehavior Collision Ratio": 6.6,
            "Coverage Sparseness": 13.692307692307692,
            "Misbehavior Sparseness": 9.0,
            "Avg Sample Distance": 6.5014245014245,
            "Avg Misbehavior Distance": 5.733333333333336
        }
    ]
}