{
    "Tool": "DLFuzz",
    "Run ID": "19",
    "Tags": [
        "Moves",
        "Bitmaps",
        "black-box",
        "rescaled"
    ],
    "Total Samples": 96,
    "Valid Samples": 96,
    "Invalid Samples": 0,
    "Total Misbehaviors": 96,
    "MisbehaviorPerSample": 1.0,
    "Features": {
        "moves": {
            "meta": {
                "name": "moves",
                "min-value": 0.0,
                "max-value": 31.0,
                "num-cells": 25
            },
            "stats": {
                "mean": 2.8020833333333335,
                "stdev": 5.7466141824037145,
                "median": 0.0
            }
        },
        "bitmaps": {
            "meta": {
                "name": "bitmaps",
                "min-value": 3.0,
                "max-value": 207.0,
                "num-cells": 25
            },
            "stats": {
                "mean": 100.16666666666667,
                "stdev": 34.72771278226828,
                "median": 96.0
            }
        }
    },
    "Reports": [
        {
            "Features": [
                "moves",
                "bitmaps"
            ],
            "Total Cells": 625,
            "Filled Cells": 32,
            "Mapped Misbehaviors": 32,
            "Misbehavior Relative Density": 1.0,
            "Misbehavior Density": 0.0512,
            "Filled Cells Density": 0.0512,
            "Collisions": 19,
            "Misbehavior Collisions": 19,
            "Collision Ratio": 2.0,
            "Misbehavior Collision Ratio": 2.0,
            "Coverage Sparseness": 20.0,
            "Misbehavior Sparseness": 20.0,
            "Avg Sample Distance": 11.616935483870973,
            "Avg Misbehavior Distance": 11.616935483870973
        }
    ]
}