{
    "Tool": "DLFuzz",
    "Run ID": "24",
    "Tags": [
        "Orientation",
        "Moves",
        "black-box",
        "rescaled"
    ],
    "Total Samples": 106,
    "Valid Samples": 106,
    "Invalid Samples": 0,
    "Total Misbehaviors": 106,
    "MisbehaviorPerSample": 1.0,
    "Features": {
        "orientation": {
            "meta": {
                "name": "orientation",
                "min-value": 7.0,
                "max-value": 94.0,
                "num-cells": 25
            },
            "stats": {
                "mean": 50.85849056603774,
                "stdev": 1.5083177589005954,
                "median": 51.0
            }
        },
        "moves": {
            "meta": {
                "name": "moves",
                "min-value": 0.0,
                "max-value": 31.0,
                "num-cells": 25
            },
            "stats": {
                "mean": 3.2547169811320753,
                "stdev": 5.842473906463674,
                "median": 0.0
            }
        }
    },
    "Reports": [
        {
            "Features": [
                "orientation",
                "moves"
            ],
            "Total Cells": 625,
            "Filled Cells": 17,
            "Mapped Misbehaviors": 17,
            "Misbehavior Relative Density": 1.0,
            "Misbehavior Density": 0.0272,
            "Filled Cells Density": 0.0272,
            "Collisions": 10,
            "Misbehavior Collisions": 10,
            "Collision Ratio": 5.235294117647059,
            "Misbehavior Collision Ratio": 5.235294117647059,
            "Coverage Sparseness": 8.625,
            "Misbehavior Sparseness": 8.625,
            "Avg Sample Distance": 6.014705882352939,
            "Avg Misbehavior Distance": 6.014705882352939
        }
    ]
}