{
    "Tool": "DLFuzz",
    "Run ID": "14",
    "Tags": [
        "Moves",
        "Bitmaps",
        "white-box",
        "rescaled"
    ],
    "Total Samples": 1008,
    "Valid Samples": 1008,
    "Invalid Samples": 0,
    "Total Misbehaviors": 106,
    "MisbehaviorPerSample": 0.10515873015873016,
    "Features": {
        "moves": {
            "meta": {
                "name": "moves",
                "min-value": 0.0,
                "max-value": 31.0,
                "num-cells": 25
            },
            "stats": {
                "mean": 1.5208333333333333,
                "stdev": 4.609644319762316,
                "median": 0.0
            }
        },
        "bitmaps": {
            "meta": {
                "name": "bitmaps",
                "min-value": 3.0,
                "max-value": 207.0,
                "num-cells": 25
            },
            "stats": {
                "mean": 105.61607142857143,
                "stdev": 30.873776721025227,
                "median": 102.0
            }
        }
    },
    "Reports": [
        {
            "Features": [
                "moves",
                "bitmaps"
            ],
            "Total Cells": 625,
            "Filled Cells": 78,
            "Mapped Misbehaviors": 36,
            "Misbehavior Relative Density": 0.46153846153846156,
            "Misbehavior Density": 0.0576,
            "Filled Cells Density": 0.1248,
            "Collisions": 46,
            "Misbehavior Collisions": 19,
            "Collision Ratio": 11.923076923076923,
            "Misbehavior Collision Ratio": 1.9444444444444444,
            "Coverage Sparseness": 18.25974025974026,
            "Misbehavior Sparseness": 19.228571428571428,
            "Avg Sample Distance": 11.721944721944702,
            "Avg Misbehavior Distance": 11.588888888888887
        }
    ]
}