{
    "Tool": "DLFuzz",
    "Run ID": "22",
    "Tags": [
        "Orientation",
        "Moves",
        "white-box",
        "rescaled"
    ],
    "Total Samples": 1008,
    "Valid Samples": 1008,
    "Invalid Samples": 0,
    "Total Misbehaviors": 113,
    "MisbehaviorPerSample": 0.11210317460317461,
    "Features": {
        "orientation": {
            "meta": {
                "name": "orientation",
                "min-value": 7.0,
                "max-value": 94.0,
                "num-cells": 25
            },
            "stats": {
                "mean": 51.8968253968254,
                "stdev": 1.4431531464956033,
                "median": 52.0
            }
        },
        "moves": {
            "meta": {
                "name": "moves",
                "min-value": 0.0,
                "max-value": 31.0,
                "num-cells": 25
            },
            "stats": {
                "mean": 1.433531746031746,
                "stdev": 4.392096656009973,
                "median": 0.0
            }
        }
    },
    "Reports": [
        {
            "Features": [
                "orientation",
                "moves"
            ],
            "Total Cells": 625,
            "Filled Cells": 27,
            "Mapped Misbehaviors": 16,
            "Misbehavior Relative Density": 0.5925925925925926,
            "Misbehavior Density": 0.0256,
            "Filled Cells Density": 0.0432,
            "Collisions": 22,
            "Misbehavior Collisions": 12,
            "Collision Ratio": 36.333333333333336,
            "Misbehavior Collision Ratio": 6.0625,
            "Coverage Sparseness": 13.884615384615385,
            "Misbehavior Sparseness": 8.733333333333333,
            "Avg Sample Distance": 6.512820512820521,
            "Avg Misbehavior Distance": 5.391666666666664
        }
    ]
}