{
    "Tool": "DLFuzz",
    "Run ID": "24",
    "Tags": [
        "Orientation",
        "Bitmaps",
        "black-box",
        "rescaled"
    ],
    "Total Samples": 106,
    "Valid Samples": 106,
    "Invalid Samples": 0,
    "Total Misbehaviors": 106,
    "MisbehaviorPerSample": 1.0,
    "Features": {
        "orientation": {
            "meta": {
                "name": "orientation",
                "min-value": 7.0,
                "max-value": 94.0,
                "num-cells": 25
            },
            "stats": {
                "mean": 50.85849056603774,
                "stdev": 1.5083177589005954,
                "median": 51.0
            }
        },
        "bitmaps": {
            "meta": {
                "name": "bitmaps",
                "min-value": 3.0,
                "max-value": 207.0,
                "num-cells": 25
            },
            "stats": {
                "mean": 107.0377358490566,
                "stdev": 40.748689614526114,
                "median": 98.0
            }
        }
    },
    "Reports": [
        {
            "Features": [
                "orientation",
                "bitmaps"
            ],
            "Total Cells": 625,
            "Filled Cells": 32,
            "Mapped Misbehaviors": 32,
            "Misbehavior Relative Density": 1.0,
            "Misbehavior Density": 0.0512,
            "Filled Cells Density": 0.0512,
            "Collisions": 26,
            "Misbehavior Collisions": 26,
            "Collision Ratio": 2.3125,
            "Misbehavior Collision Ratio": 2.3125,
            "Coverage Sparseness": 12.838709677419354,
            "Misbehavior Sparseness": 12.838709677419354,
            "Avg Sample Distance": 7.175403225806451,
            "Avg Misbehavior Distance": 7.175403225806451
        }
    ]
}