{
    "Tool": "DLFuzz",
    "Run ID": "18",
    "Tags": [
        "Orientation",
        "Bitmaps",
        "black-box",
        "rescaled"
    ],
    "Total Samples": 116,
    "Valid Samples": 116,
    "Invalid Samples": 0,
    "Total Misbehaviors": 116,
    "MisbehaviorPerSample": 1.0,
    "Features": {
        "orientation": {
            "meta": {
                "name": "orientation",
                "min-value": 7.0,
                "max-value": 94.0,
                "num-cells": 25
            },
            "stats": {
                "mean": 50.73275862068966,
                "stdev": 1.6170706667395167,
                "median": 51.0
            }
        },
        "bitmaps": {
            "meta": {
                "name": "bitmaps",
                "min-value": 3.0,
                "max-value": 207.0,
                "num-cells": 25
            },
            "stats": {
                "mean": 109.04310344827586,
                "stdev": 35.66471700407154,
                "median": 105.5
            }
        }
    },
    "Reports": [
        {
            "Features": [
                "orientation",
                "bitmaps"
            ],
            "Total Cells": 625,
            "Filled Cells": 35,
            "Mapped Misbehaviors": 35,
            "Misbehavior Relative Density": 1.0,
            "Misbehavior Density": 0.056,
            "Filled Cells Density": 0.056,
            "Collisions": 25,
            "Misbehavior Collisions": 25,
            "Collision Ratio": 2.3142857142857145,
            "Misbehavior Collision Ratio": 2.3142857142857145,
            "Coverage Sparseness": 14.0,
            "Misbehavior Sparseness": 14.0,
            "Avg Sample Distance": 6.806722689075629,
            "Avg Misbehavior Distance": 6.806722689075629
        }
    ]
}