{
    "Tool": "DLFuzz",
    "Run ID": "2",
    "Tags": [
        "Orientation",
        "Moves",
        "white-box",
        "rescaled"
    ],
    "Total Samples": 1041,
    "Valid Samples": 1041,
    "Invalid Samples": 0,
    "Total Misbehaviors": 118,
    "MisbehaviorPerSample": 0.11335254562920269,
    "Features": {
        "orientation": {
            "meta": {
                "name": "orientation",
                "min-value": 7.0,
                "max-value": 94.0,
                "num-cells": 25
            },
            "stats": {
                "mean": 51.848222862632085,
                "stdev": 1.4378199350645773,
                "median": 52
            }
        },
        "moves": {
            "meta": {
                "name": "moves",
                "min-value": 0.0,
                "max-value": 31.0,
                "num-cells": 25
            },
            "stats": {
                "mean": 1.6003842459173871,
                "stdev": 4.618083169444376,
                "median": 0
            }
        }
    },
    "Reports": [
        {
            "Features": [
                "orientation",
                "moves"
            ],
            "Total Cells": 625,
            "Filled Cells": 28,
            "Mapped Misbehaviors": 17,
            "Misbehavior Relative Density": 0.6071428571428571,
            "Misbehavior Density": 0.0272,
            "Filled Cells Density": 0.0448,
            "Collisions": 21,
            "Misbehavior Collisions": 10,
            "Collision Ratio": 36.17857142857143,
            "Misbehavior Collision Ratio": 5.9411764705882355,
            "Coverage Sparseness": 14.74074074074074,
            "Misbehavior Sparseness": 11.25,
            "Avg Sample Distance": 7.367724867724866,
            "Avg Misbehavior Distance": 6.75
        }
    ]
}