{
    "Tool": "DLFuzz",
    "Run ID": "6",
    "Tags": [
        "Orientation",
        "Bitmaps",
        "white-box",
        "rescaled"
    ],
    "Total Samples": 1011,
    "Valid Samples": 1011,
    "Invalid Samples": 0,
    "Total Misbehaviors": 119,
    "MisbehaviorPerSample": 0.11770524233432245,
    "Features": {
        "orientation": {
            "meta": {
                "name": "orientation",
                "min-value": 7.0,
                "max-value": 94.0,
                "num-cells": 25
            },
            "stats": {
                "mean": 51.81899109792285,
                "stdev": 1.4911871046615155,
                "median": 52
            }
        },
        "bitmaps": {
            "meta": {
                "name": "bitmaps",
                "min-value": 3.0,
                "max-value": 207.0,
                "num-cells": 25
            },
            "stats": {
                "mean": 104.77843719090009,
                "stdev": 30.059155701975488,
                "median": 102
            }
        }
    },
    "Reports": [
        {
            "Features": [
                "orientation",
                "bitmaps"
            ],
            "Total Cells": 625,
            "Filled Cells": 41,
            "Mapped Misbehaviors": 32,
            "Misbehavior Relative Density": 0.7804878048780488,
            "Misbehavior Density": 0.0512,
            "Filled Cells Density": 0.0656,
            "Collisions": 33,
            "Misbehavior Collisions": 27,
            "Collision Ratio": 23.658536585365855,
            "Misbehavior Collision Ratio": 2.71875,
            "Coverage Sparseness": 13.125,
            "Misbehavior Sparseness": 12.741935483870968,
            "Avg Sample Distance": 6.839024390243905,
            "Avg Misbehavior Distance": 6.598790322580645
        }
    ]
}