{
    "Tool": "DLFuzz",
    "Run ID": "5",
    "Tags": [
        "Moves",
        "Bitmaps",
        "black-box",
        "rescaled"
    ],
    "Total Samples": 105,
    "Valid Samples": 105,
    "Invalid Samples": 0,
    "Total Misbehaviors": 105,
    "MisbehaviorPerSample": 1.0,
    "Features": {
        "moves": {
            "meta": {
                "name": "moves",
                "min-value": 0.0,
                "max-value": 31.0,
                "num-cells": 25
            },
            "stats": {
                "mean": 2.9904761904761905,
                "stdev": 5.533977631406584,
                "median": 0
            }
        },
        "bitmaps": {
            "meta": {
                "name": "bitmaps",
                "min-value": 3.0,
                "max-value": 207.0,
                "num-cells": 25
            },
            "stats": {
                "mean": 105.5904761904762,
                "stdev": 37.60209058173782,
                "median": 99
            }
        }
    },
    "Reports": [
        {
            "Features": [
                "moves",
                "bitmaps"
            ],
            "Total Cells": 625,
            "Filled Cells": 38,
            "Mapped Misbehaviors": 38,
            "Misbehavior Relative Density": 1.0,
            "Misbehavior Density": 0.0608,
            "Filled Cells Density": 0.0608,
            "Collisions": 19,
            "Misbehavior Collisions": 19,
            "Collision Ratio": 1.763157894736842,
            "Misbehavior Collision Ratio": 1.763157894736842,
            "Coverage Sparseness": 23.89189189189189,
            "Misbehavior Sparseness": 23.89189189189189,
            "Avg Sample Distance": 12.247510668563315,
            "Avg Misbehavior Distance": 12.247510668563315
        }
    ]
}