{
    "Tool": "DLFuzz",
    "Run ID": "13",
    "Tags": [
        "Orientation",
        "Bitmaps",
        "black-box",
        "rescaled"
    ],
    "Total Samples": 102,
    "Valid Samples": 102,
    "Invalid Samples": 0,
    "Total Misbehaviors": 102,
    "MisbehaviorPerSample": 1.0,
    "Features": {
        "orientation": {
            "meta": {
                "name": "orientation",
                "min-value": 7.0,
                "max-value": 94.0,
                "num-cells": 25
            },
            "stats": {
                "mean": 50.84313725490196,
                "stdev": 1.8279734926648852,
                "median": 51.0
            }
        },
        "bitmaps": {
            "meta": {
                "name": "bitmaps",
                "min-value": 3.0,
                "max-value": 207.0,
                "num-cells": 25
            },
            "stats": {
                "mean": 103.03921568627452,
                "stdev": 37.85849671653891,
                "median": 96.0
            }
        }
    },
    "Reports": [
        {
            "Features": [
                "orientation",
                "bitmaps"
            ],
            "Total Cells": 625,
            "Filled Cells": 32,
            "Mapped Misbehaviors": 32,
            "Misbehavior Relative Density": 1.0,
            "Misbehavior Density": 0.0512,
            "Filled Cells Density": 0.0512,
            "Collisions": 27,
            "Misbehavior Collisions": 27,
            "Collision Ratio": 2.1875,
            "Misbehavior Collision Ratio": 2.1875,
            "Coverage Sparseness": 12.03225806451613,
            "Misbehavior Sparseness": 12.03225806451613,
            "Avg Sample Distance": 6.425403225806455,
            "Avg Misbehavior Distance": 6.425403225806455
        }
    ]
}