{
    "Tool": "DLFuzz",
    "Run ID": "19",
    "Tags": [
        "Orientation",
        "Bitmaps",
        "black-box",
        "rescaled"
    ],
    "Total Samples": 96,
    "Valid Samples": 96,
    "Invalid Samples": 0,
    "Total Misbehaviors": 96,
    "MisbehaviorPerSample": 1.0,
    "Features": {
        "orientation": {
            "meta": {
                "name": "orientation",
                "min-value": 7.0,
                "max-value": 94.0,
                "num-cells": 25
            },
            "stats": {
                "mean": 50.739583333333336,
                "stdev": 1.6107846513368744,
                "median": 51.0
            }
        },
        "bitmaps": {
            "meta": {
                "name": "bitmaps",
                "min-value": 3.0,
                "max-value": 207.0,
                "num-cells": 25
            },
            "stats": {
                "mean": 100.16666666666667,
                "stdev": 34.72771278226828,
                "median": 96.0
            }
        }
    },
    "Reports": [
        {
            "Features": [
                "orientation",
                "bitmaps"
            ],
            "Total Cells": 625,
            "Filled Cells": 32,
            "Mapped Misbehaviors": 32,
            "Misbehavior Relative Density": 1.0,
            "Misbehavior Density": 0.0512,
            "Filled Cells Density": 0.0512,
            "Collisions": 22,
            "Misbehavior Collisions": 22,
            "Collision Ratio": 2.0,
            "Misbehavior Collision Ratio": 2.0,
            "Coverage Sparseness": 11.612903225806452,
            "Misbehavior Sparseness": 11.612903225806452,
            "Avg Sample Distance": 6.455645161290321,
            "Avg Misbehavior Distance": 6.455645161290321
        }
    ]
}