{
    "Tool": "DLFuzz",
    "Run ID": "15",
    "Tags": [
        "Orientation",
        "Bitmaps",
        "white-box",
        "rescaled"
    ],
    "Total Samples": 1005,
    "Valid Samples": 1005,
    "Invalid Samples": 0,
    "Total Misbehaviors": 119,
    "MisbehaviorPerSample": 0.11840796019900497,
    "Features": {
        "orientation": {
            "meta": {
                "name": "orientation",
                "min-value": 7.0,
                "max-value": 94.0,
                "num-cells": 25
            },
            "stats": {
                "mean": 51.819900497512435,
                "stdev": 1.4971426936232475,
                "median": 52
            }
        },
        "bitmaps": {
            "meta": {
                "name": "bitmaps",
                "min-value": 3.0,
                "max-value": 207.0,
                "num-cells": 25
            },
            "stats": {
                "mean": 103.81094527363184,
                "stdev": 30.227096620772297,
                "median": 99
            }
        }
    },
    "Reports": [
        {
            "Features": [
                "orientation",
                "bitmaps"
            ],
            "Total Cells": 625,
            "Filled Cells": 43,
            "Mapped Misbehaviors": 34,
            "Misbehavior Relative Density": 0.7906976744186046,
            "Misbehavior Density": 0.0544,
            "Filled Cells Density": 0.0688,
            "Collisions": 37,
            "Misbehavior Collisions": 26,
            "Collision Ratio": 22.372093023255815,
            "Misbehavior Collision Ratio": 2.5,
            "Coverage Sparseness": 13.357142857142858,
            "Misbehavior Sparseness": 12.787878787878787,
            "Avg Sample Distance": 6.881506090808419,
            "Avg Misbehavior Distance": 6.789661319073084
        }
    ]
}