{
    "Tool": "DLFuzz",
    "Run ID": "11",
    "Tags": [
        "Moves",
        "Bitmaps",
        "black-box",
        "rescaled"
    ],
    "Total Samples": 106,
    "Valid Samples": 106,
    "Invalid Samples": 0,
    "Total Misbehaviors": 106,
    "MisbehaviorPerSample": 1.0,
    "Features": {
        "moves": {
            "meta": {
                "name": "moves",
                "min-value": 0.0,
                "max-value": 31.0,
                "num-cells": 25
            },
            "stats": {
                "mean": 3.1792452830188678,
                "stdev": 5.92942166907865,
                "median": 0.0
            }
        },
        "bitmaps": {
            "meta": {
                "name": "bitmaps",
                "min-value": 3.0,
                "max-value": 207.0,
                "num-cells": 25
            },
            "stats": {
                "mean": 106.64150943396227,
                "stdev": 38.77608214184794,
                "median": 98.5
            }
        }
    },
    "Reports": [
        {
            "Features": [
                "moves",
                "bitmaps"
            ],
            "Total Cells": 625,
            "Filled Cells": 37,
            "Mapped Misbehaviors": 37,
            "Misbehavior Relative Density": 1.0,
            "Misbehavior Density": 0.0592,
            "Filled Cells Density": 0.0592,
            "Collisions": 21,
            "Misbehavior Collisions": 21,
            "Collision Ratio": 1.864864864864865,
            "Misbehavior Collision Ratio": 1.864864864864865,
            "Coverage Sparseness": 19.52777777777778,
            "Misbehavior Sparseness": 19.52777777777778,
            "Avg Sample Distance": 12.033033033033021,
            "Avg Misbehavior Distance": 12.033033033033021
        }
    ]
}