{
    "Tool": "DLFuzz",
    "Run ID": "7",
    "Tags": [
        "Orientation",
        "Moves",
        "white-box",
        "rescaled"
    ],
    "Total Samples": 1002,
    "Valid Samples": 1002,
    "Invalid Samples": 0,
    "Total Misbehaviors": 109,
    "MisbehaviorPerSample": 0.10878243512974052,
    "Features": {
        "orientation": {
            "meta": {
                "name": "orientation",
                "min-value": 7.0,
                "max-value": 94.0,
                "num-cells": 25
            },
            "stats": {
                "mean": 51.865269461077844,
                "stdev": 1.5041771266766066,
                "median": 52.0
            }
        },
        "moves": {
            "meta": {
                "name": "moves",
                "min-value": 0.0,
                "max-value": 31.0,
                "num-cells": 25
            },
            "stats": {
                "mean": 1.3033932135728543,
                "stdev": 4.153855311529847,
                "median": 0.0
            }
        }
    },
    "Reports": [
        {
            "Features": [
                "orientation",
                "moves"
            ],
            "Total Cells": 625,
            "Filled Cells": 22,
            "Mapped Misbehaviors": 14,
            "Misbehavior Relative Density": 0.6363636363636364,
            "Misbehavior Density": 0.0224,
            "Filled Cells Density": 0.0352,
            "Collisions": 14,
            "Misbehavior Collisions": 7,
            "Collision Ratio": 44.54545454545455,
            "Misbehavior Collision Ratio": 6.785714285714286,
            "Coverage Sparseness": 13.142857142857142,
            "Misbehavior Sparseness": 10.461538461538462,
            "Avg Sample Distance": 6.4242424242424265,
            "Avg Misbehavior Distance": 7.142857142857143
        }
    ]
}