{
    "Tool": "DLFuzz",
    "Run ID": "22",
    "Tags": [
        "Moves",
        "Bitmaps",
        "white-box",
        "rescaled"
    ],
    "Total Samples": 1008,
    "Valid Samples": 1008,
    "Invalid Samples": 0,
    "Total Misbehaviors": 113,
    "MisbehaviorPerSample": 0.11210317460317461,
    "Features": {
        "moves": {
            "meta": {
                "name": "moves",
                "min-value": 0.0,
                "max-value": 31.0,
                "num-cells": 25
            },
            "stats": {
                "mean": 1.433531746031746,
                "stdev": 4.392096656009973,
                "median": 0.0
            }
        },
        "bitmaps": {
            "meta": {
                "name": "bitmaps",
                "min-value": 3.0,
                "max-value": 207.0,
                "num-cells": 25
            },
            "stats": {
                "mean": 104.08531746031746,
                "stdev": 30.838636677285482,
                "median": 100.0
            }
        }
    },
    "Reports": [
        {
            "Features": [
                "moves",
                "bitmaps"
            ],
            "Total Cells": 625,
            "Filled Cells": 71,
            "Mapped Misbehaviors": 35,
            "Misbehavior Relative Density": 0.49295774647887325,
            "Misbehavior Density": 0.056,
            "Filled Cells Density": 0.1136,
            "Collisions": 47,
            "Misbehavior Collisions": 21,
            "Collision Ratio": 13.19718309859155,
            "Misbehavior Collision Ratio": 2.2285714285714286,
            "Coverage Sparseness": 17.285714285714285,
            "Misbehavior Sparseness": 16.029411764705884,
            "Avg Sample Distance": 12.058752515090548,
            "Avg Misbehavior Distance": 10.695798319327732
        }
    ]
}