{
    "Tool": "DLFuzz",
    "Run ID": "18",
    "Tags": [
        "Orientation",
        "Bitmaps",
        "white-box",
        "rescaled"
    ],
    "Total Samples": 1005,
    "Valid Samples": 1005,
    "Invalid Samples": 0,
    "Total Misbehaviors": 116,
    "MisbehaviorPerSample": 0.1154228855721393,
    "Features": {
        "orientation": {
            "meta": {
                "name": "orientation",
                "min-value": 7.0,
                "max-value": 94.0,
                "num-cells": 25
            },
            "stats": {
                "mean": 51.80099502487562,
                "stdev": 1.5142743798220923,
                "median": 52
            }
        },
        "bitmaps": {
            "meta": {
                "name": "bitmaps",
                "min-value": 3.0,
                "max-value": 207.0,
                "num-cells": 25
            },
            "stats": {
                "mean": 104.25373134328358,
                "stdev": 30.67809830554826,
                "median": 100
            }
        }
    },
    "Reports": [
        {
            "Features": [
                "orientation",
                "bitmaps"
            ],
            "Total Cells": 625,
            "Filled Cells": 38,
            "Mapped Misbehaviors": 35,
            "Misbehavior Relative Density": 0.9210526315789473,
            "Misbehavior Density": 0.056,
            "Filled Cells Density": 0.0608,
            "Collisions": 32,
            "Misbehavior Collisions": 25,
            "Collision Ratio": 25.44736842105263,
            "Misbehavior Collision Ratio": 2.3142857142857145,
            "Coverage Sparseness": 13.756756756756756,
            "Misbehavior Sparseness": 14.0,
            "Avg Sample Distance": 6.8122332859175,
            "Avg Misbehavior Distance": 6.806722689075629
        }
    ]
}