{
    "Tool": "DLFuzz",
    "Run ID": "22",
    "Tags": [
        "Orientation",
        "Bitmaps",
        "black-box",
        "rescaled"
    ],
    "Total Samples": 113,
    "Valid Samples": 113,
    "Invalid Samples": 0,
    "Total Misbehaviors": 113,
    "MisbehaviorPerSample": 1.0,
    "Features": {
        "orientation": {
            "meta": {
                "name": "orientation",
                "min-value": 7.0,
                "max-value": 94.0,
                "num-cells": 25
            },
            "stats": {
                "mean": 50.89380530973451,
                "stdev": 1.5547325898825766,
                "median": 51
            }
        },
        "bitmaps": {
            "meta": {
                "name": "bitmaps",
                "min-value": 3.0,
                "max-value": 207.0,
                "num-cells": 25
            },
            "stats": {
                "mean": 105.73451327433628,
                "stdev": 33.790324507783886,
                "median": 99
            }
        }
    },
    "Reports": [
        {
            "Features": [
                "orientation",
                "bitmaps"
            ],
            "Total Cells": 625,
            "Filled Cells": 30,
            "Mapped Misbehaviors": 30,
            "Misbehavior Relative Density": 1.0,
            "Misbehavior Density": 0.048,
            "Filled Cells Density": 0.048,
            "Collisions": 24,
            "Misbehavior Collisions": 24,
            "Collision Ratio": 2.7666666666666666,
            "Misbehavior Collision Ratio": 2.7666666666666666,
            "Coverage Sparseness": 10.931034482758621,
            "Misbehavior Sparseness": 10.931034482758621,
            "Avg Sample Distance": 6.08505747126437,
            "Avg Misbehavior Distance": 6.08505747126437
        }
    ]
}