{
    "Tool": "DLFuzz",
    "Run ID": "20",
    "Tags": [
        "Orientation",
        "Moves",
        "black-box",
        "rescaled"
    ],
    "Total Samples": 116,
    "Valid Samples": 116,
    "Invalid Samples": 0,
    "Total Misbehaviors": 116,
    "MisbehaviorPerSample": 1.0,
    "Features": {
        "orientation": {
            "meta": {
                "name": "orientation",
                "min-value": 7.0,
                "max-value": 94.0,
                "num-cells": 25
            },
            "stats": {
                "mean": 50.741379310344826,
                "stdev": 1.4632940187492556,
                "median": 51.0
            }
        },
        "moves": {
            "meta": {
                "name": "moves",
                "min-value": 0.0,
                "max-value": 31.0,
                "num-cells": 25
            },
            "stats": {
                "mean": 2.9051724137931036,
                "stdev": 5.499373005013923,
                "median": 0.0
            }
        }
    },
    "Reports": [
        {
            "Features": [
                "orientation",
                "moves"
            ],
            "Total Cells": 625,
            "Filled Cells": 14,
            "Mapped Misbehaviors": 14,
            "Misbehavior Relative Density": 1.0,
            "Misbehavior Density": 0.0224,
            "Filled Cells Density": 0.0224,
            "Collisions": 9,
            "Misbehavior Collisions": 9,
            "Collision Ratio": 7.285714285714286,
            "Misbehavior Collision Ratio": 7.285714285714286,
            "Coverage Sparseness": 10.153846153846153,
            "Misbehavior Sparseness": 10.153846153846153,
            "Avg Sample Distance": 5.934065934065933,
            "Avg Misbehavior Distance": 5.934065934065933
        }
    ]
}