{
    "Tool": "DLFuzz",
    "Run ID": "7",
    "Tags": [
        "Orientation",
        "Moves",
        "black-box",
        "rescaled"
    ],
    "Total Samples": 109,
    "Valid Samples": 109,
    "Invalid Samples": 0,
    "Total Misbehaviors": 109,
    "MisbehaviorPerSample": 1.0,
    "Features": {
        "orientation": {
            "meta": {
                "name": "orientation",
                "min-value": 7.0,
                "max-value": 94.0,
                "num-cells": 25
            },
            "stats": {
                "mean": 50.88990825688074,
                "stdev": 1.6121038103078134,
                "median": 51
            }
        },
        "moves": {
            "meta": {
                "name": "moves",
                "min-value": 0.0,
                "max-value": 31.0,
                "num-cells": 25
            },
            "stats": {
                "mean": 2.055045871559633,
                "stdev": 5.250810982133954,
                "median": 0
            }
        }
    },
    "Reports": [
        {
            "Features": [
                "orientation",
                "moves"
            ],
            "Total Cells": 625,
            "Filled Cells": 14,
            "Mapped Misbehaviors": 14,
            "Misbehavior Relative Density": 1.0,
            "Misbehavior Density": 0.0224,
            "Filled Cells Density": 0.0224,
            "Collisions": 7,
            "Misbehavior Collisions": 7,
            "Collision Ratio": 6.785714285714286,
            "Misbehavior Collision Ratio": 6.785714285714286,
            "Coverage Sparseness": 10.461538461538462,
            "Misbehavior Sparseness": 10.461538461538462,
            "Avg Sample Distance": 7.142857142857143,
            "Avg Misbehavior Distance": 7.142857142857143
        }
    ]
}