{
    "Tool": "DLFuzz",
    "Run ID": "1",
    "Tags": [
        "Orientation",
        "Bitmaps",
        "black-box",
        "rescaled"
    ],
    "Total Samples": 113,
    "Valid Samples": 113,
    "Invalid Samples": 0,
    "Total Misbehaviors": 113,
    "MisbehaviorPerSample": 1.0,
    "Features": {
        "orientation": {
            "meta": {
                "name": "orientation",
                "min-value": 7.0,
                "max-value": 94.0,
                "num-cells": 25
            },
            "stats": {
                "mean": 50.80530973451327,
                "stdev": 1.5344752888647428,
                "median": 51
            }
        },
        "bitmaps": {
            "meta": {
                "name": "bitmaps",
                "min-value": 3.0,
                "max-value": 207.0,
                "num-cells": 25
            },
            "stats": {
                "mean": 100.79646017699115,
                "stdev": 31.467431942757273,
                "median": 97
            }
        }
    },
    "Reports": [
        {
            "Features": [
                "orientation",
                "bitmaps"
            ],
            "Total Cells": 625,
            "Filled Cells": 25,
            "Mapped Misbehaviors": 25,
            "Misbehavior Relative Density": 1.0,
            "Misbehavior Density": 0.04,
            "Filled Cells Density": 0.04,
            "Collisions": 21,
            "Misbehavior Collisions": 21,
            "Collision Ratio": 3.52,
            "Misbehavior Collision Ratio": 3.52,
            "Coverage Sparseness": 13.791666666666666,
            "Misbehavior Sparseness": 13.791666666666666,
            "Avg Sample Distance": 6.646666666666667,
            "Avg Misbehavior Distance": 6.646666666666667
        }
    ]
}