{
    "Tool": "DLFuzz",
    "Run ID": "14",
    "Tags": [
        "Moves",
        "Bitmaps",
        "black-box",
        "rescaled"
    ],
    "Total Samples": 106,
    "Valid Samples": 106,
    "Invalid Samples": 0,
    "Total Misbehaviors": 106,
    "MisbehaviorPerSample": 1.0,
    "Features": {
        "moves": {
            "meta": {
                "name": "moves",
                "min-value": 0.0,
                "max-value": 31.0,
                "num-cells": 25
            },
            "stats": {
                "mean": 2.5849056603773586,
                "stdev": 5.544397299940427,
                "median": 0.0
            }
        },
        "bitmaps": {
            "meta": {
                "name": "bitmaps",
                "min-value": 3.0,
                "max-value": 207.0,
                "num-cells": 25
            },
            "stats": {
                "mean": 105.25471698113208,
                "stdev": 37.26815602801756,
                "median": 98.5
            }
        }
    },
    "Reports": [
        {
            "Features": [
                "moves",
                "bitmaps"
            ],
            "Total Cells": 625,
            "Filled Cells": 36,
            "Mapped Misbehaviors": 36,
            "Misbehavior Relative Density": 1.0,
            "Misbehavior Density": 0.0576,
            "Filled Cells Density": 0.0576,
            "Collisions": 19,
            "Misbehavior Collisions": 19,
            "Collision Ratio": 1.9444444444444444,
            "Misbehavior Collision Ratio": 1.9444444444444444,
            "Coverage Sparseness": 19.228571428571428,
            "Misbehavior Sparseness": 19.228571428571428,
            "Avg Sample Distance": 11.588888888888887,
            "Avg Misbehavior Distance": 11.588888888888887
        }
    ]
}