{
    "Tool": "DLFuzz",
    "Run ID": "9",
    "Tags": [
        "Moves",
        "Bitmaps",
        "black-box",
        "rescaled"
    ],
    "Total Samples": 111,
    "Valid Samples": 111,
    "Invalid Samples": 0,
    "Total Misbehaviors": 111,
    "MisbehaviorPerSample": 1.0,
    "Features": {
        "moves": {
            "meta": {
                "name": "moves",
                "min-value": 0.0,
                "max-value": 31.0,
                "num-cells": 25
            },
            "stats": {
                "mean": 3.036036036036036,
                "stdev": 5.877426660039592,
                "median": 0
            }
        },
        "bitmaps": {
            "meta": {
                "name": "bitmaps",
                "min-value": 3.0,
                "max-value": 207.0,
                "num-cells": 25
            },
            "stats": {
                "mean": 103.85585585585585,
                "stdev": 34.5413709384313,
                "median": 98
            }
        }
    },
    "Reports": [
        {
            "Features": [
                "moves",
                "bitmaps"
            ],
            "Total Cells": 625,
            "Filled Cells": 40,
            "Mapped Misbehaviors": 40,
            "Misbehavior Relative Density": 1.0,
            "Misbehavior Density": 0.064,
            "Filled Cells Density": 0.064,
            "Collisions": 15,
            "Misbehavior Collisions": 15,
            "Collision Ratio": 1.775,
            "Misbehavior Collision Ratio": 1.775,
            "Coverage Sparseness": 17.58974358974359,
            "Misbehavior Sparseness": 17.58974358974359,
            "Avg Sample Distance": 12.080769230769214,
            "Avg Misbehavior Distance": 12.080769230769214
        }
    ]
}