{
    "Tool": "DLFuzz",
    "Run ID": "17",
    "Tags": [
        "Moves",
        "Bitmaps",
        "black-box",
        "rescaled"
    ],
    "Total Samples": 114,
    "Valid Samples": 114,
    "Invalid Samples": 0,
    "Total Misbehaviors": 114,
    "MisbehaviorPerSample": 1.0,
    "Features": {
        "moves": {
            "meta": {
                "name": "moves",
                "min-value": 0.0,
                "max-value": 31.0,
                "num-cells": 25
            },
            "stats": {
                "mean": 3.043859649122807,
                "stdev": 6.007945109628108,
                "median": 0.0
            }
        },
        "bitmaps": {
            "meta": {
                "name": "bitmaps",
                "min-value": 3.0,
                "max-value": 207.0,
                "num-cells": 25
            },
            "stats": {
                "mean": 103.91228070175438,
                "stdev": 32.199203366034304,
                "median": 98.0
            }
        }
    },
    "Reports": [
        {
            "Features": [
                "moves",
                "bitmaps"
            ],
            "Total Cells": 625,
            "Filled Cells": 35,
            "Mapped Misbehaviors": 35,
            "Misbehavior Relative Density": 1.0,
            "Misbehavior Density": 0.056,
            "Filled Cells Density": 0.056,
            "Collisions": 23,
            "Misbehavior Collisions": 23,
            "Collision Ratio": 2.257142857142857,
            "Misbehavior Collision Ratio": 2.257142857142857,
            "Coverage Sparseness": 20.147058823529413,
            "Misbehavior Sparseness": 20.147058823529413,
            "Avg Sample Distance": 11.33781512605043,
            "Avg Misbehavior Distance": 11.33781512605043
        }
    ]
}