{
    "Tool": "DLFuzz",
    "Run ID": "9",
    "Tags": [
        "Orientation",
        "Bitmaps",
        "black-box",
        "rescaled"
    ],
    "Total Samples": 111,
    "Valid Samples": 111,
    "Invalid Samples": 0,
    "Total Misbehaviors": 111,
    "MisbehaviorPerSample": 1.0,
    "Features": {
        "orientation": {
            "meta": {
                "name": "orientation",
                "min-value": 7.0,
                "max-value": 94.0,
                "num-cells": 25
            },
            "stats": {
                "mean": 50.891891891891895,
                "stdev": 1.4792587292986945,
                "median": 51
            }
        },
        "bitmaps": {
            "meta": {
                "name": "bitmaps",
                "min-value": 3.0,
                "max-value": 207.0,
                "num-cells": 25
            },
            "stats": {
                "mean": 103.85585585585585,
                "stdev": 34.5413709384313,
                "median": 98
            }
        }
    },
    "Reports": [
        {
            "Features": [
                "orientation",
                "bitmaps"
            ],
            "Total Cells": 625,
            "Filled Cells": 30,
            "Mapped Misbehaviors": 30,
            "Misbehavior Relative Density": 1.0,
            "Misbehavior Density": 0.048,
            "Filled Cells Density": 0.048,
            "Collisions": 24,
            "Misbehavior Collisions": 24,
            "Collision Ratio": 2.7,
            "Misbehavior Collision Ratio": 2.7,
            "Coverage Sparseness": 12.172413793103448,
            "Misbehavior Sparseness": 12.172413793103448,
            "Avg Sample Distance": 6.583908045977013,
            "Avg Misbehavior Distance": 6.583908045977013
        }
    ]
}