{
    "Tool": "DLFuzz",
    "Run ID": "22",
    "Tags": [
        "Moves",
        "Bitmaps",
        "black-box",
        "rescaled"
    ],
    "Total Samples": 113,
    "Valid Samples": 113,
    "Invalid Samples": 0,
    "Total Misbehaviors": 113,
    "MisbehaviorPerSample": 1.0,
    "Features": {
        "moves": {
            "meta": {
                "name": "moves",
                "min-value": 0.0,
                "max-value": 31.0,
                "num-cells": 25
            },
            "stats": {
                "mean": 2.849557522123894,
                "stdev": 5.307039191586648,
                "median": 0
            }
        },
        "bitmaps": {
            "meta": {
                "name": "bitmaps",
                "min-value": 3.0,
                "max-value": 207.0,
                "num-cells": 25
            },
            "stats": {
                "mean": 105.73451327433628,
                "stdev": 33.790324507783886,
                "median": 99
            }
        }
    },
    "Reports": [
        {
            "Features": [
                "moves",
                "bitmaps"
            ],
            "Total Cells": 625,
            "Filled Cells": 35,
            "Mapped Misbehaviors": 35,
            "Misbehavior Relative Density": 1.0,
            "Misbehavior Density": 0.056,
            "Filled Cells Density": 0.056,
            "Collisions": 21,
            "Misbehavior Collisions": 21,
            "Collision Ratio": 2.2285714285714286,
            "Misbehavior Collision Ratio": 2.2285714285714286,
            "Coverage Sparseness": 16.029411764705884,
            "Misbehavior Sparseness": 16.029411764705884,
            "Avg Sample Distance": 10.695798319327732,
            "Avg Misbehavior Distance": 10.695798319327732
        }
    ]
}