{
    "Tool": "DLFuzz",
    "Run ID": "27",
    "Tags": [
        "Moves",
        "Bitmaps",
        "black-box",
        "rescaled"
    ],
    "Total Samples": 115,
    "Valid Samples": 115,
    "Invalid Samples": 0,
    "Total Misbehaviors": 115,
    "MisbehaviorPerSample": 1.0,
    "Features": {
        "moves": {
            "meta": {
                "name": "moves",
                "min-value": 0.0,
                "max-value": 31.0,
                "num-cells": 25
            },
            "stats": {
                "mean": 3.5739130434782607,
                "stdev": 6.199972933677787,
                "median": 0
            }
        },
        "bitmaps": {
            "meta": {
                "name": "bitmaps",
                "min-value": 3.0,
                "max-value": 207.0,
                "num-cells": 25
            },
            "stats": {
                "mean": 106.7304347826087,
                "stdev": 32.649473206875776,
                "median": 102
            }
        }
    },
    "Reports": [
        {
            "Features": [
                "moves",
                "bitmaps"
            ],
            "Total Cells": 625,
            "Filled Cells": 37,
            "Mapped Misbehaviors": 37,
            "Misbehavior Relative Density": 1.0,
            "Misbehavior Density": 0.0592,
            "Filled Cells Density": 0.0592,
            "Collisions": 22,
            "Misbehavior Collisions": 22,
            "Collision Ratio": 2.108108108108108,
            "Misbehavior Collision Ratio": 2.108108108108108,
            "Coverage Sparseness": 17.88888888888889,
            "Misbehavior Sparseness": 17.88888888888889,
            "Avg Sample Distance": 11.78678678678678,
            "Avg Misbehavior Distance": 11.78678678678678
        }
    ]
}