{
    "Tool": "DLFuzz",
    "Run ID": "4",
    "Tags": [
        "Orientation",
        "Bitmaps",
        "black-box",
        "rescaled"
    ],
    "Total Samples": 104,
    "Valid Samples": 104,
    "Invalid Samples": 0,
    "Total Misbehaviors": 104,
    "MisbehaviorPerSample": 1.0,
    "Features": {
        "orientation": {
            "meta": {
                "name": "orientation",
                "min-value": 7.0,
                "max-value": 94.0,
                "num-cells": 25
            },
            "stats": {
                "mean": 50.99038461538461,
                "stdev": 1.444744021454322,
                "median": 51.0
            }
        },
        "bitmaps": {
            "meta": {
                "name": "bitmaps",
                "min-value": 3.0,
                "max-value": 207.0,
                "num-cells": 25
            },
            "stats": {
                "mean": 102.98076923076923,
                "stdev": 35.74314538650713,
                "median": 94.0
            }
        }
    },
    "Reports": [
        {
            "Features": [
                "orientation",
                "bitmaps"
            ],
            "Total Cells": 625,
            "Filled Cells": 30,
            "Mapped Misbehaviors": 30,
            "Misbehavior Relative Density": 1.0,
            "Misbehavior Density": 0.048,
            "Filled Cells Density": 0.048,
            "Collisions": 23,
            "Misbehavior Collisions": 23,
            "Collision Ratio": 2.466666666666667,
            "Misbehavior Collision Ratio": 2.466666666666667,
            "Coverage Sparseness": 12.344827586206897,
            "Misbehavior Sparseness": 12.344827586206897,
            "Avg Sample Distance": 6.760919540229883,
            "Avg Misbehavior Distance": 6.760919540229883
        }
    ]
}