{
    "Tool": "DLFuzz",
    "Run ID": "20",
    "Tags": [
        "Orientation",
        "Bitmaps",
        "white-box",
        "rescaled"
    ],
    "Total Samples": 1011,
    "Valid Samples": 1011,
    "Invalid Samples": 0,
    "Total Misbehaviors": 116,
    "MisbehaviorPerSample": 0.11473788328387735,
    "Features": {
        "orientation": {
            "meta": {
                "name": "orientation",
                "min-value": 7.0,
                "max-value": 94.0,
                "num-cells": 25
            },
            "stats": {
                "mean": 51.824925816023736,
                "stdev": 1.4698325726153276,
                "median": 52
            }
        },
        "bitmaps": {
            "meta": {
                "name": "bitmaps",
                "min-value": 3.0,
                "max-value": 207.0,
                "num-cells": 25
            },
            "stats": {
                "mean": 103.97626112759644,
                "stdev": 31.737310245995275,
                "median": 100
            }
        }
    },
    "Reports": [
        {
            "Features": [
                "orientation",
                "bitmaps"
            ],
            "Total Cells": 625,
            "Filled Cells": 41,
            "Mapped Misbehaviors": 32,
            "Misbehavior Relative Density": 0.7804878048780488,
            "Misbehavior Density": 0.0512,
            "Filled Cells Density": 0.0656,
            "Collisions": 35,
            "Misbehavior Collisions": 25,
            "Collision Ratio": 23.658536585365855,
            "Misbehavior Collision Ratio": 2.625,
            "Coverage Sparseness": 12.95,
            "Misbehavior Sparseness": 12.806451612903226,
            "Avg Sample Distance": 7.180487804878055,
            "Avg Misbehavior Distance": 7.10685483870968
        }
    ]
}