{
    "Tool": "DLFuzz",
    "Run ID": "12",
    "Tags": [
        "Orientation",
        "Bitmaps",
        "black-box",
        "rescaled"
    ],
    "Total Samples": 123,
    "Valid Samples": 123,
    "Invalid Samples": 0,
    "Total Misbehaviors": 123,
    "MisbehaviorPerSample": 1.0,
    "Features": {
        "orientation": {
            "meta": {
                "name": "orientation",
                "min-value": 7.0,
                "max-value": 94.0,
                "num-cells": 25
            },
            "stats": {
                "mean": 50.764227642276424,
                "stdev": 1.5685500290573684,
                "median": 51
            }
        },
        "bitmaps": {
            "meta": {
                "name": "bitmaps",
                "min-value": 3.0,
                "max-value": 207.0,
                "num-cells": 25
            },
            "stats": {
                "mean": 104.39837398373983,
                "stdev": 33.99439197660387,
                "median": 99
            }
        }
    },
    "Reports": [
        {
            "Features": [
                "orientation",
                "bitmaps"
            ],
            "Total Cells": 625,
            "Filled Cells": 30,
            "Mapped Misbehaviors": 30,
            "Misbehavior Relative Density": 1.0,
            "Misbehavior Density": 0.048,
            "Filled Cells Density": 0.048,
            "Collisions": 26,
            "Misbehavior Collisions": 26,
            "Collision Ratio": 3.1,
            "Misbehavior Collision Ratio": 3.1,
            "Coverage Sparseness": 11.689655172413794,
            "Misbehavior Sparseness": 11.689655172413794,
            "Avg Sample Distance": 6.370114942528731,
            "Avg Misbehavior Distance": 6.370114942528731
        }
    ]
}