{
    "Tool": "DLFuzz",
    "Run ID": "7",
    "Tags": [
        "Moves",
        "Bitmaps",
        "white-box",
        "rescaled"
    ],
    "Total Samples": 1002,
    "Valid Samples": 1002,
    "Invalid Samples": 0,
    "Total Misbehaviors": 109,
    "MisbehaviorPerSample": 0.10878243512974052,
    "Features": {
        "moves": {
            "meta": {
                "name": "moves",
                "min-value": 0.0,
                "max-value": 31.0,
                "num-cells": 25
            },
            "stats": {
                "mean": 1.3033932135728543,
                "stdev": 4.153855311529847,
                "median": 0.0
            }
        },
        "bitmaps": {
            "meta": {
                "name": "bitmaps",
                "min-value": 3.0,
                "max-value": 207.0,
                "num-cells": 25
            },
            "stats": {
                "mean": 103.29141716566866,
                "stdev": 30.532289227998,
                "median": 101.0
            }
        }
    },
    "Reports": [
        {
            "Features": [
                "moves",
                "bitmaps"
            ],
            "Total Cells": 625,
            "Filled Cells": 61,
            "Mapped Misbehaviors": 32,
            "Misbehavior Relative Density": 0.5245901639344263,
            "Misbehavior Density": 0.0512,
            "Filled Cells Density": 0.0976,
            "Collisions": 45,
            "Misbehavior Collisions": 16,
            "Collision Ratio": 15.426229508196721,
            "Misbehavior Collision Ratio": 2.40625,
            "Coverage Sparseness": 17.3,
            "Misbehavior Sparseness": 19.483870967741936,
            "Avg Sample Distance": 11.677595628415295,
            "Avg Misbehavior Distance": 12.187499999999996
        }
    ]
}