{
    "Tool": "DLFuzz",
    "Run ID": "8",
    "Tags": [
        "Orientation",
        "Moves",
        "black-box",
        "rescaled"
    ],
    "Total Samples": 106,
    "Valid Samples": 106,
    "Invalid Samples": 0,
    "Total Misbehaviors": 106,
    "MisbehaviorPerSample": 1.0,
    "Features": {
        "orientation": {
            "meta": {
                "name": "orientation",
                "min-value": 7.0,
                "max-value": 94.0,
                "num-cells": 25
            },
            "stats": {
                "mean": 50.79245283018868,
                "stdev": 1.6196235960839525,
                "median": 51.0
            }
        },
        "moves": {
            "meta": {
                "name": "moves",
                "min-value": 0.0,
                "max-value": 31.0,
                "num-cells": 25
            },
            "stats": {
                "mean": 3.141509433962264,
                "stdev": 5.92563226161649,
                "median": 0.0
            }
        }
    },
    "Reports": [
        {
            "Features": [
                "orientation",
                "moves"
            ],
            "Total Cells": 625,
            "Filled Cells": 15,
            "Mapped Misbehaviors": 15,
            "Misbehavior Relative Density": 1.0,
            "Misbehavior Density": 0.024,
            "Filled Cells Density": 0.024,
            "Collisions": 11,
            "Misbehavior Collisions": 11,
            "Collision Ratio": 6.066666666666666,
            "Misbehavior Collision Ratio": 6.066666666666666,
            "Coverage Sparseness": 9.571428571428571,
            "Misbehavior Sparseness": 9.571428571428571,
            "Avg Sample Distance": 6.533333333333333,
            "Avg Misbehavior Distance": 6.533333333333333
        }
    ]
}