{
    "Tool": "DLFuzz",
    "Run ID": "6",
    "Tags": [
        "Orientation",
        "Moves",
        "white-box",
        "rescaled"
    ],
    "Total Samples": 1011,
    "Valid Samples": 1011,
    "Invalid Samples": 0,
    "Total Misbehaviors": 119,
    "MisbehaviorPerSample": 0.11770524233432245,
    "Features": {
        "orientation": {
            "meta": {
                "name": "orientation",
                "min-value": 7.0,
                "max-value": 94.0,
                "num-cells": 25
            },
            "stats": {
                "mean": 51.81899109792285,
                "stdev": 1.4911871046615155,
                "median": 52
            }
        },
        "moves": {
            "meta": {
                "name": "moves",
                "min-value": 0.0,
                "max-value": 31.0,
                "num-cells": 25
            },
            "stats": {
                "mean": 1.063303659742829,
                "stdev": 3.6630275534323262,
                "median": 0
            }
        }
    },
    "Reports": [
        {
            "Features": [
                "orientation",
                "moves"
            ],
            "Total Cells": 625,
            "Filled Cells": 23,
            "Mapped Misbehaviors": 17,
            "Misbehavior Relative Density": 0.7391304347826086,
            "Misbehavior Density": 0.0272,
            "Filled Cells Density": 0.0368,
            "Collisions": 19,
            "Misbehavior Collisions": 8,
            "Collision Ratio": 42.95652173913044,
            "Misbehavior Collision Ratio": 6.0,
            "Coverage Sparseness": 13.090909090909092,
            "Misbehavior Sparseness": 11.0625,
            "Avg Sample Distance": 6.4901185770751,
            "Avg Misbehavior Distance": 6.86764705882353
        }
    ]
}