{
    "Tool": "DLFuzz",
    "Run ID": "8",
    "Tags": [
        "Orientation",
        "Bitmaps",
        "black-box",
        "rescaled"
    ],
    "Total Samples": 106,
    "Valid Samples": 106,
    "Invalid Samples": 0,
    "Total Misbehaviors": 106,
    "MisbehaviorPerSample": 1.0,
    "Features": {
        "orientation": {
            "meta": {
                "name": "orientation",
                "min-value": 7.0,
                "max-value": 94.0,
                "num-cells": 25
            },
            "stats": {
                "mean": 50.79245283018868,
                "stdev": 1.6196235960839525,
                "median": 51.0
            }
        },
        "bitmaps": {
            "meta": {
                "name": "bitmaps",
                "min-value": 3.0,
                "max-value": 207.0,
                "num-cells": 25
            },
            "stats": {
                "mean": 105.13207547169812,
                "stdev": 35.75314184574369,
                "median": 98.0
            }
        }
    },
    "Reports": [
        {
            "Features": [
                "orientation",
                "bitmaps"
            ],
            "Total Cells": 625,
            "Filled Cells": 30,
            "Mapped Misbehaviors": 30,
            "Misbehavior Relative Density": 1.0,
            "Misbehavior Density": 0.048,
            "Filled Cells Density": 0.048,
            "Collisions": 21,
            "Misbehavior Collisions": 21,
            "Collision Ratio": 2.533333333333333,
            "Misbehavior Collision Ratio": 2.533333333333333,
            "Coverage Sparseness": 13.03448275862069,
            "Misbehavior Sparseness": 13.03448275862069,
            "Avg Sample Distance": 6.422988505747129,
            "Avg Misbehavior Distance": 6.422988505747129
        }
    ]
}