{
    "Tool": "DLFuzz",
    "Run ID": "6",
    "Tags": [
        "Orientation",
        "Bitmaps",
        "black-box",
        "rescaled"
    ],
    "Total Samples": 119,
    "Valid Samples": 119,
    "Invalid Samples": 0,
    "Total Misbehaviors": 119,
    "MisbehaviorPerSample": 1.0,
    "Features": {
        "orientation": {
            "meta": {
                "name": "orientation",
                "min-value": 7.0,
                "max-value": 94.0,
                "num-cells": 25
            },
            "stats": {
                "mean": 50.63025210084034,
                "stdev": 1.6305637281320182,
                "median": 51
            }
        },
        "bitmaps": {
            "meta": {
                "name": "bitmaps",
                "min-value": 3.0,
                "max-value": 207.0,
                "num-cells": 25
            },
            "stats": {
                "mean": 106.04201680672269,
                "stdev": 36.07134995288427,
                "median": 100
            }
        }
    },
    "Reports": [
        {
            "Features": [
                "orientation",
                "bitmaps"
            ],
            "Total Cells": 625,
            "Filled Cells": 32,
            "Mapped Misbehaviors": 32,
            "Misbehavior Relative Density": 1.0,
            "Misbehavior Density": 0.0512,
            "Filled Cells Density": 0.0512,
            "Collisions": 27,
            "Misbehavior Collisions": 27,
            "Collision Ratio": 2.71875,
            "Misbehavior Collision Ratio": 2.71875,
            "Coverage Sparseness": 12.741935483870968,
            "Misbehavior Sparseness": 12.741935483870968,
            "Avg Sample Distance": 6.598790322580645,
            "Avg Misbehavior Distance": 6.598790322580645
        }
    ]
}