{
    "Tool": "DLFuzz",
    "Run ID": "8",
    "Tags": [
        "Orientation",
        "Bitmaps",
        "white-box",
        "rescaled"
    ],
    "Total Samples": 1002,
    "Valid Samples": 1002,
    "Invalid Samples": 0,
    "Total Misbehaviors": 106,
    "MisbehaviorPerSample": 0.10578842315369262,
    "Features": {
        "orientation": {
            "meta": {
                "name": "orientation",
                "min-value": 7.0,
                "max-value": 94.0,
                "num-cells": 25
            },
            "stats": {
                "mean": 51.793413173652695,
                "stdev": 1.4269549140107716,
                "median": 52.0
            }
        },
        "bitmaps": {
            "meta": {
                "name": "bitmaps",
                "min-value": 3.0,
                "max-value": 207.0,
                "num-cells": 25
            },
            "stats": {
                "mean": 104.77944111776448,
                "stdev": 29.560251149795512,
                "median": 100.0
            }
        }
    },
    "Reports": [
        {
            "Features": [
                "orientation",
                "bitmaps"
            ],
            "Total Cells": 625,
            "Filled Cells": 38,
            "Mapped Misbehaviors": 30,
            "Misbehavior Relative Density": 0.7894736842105263,
            "Misbehavior Density": 0.048,
            "Filled Cells Density": 0.0608,
            "Collisions": 33,
            "Misbehavior Collisions": 21,
            "Collision Ratio": 25.36842105263158,
            "Misbehavior Collision Ratio": 2.533333333333333,
            "Coverage Sparseness": 13.405405405405405,
            "Misbehavior Sparseness": 13.03448275862069,
            "Avg Sample Distance": 6.672830725462302,
            "Avg Misbehavior Distance": 6.422988505747129
        }
    ]
}