{
    "Tool": "DLFuzz",
    "Run ID": "5",
    "Tags": [
        "Orientation",
        "Moves",
        "black-box",
        "rescaled"
    ],
    "Total Samples": 105,
    "Valid Samples": 105,
    "Invalid Samples": 0,
    "Total Misbehaviors": 105,
    "MisbehaviorPerSample": 1.0,
    "Features": {
        "orientation": {
            "meta": {
                "name": "orientation",
                "min-value": 7.0,
                "max-value": 94.0,
                "num-cells": 25
            },
            "stats": {
                "mean": 50.84761904761905,
                "stdev": 1.5552699022563474,
                "median": 51
            }
        },
        "moves": {
            "meta": {
                "name": "moves",
                "min-value": 0.0,
                "max-value": 31.0,
                "num-cells": 25
            },
            "stats": {
                "mean": 2.9904761904761905,
                "stdev": 5.533977631406584,
                "median": 0
            }
        }
    },
    "Reports": [
        {
            "Features": [
                "orientation",
                "moves"
            ],
            "Total Cells": 625,
            "Filled Cells": 17,
            "Mapped Misbehaviors": 17,
            "Misbehavior Relative Density": 1.0,
            "Misbehavior Density": 0.0272,
            "Filled Cells Density": 0.0272,
            "Collisions": 10,
            "Misbehavior Collisions": 10,
            "Collision Ratio": 5.176470588235294,
            "Misbehavior Collision Ratio": 5.176470588235294,
            "Coverage Sparseness": 11.25,
            "Misbehavior Sparseness": 11.25,
            "Avg Sample Distance": 6.13235294117647,
            "Avg Misbehavior Distance": 6.13235294117647
        }
    ]
}