{
    "Tool": "DLFuzz",
    "Run ID": "27",
    "Tags": [
        "Orientation",
        "Moves",
        "black-box",
        "rescaled"
    ],
    "Total Samples": 115,
    "Valid Samples": 115,
    "Invalid Samples": 0,
    "Total Misbehaviors": 115,
    "MisbehaviorPerSample": 1.0,
    "Features": {
        "orientation": {
            "meta": {
                "name": "orientation",
                "min-value": 7.0,
                "max-value": 94.0,
                "num-cells": 25
            },
            "stats": {
                "mean": 50.80869565217391,
                "stdev": 1.5610143585542413,
                "median": 51
            }
        },
        "moves": {
            "meta": {
                "name": "moves",
                "min-value": 0.0,
                "max-value": 31.0,
                "num-cells": 25
            },
            "stats": {
                "mean": 3.5739130434782607,
                "stdev": 6.199972933677787,
                "median": 0
            }
        }
    },
    "Reports": [
        {
            "Features": [
                "orientation",
                "moves"
            ],
            "Total Cells": 625,
            "Filled Cells": 17,
            "Mapped Misbehaviors": 17,
            "Misbehavior Relative Density": 1.0,
            "Misbehavior Density": 0.0272,
            "Filled Cells Density": 0.0272,
            "Collisions": 11,
            "Misbehavior Collisions": 11,
            "Collision Ratio": 5.764705882352941,
            "Misbehavior Collision Ratio": 5.764705882352941,
            "Coverage Sparseness": 13.9375,
            "Misbehavior Sparseness": 13.9375,
            "Avg Sample Distance": 7.2647058823529385,
            "Avg Misbehavior Distance": 7.2647058823529385
        }
    ]
}