{
    "Tool": "DLFuzz",
    "Run ID": "20",
    "Tags": [
        "Orientation",
        "Moves",
        "white-box",
        "rescaled"
    ],
    "Total Samples": 1011,
    "Valid Samples": 1011,
    "Invalid Samples": 0,
    "Total Misbehaviors": 116,
    "MisbehaviorPerSample": 0.11473788328387735,
    "Features": {
        "orientation": {
            "meta": {
                "name": "orientation",
                "min-value": 7.0,
                "max-value": 94.0,
                "num-cells": 25
            },
            "stats": {
                "mean": 51.824925816023736,
                "stdev": 1.4698325726153276,
                "median": 52
            }
        },
        "moves": {
            "meta": {
                "name": "moves",
                "min-value": 0.0,
                "max-value": 31.0,
                "num-cells": 25
            },
            "stats": {
                "mean": 1.4549950544015826,
                "stdev": 4.299056110423494,
                "median": 0
            }
        }
    },
    "Reports": [
        {
            "Features": [
                "orientation",
                "moves"
            ],
            "Total Cells": 625,
            "Filled Cells": 23,
            "Mapped Misbehaviors": 14,
            "Misbehavior Relative Density": 0.6086956521739131,
            "Misbehavior Density": 0.0224,
            "Filled Cells Density": 0.0368,
            "Collisions": 19,
            "Misbehavior Collisions": 9,
            "Collision Ratio": 42.95652173913044,
            "Misbehavior Collision Ratio": 7.285714285714286,
            "Coverage Sparseness": 11.272727272727273,
            "Misbehavior Sparseness": 10.153846153846153,
            "Avg Sample Distance": 6.6482213438735185,
            "Avg Misbehavior Distance": 5.934065934065933
        }
    ]
}