{
    "Tool": "DLFuzz",
    "Run ID": "17",
    "Tags": [
        "Orientation",
        "Moves",
        "white-box",
        "rescaled"
    ],
    "Total Samples": 1011,
    "Valid Samples": 1011,
    "Invalid Samples": 0,
    "Total Misbehaviors": 114,
    "MisbehaviorPerSample": 0.11275964391691394,
    "Features": {
        "orientation": {
            "meta": {
                "name": "orientation",
                "min-value": 7.0,
                "max-value": 94.0,
                "num-cells": 25
            },
            "stats": {
                "mean": 51.83580613254204,
                "stdev": 1.4551866329222591,
                "median": 52
            }
        },
        "moves": {
            "meta": {
                "name": "moves",
                "min-value": 0.0,
                "max-value": 31.0,
                "num-cells": 25
            },
            "stats": {
                "mean": 1.400593471810089,
                "stdev": 4.273653993870313,
                "median": 0
            }
        }
    },
    "Reports": [
        {
            "Features": [
                "orientation",
                "moves"
            ],
            "Total Cells": 625,
            "Filled Cells": 24,
            "Mapped Misbehaviors": 16,
            "Misbehavior Relative Density": 0.6666666666666666,
            "Misbehavior Density": 0.0256,
            "Filled Cells Density": 0.0384,
            "Collisions": 24,
            "Misbehavior Collisions": 10,
            "Collision Ratio": 41.125,
            "Misbehavior Collision Ratio": 6.125,
            "Coverage Sparseness": 13.043478260869565,
            "Misbehavior Sparseness": 11.2,
            "Avg Sample Distance": 6.612318840579712,
            "Avg Misbehavior Distance": 7.1000000000000005
        }
    ]
}