{
    "Tool": "DLFuzz",
    "Run ID": "3",
    "Tags": [
        "Orientation",
        "Moves",
        "white-box",
        "rescaled"
    ],
    "Total Samples": 1041,
    "Valid Samples": 1041,
    "Invalid Samples": 0,
    "Total Misbehaviors": 109,
    "MisbehaviorPerSample": 0.10470701248799232,
    "Features": {
        "orientation": {
            "meta": {
                "name": "orientation",
                "min-value": 7.0,
                "max-value": 94.0,
                "num-cells": 25
            },
            "stats": {
                "mean": 51.88280499519693,
                "stdev": 1.3783010059120253,
                "median": 52
            }
        },
        "moves": {
            "meta": {
                "name": "moves",
                "min-value": 0.0,
                "max-value": 31.0,
                "num-cells": 25
            },
            "stats": {
                "mean": 1.5456292026897214,
                "stdev": 4.369923715765291,
                "median": 0
            }
        }
    },
    "Reports": [
        {
            "Features": [
                "orientation",
                "moves"
            ],
            "Total Cells": 625,
            "Filled Cells": 26,
            "Mapped Misbehaviors": 17,
            "Misbehavior Relative Density": 0.6538461538461539,
            "Misbehavior Density": 0.0272,
            "Filled Cells Density": 0.0416,
            "Collisions": 23,
            "Misbehavior Collisions": 10,
            "Collision Ratio": 39.03846153846154,
            "Misbehavior Collision Ratio": 5.411764705882353,
            "Coverage Sparseness": 11.88,
            "Misbehavior Sparseness": 9.875,
            "Avg Sample Distance": 6.040000000000003,
            "Avg Misbehavior Distance": 6.1470588235294095
        }
    ]
}