{
    "Tool": "DLFuzz",
    "Run ID": "14",
    "Tags": [
        "Orientation",
        "Bitmaps",
        "white-box",
        "rescaled"
    ],
    "Total Samples": 1008,
    "Valid Samples": 1008,
    "Invalid Samples": 0,
    "Total Misbehaviors": 106,
    "MisbehaviorPerSample": 0.10515873015873016,
    "Features": {
        "orientation": {
            "meta": {
                "name": "orientation",
                "min-value": 7.0,
                "max-value": 94.0,
                "num-cells": 25
            },
            "stats": {
                "mean": 51.857142857142854,
                "stdev": 1.4589478638193927,
                "median": 52.0
            }
        },
        "bitmaps": {
            "meta": {
                "name": "bitmaps",
                "min-value": 3.0,
                "max-value": 207.0,
                "num-cells": 25
            },
            "stats": {
                "mean": 105.61607142857143,
                "stdev": 30.873776721025227,
                "median": 102.0
            }
        }
    },
    "Reports": [
        {
            "Features": [
                "orientation",
                "bitmaps"
            ],
            "Total Cells": 625,
            "Filled Cells": 42,
            "Mapped Misbehaviors": 31,
            "Misbehavior Relative Density": 0.7380952380952381,
            "Misbehavior Density": 0.0496,
            "Filled Cells Density": 0.0672,
            "Collisions": 36,
            "Misbehavior Collisions": 23,
            "Collision Ratio": 23.0,
            "Misbehavior Collision Ratio": 2.4193548387096775,
            "Coverage Sparseness": 15.073170731707316,
            "Misbehavior Sparseness": 13.0,
            "Avg Sample Distance": 7.2113821138211405,
            "Avg Misbehavior Distance": 6.705376344086022
        }
    ]
}