{
    "Tool": "DLFuzz",
    "Run ID": "29",
    "Tags": [
        "Moves",
        "Bitmaps",
        "black-box",
        "rescaled"
    ],
    "Total Samples": 111,
    "Valid Samples": 111,
    "Invalid Samples": 0,
    "Total Misbehaviors": 111,
    "MisbehaviorPerSample": 1.0,
    "Features": {
        "moves": {
            "meta": {
                "name": "moves",
                "min-value": 0.0,
                "max-value": 31.0,
                "num-cells": 25
            },
            "stats": {
                "mean": 3.5765765765765765,
                "stdev": 5.638422651044349,
                "median": 0
            }
        },
        "bitmaps": {
            "meta": {
                "name": "bitmaps",
                "min-value": 3.0,
                "max-value": 207.0,
                "num-cells": 25
            },
            "stats": {
                "mean": 103.83783783783784,
                "stdev": 35.53782633669511,
                "median": 98
            }
        }
    },
    "Reports": [
        {
            "Features": [
                "moves",
                "bitmaps"
            ],
            "Total Cells": 625,
            "Filled Cells": 41,
            "Mapped Misbehaviors": 41,
            "Misbehavior Relative Density": 1.0,
            "Misbehavior Density": 0.0656,
            "Filled Cells Density": 0.0656,
            "Collisions": 22,
            "Misbehavior Collisions": 22,
            "Collision Ratio": 1.7073170731707317,
            "Misbehavior Collision Ratio": 1.7073170731707317,
            "Coverage Sparseness": 17.85,
            "Misbehavior Sparseness": 17.85,
            "Avg Sample Distance": 10.817073170731703,
            "Avg Misbehavior Distance": 10.817073170731703
        }
    ]
}