{
    "Tool": "DLFuzz",
    "Run ID": "13",
    "Tags": [
        "Moves",
        "Bitmaps",
        "white-box",
        "rescaled"
    ],
    "Total Samples": 996,
    "Valid Samples": 996,
    "Invalid Samples": 0,
    "Total Misbehaviors": 102,
    "MisbehaviorPerSample": 0.10240963855421686,
    "Features": {
        "moves": {
            "meta": {
                "name": "moves",
                "min-value": 0.0,
                "max-value": 31.0,
                "num-cells": 25
            },
            "stats": {
                "mean": 1.7008032128514057,
                "stdev": 4.686432824711391,
                "median": 0.0
            }
        },
        "bitmaps": {
            "meta": {
                "name": "bitmaps",
                "min-value": 3.0,
                "max-value": 207.0,
                "num-cells": 25
            },
            "stats": {
                "mean": 101.30020080321285,
                "stdev": 31.58310788186029,
                "median": 96.0
            }
        }
    },
    "Reports": [
        {
            "Features": [
                "moves",
                "bitmaps"
            ],
            "Total Cells": 625,
            "Filled Cells": 76,
            "Mapped Misbehaviors": 40,
            "Misbehavior Relative Density": 0.5263157894736842,
            "Misbehavior Density": 0.064,
            "Filled Cells Density": 0.1216,
            "Collisions": 55,
            "Misbehavior Collisions": 25,
            "Collision Ratio": 12.105263157894736,
            "Misbehavior Collision Ratio": 1.55,
            "Coverage Sparseness": 16.373333333333335,
            "Misbehavior Sparseness": 19.41025641025641,
            "Avg Sample Distance": 11.590526315789447,
            "Avg Misbehavior Distance": 11.561538461538463
        }
    ]
}