{
    "Tool": "DLFuzz",
    "Run ID": "27",
    "Tags": [
        "Orientation",
        "Bitmaps",
        "black-box",
        "rescaled"
    ],
    "Total Samples": 115,
    "Valid Samples": 115,
    "Invalid Samples": 0,
    "Total Misbehaviors": 115,
    "MisbehaviorPerSample": 1.0,
    "Features": {
        "orientation": {
            "meta": {
                "name": "orientation",
                "min-value": 7.0,
                "max-value": 94.0,
                "num-cells": 25
            },
            "stats": {
                "mean": 50.80869565217391,
                "stdev": 1.5610143585542413,
                "median": 51
            }
        },
        "bitmaps": {
            "meta": {
                "name": "bitmaps",
                "min-value": 3.0,
                "max-value": 207.0,
                "num-cells": 25
            },
            "stats": {
                "mean": 106.7304347826087,
                "stdev": 32.649473206875776,
                "median": 102
            }
        }
    },
    "Reports": [
        {
            "Features": [
                "orientation",
                "bitmaps"
            ],
            "Total Cells": 625,
            "Filled Cells": 32,
            "Mapped Misbehaviors": 32,
            "Misbehavior Relative Density": 1.0,
            "Misbehavior Density": 0.0512,
            "Filled Cells Density": 0.0512,
            "Collisions": 23,
            "Misbehavior Collisions": 23,
            "Collision Ratio": 2.59375,
            "Misbehavior Collision Ratio": 2.59375,
            "Coverage Sparseness": 10.774193548387096,
            "Misbehavior Sparseness": 10.774193548387096,
            "Avg Sample Distance": 6.195564516129032,
            "Avg Misbehavior Distance": 6.195564516129032
        }
    ]
}