{
    "Tool": "DLFuzz",
    "Run ID": "17",
    "Tags": [
        "Orientation",
        "Bitmaps",
        "black-box",
        "rescaled"
    ],
    "Total Samples": 114,
    "Valid Samples": 114,
    "Invalid Samples": 0,
    "Total Misbehaviors": 114,
    "MisbehaviorPerSample": 1.0,
    "Features": {
        "orientation": {
            "meta": {
                "name": "orientation",
                "min-value": 7.0,
                "max-value": 94.0,
                "num-cells": 25
            },
            "stats": {
                "mean": 50.79824561403509,
                "stdev": 1.6994524082222637,
                "median": 51.0
            }
        },
        "bitmaps": {
            "meta": {
                "name": "bitmaps",
                "min-value": 3.0,
                "max-value": 207.0,
                "num-cells": 25
            },
            "stats": {
                "mean": 103.91228070175438,
                "stdev": 32.199203366034304,
                "median": 98.0
            }
        }
    },
    "Reports": [
        {
            "Features": [
                "orientation",
                "bitmaps"
            ],
            "Total Cells": 625,
            "Filled Cells": 29,
            "Mapped Misbehaviors": 29,
            "Misbehavior Relative Density": 1.0,
            "Misbehavior Density": 0.0464,
            "Filled Cells Density": 0.0464,
            "Collisions": 24,
            "Misbehavior Collisions": 24,
            "Collision Ratio": 2.9310344827586206,
            "Misbehavior Collision Ratio": 2.9310344827586206,
            "Coverage Sparseness": 12.928571428571429,
            "Misbehavior Sparseness": 12.928571428571429,
            "Avg Sample Distance": 6.098522167487686,
            "Avg Misbehavior Distance": 6.098522167487686
        }
    ]
}