{
    "Tool": "DLFuzz",
    "Run ID": "24",
    "Tags": [
        "Moves",
        "Bitmaps",
        "black-box",
        "rescaled"
    ],
    "Total Samples": 106,
    "Valid Samples": 106,
    "Invalid Samples": 0,
    "Total Misbehaviors": 106,
    "MisbehaviorPerSample": 1.0,
    "Features": {
        "moves": {
            "meta": {
                "name": "moves",
                "min-value": 0.0,
                "max-value": 31.0,
                "num-cells": 25
            },
            "stats": {
                "mean": 3.2547169811320753,
                "stdev": 5.842473906463674,
                "median": 0.0
            }
        },
        "bitmaps": {
            "meta": {
                "name": "bitmaps",
                "min-value": 3.0,
                "max-value": 207.0,
                "num-cells": 25
            },
            "stats": {
                "mean": 107.0377358490566,
                "stdev": 40.748689614526114,
                "median": 98.0
            }
        }
    },
    "Reports": [
        {
            "Features": [
                "moves",
                "bitmaps"
            ],
            "Total Cells": 625,
            "Filled Cells": 39,
            "Mapped Misbehaviors": 39,
            "Misbehavior Relative Density": 1.0,
            "Misbehavior Density": 0.0624,
            "Filled Cells Density": 0.0624,
            "Collisions": 21,
            "Misbehavior Collisions": 21,
            "Collision Ratio": 1.7179487179487178,
            "Misbehavior Collision Ratio": 1.7179487179487178,
            "Coverage Sparseness": 18.473684210526315,
            "Misbehavior Sparseness": 18.473684210526315,
            "Avg Sample Distance": 12.534412955465584,
            "Avg Misbehavior Distance": 12.534412955465584
        }
    ]
}