{
    "Tool": "DLFuzz",
    "Run ID": "15",
    "Tags": [
        "Orientation",
        "Moves",
        "black-box",
        "rescaled"
    ],
    "Total Samples": 119,
    "Valid Samples": 119,
    "Invalid Samples": 0,
    "Total Misbehaviors": 119,
    "MisbehaviorPerSample": 1.0,
    "Features": {
        "orientation": {
            "meta": {
                "name": "orientation",
                "min-value": 7.0,
                "max-value": 94.0,
                "num-cells": 25
            },
            "stats": {
                "mean": 50.84033613445378,
                "stdev": 1.610259444709596,
                "median": 51
            }
        },
        "moves": {
            "meta": {
                "name": "moves",
                "min-value": 0.0,
                "max-value": 31.0,
                "num-cells": 25
            },
            "stats": {
                "mean": 2.310924369747899,
                "stdev": 5.0585519117020175,
                "median": 0
            }
        }
    },
    "Reports": [
        {
            "Features": [
                "orientation",
                "moves"
            ],
            "Total Cells": 625,
            "Filled Cells": 15,
            "Mapped Misbehaviors": 15,
            "Misbehavior Relative Density": 1.0,
            "Misbehavior Density": 0.024,
            "Filled Cells Density": 0.024,
            "Collisions": 9,
            "Misbehavior Collisions": 9,
            "Collision Ratio": 6.933333333333334,
            "Misbehavior Collision Ratio": 6.933333333333334,
            "Coverage Sparseness": 11.928571428571429,
            "Misbehavior Sparseness": 11.928571428571429,
            "Avg Sample Distance": 6.723809523809523,
            "Avg Misbehavior Distance": 6.723809523809523
        }
    ]
}