{
    "Tool": "DLFuzz",
    "Run ID": "21",
    "Tags": [
        "Orientation",
        "Bitmaps",
        "black-box",
        "rescaled"
    ],
    "Total Samples": 114,
    "Valid Samples": 114,
    "Invalid Samples": 0,
    "Total Misbehaviors": 114,
    "MisbehaviorPerSample": 1.0,
    "Features": {
        "orientation": {
            "meta": {
                "name": "orientation",
                "min-value": 7.0,
                "max-value": 94.0,
                "num-cells": 25
            },
            "stats": {
                "mean": 50.80701754385965,
                "stdev": 1.4505244274860514,
                "median": 51.0
            }
        },
        "bitmaps": {
            "meta": {
                "name": "bitmaps",
                "min-value": 3.0,
                "max-value": 207.0,
                "num-cells": 25
            },
            "stats": {
                "mean": 103.76315789473684,
                "stdev": 31.759132929800284,
                "median": 96.0
            }
        }
    },
    "Reports": [
        {
            "Features": [
                "orientation",
                "bitmaps"
            ],
            "Total Cells": 625,
            "Filled Cells": 30,
            "Mapped Misbehaviors": 30,
            "Misbehavior Relative Density": 1.0,
            "Misbehavior Density": 0.048,
            "Filled Cells Density": 0.048,
            "Collisions": 23,
            "Misbehavior Collisions": 23,
            "Collision Ratio": 2.8,
            "Misbehavior Collision Ratio": 2.8,
            "Coverage Sparseness": 11.96551724137931,
            "Misbehavior Sparseness": 11.96551724137931,
            "Avg Sample Distance": 6.199999999999998,
            "Avg Misbehavior Distance": 6.199999999999998
        }
    ]
}