{
    "Tool": "DLFuzz",
    "Run ID": "10",
    "Tags": [
        "Orientation",
        "Moves",
        "black-box",
        "rescaled"
    ],
    "Total Samples": 99,
    "Valid Samples": 99,
    "Invalid Samples": 0,
    "Total Misbehaviors": 99,
    "MisbehaviorPerSample": 1.0,
    "Features": {
        "orientation": {
            "meta": {
                "name": "orientation",
                "min-value": 7.0,
                "max-value": 94.0,
                "num-cells": 25
            },
            "stats": {
                "mean": 50.62626262626262,
                "stdev": 1.6573020772392713,
                "median": 51
            }
        },
        "moves": {
            "meta": {
                "name": "moves",
                "min-value": 0.0,
                "max-value": 31.0,
                "num-cells": 25
            },
            "stats": {
                "mean": 3.303030303030303,
                "stdev": 6.086878737446515,
                "median": 0
            }
        }
    },
    "Reports": [
        {
            "Features": [
                "orientation",
                "moves"
            ],
            "Total Cells": 625,
            "Filled Cells": 19,
            "Mapped Misbehaviors": 19,
            "Misbehavior Relative Density": 1.0,
            "Misbehavior Density": 0.0304,
            "Filled Cells Density": 0.0304,
            "Collisions": 9,
            "Misbehavior Collisions": 9,
            "Collision Ratio": 4.2105263157894735,
            "Misbehavior Collision Ratio": 4.2105263157894735,
            "Coverage Sparseness": 9.5,
            "Misbehavior Sparseness": 9.5,
            "Avg Sample Distance": 6.596491228070175,
            "Avg Misbehavior Distance": 6.596491228070175
        }
    ]
}