{
    "Tool": "DLFuzz",
    "Run ID": "14",
    "Tags": [
        "Orientation",
        "Moves",
        "white-box",
        "rescaled"
    ],
    "Total Samples": 1008,
    "Valid Samples": 1008,
    "Invalid Samples": 0,
    "Total Misbehaviors": 106,
    "MisbehaviorPerSample": 0.10515873015873016,
    "Features": {
        "orientation": {
            "meta": {
                "name": "orientation",
                "min-value": 7.0,
                "max-value": 94.0,
                "num-cells": 25
            },
            "stats": {
                "mean": 51.857142857142854,
                "stdev": 1.4589478638193927,
                "median": 52.0
            }
        },
        "moves": {
            "meta": {
                "name": "moves",
                "min-value": 0.0,
                "max-value": 31.0,
                "num-cells": 25
            },
            "stats": {
                "mean": 1.5208333333333333,
                "stdev": 4.609644319762316,
                "median": 0.0
            }
        }
    },
    "Reports": [
        {
            "Features": [
                "orientation",
                "moves"
            ],
            "Total Cells": 625,
            "Filled Cells": 28,
            "Mapped Misbehaviors": 15,
            "Misbehavior Relative Density": 0.5357142857142857,
            "Misbehavior Density": 0.024,
            "Filled Cells Density": 0.0448,
            "Collisions": 22,
            "Misbehavior Collisions": 8,
            "Collision Ratio": 35.0,
            "Misbehavior Collision Ratio": 6.066666666666666,
            "Coverage Sparseness": 14.88888888888889,
            "Misbehavior Sparseness": 10.142857142857142,
            "Avg Sample Distance": 7.645502645502647,
            "Avg Misbehavior Distance": 6.761904761904762
        }
    ]
}