{
    "Tool": "DLFuzz",
    "Run ID": "11",
    "Tags": [
        "Moves",
        "Bitmaps",
        "white-box",
        "rescaled"
    ],
    "Total Samples": 1005,
    "Valid Samples": 1005,
    "Invalid Samples": 0,
    "Total Misbehaviors": 106,
    "MisbehaviorPerSample": 0.1054726368159204,
    "Features": {
        "moves": {
            "meta": {
                "name": "moves",
                "min-value": 0.0,
                "max-value": 31.0,
                "num-cells": 25
            },
            "stats": {
                "mean": 1.9054726368159205,
                "stdev": 5.012933461849041,
                "median": 0
            }
        },
        "bitmaps": {
            "meta": {
                "name": "bitmaps",
                "min-value": 3.0,
                "max-value": 207.0,
                "num-cells": 25
            },
            "stats": {
                "mean": 104.81293532338309,
                "stdev": 29.790116275870368,
                "median": 102
            }
        }
    },
    "Reports": [
        {
            "Features": [
                "moves",
                "bitmaps"
            ],
            "Total Cells": 625,
            "Filled Cells": 80,
            "Mapped Misbehaviors": 37,
            "Misbehavior Relative Density": 0.4625,
            "Misbehavior Density": 0.0592,
            "Filled Cells Density": 0.128,
            "Collisions": 57,
            "Misbehavior Collisions": 21,
            "Collision Ratio": 11.5625,
            "Misbehavior Collision Ratio": 1.864864864864865,
            "Coverage Sparseness": 17.835443037974684,
            "Misbehavior Sparseness": 19.52777777777778,
            "Avg Sample Distance": 11.591772151898748,
            "Avg Misbehavior Distance": 12.033033033033021
        }
    ]
}