{
    "Tool": "DLFuzz",
    "Run ID": "15",
    "Tags": [
        "Orientation",
        "Bitmaps",
        "black-box",
        "rescaled"
    ],
    "Total Samples": 119,
    "Valid Samples": 119,
    "Invalid Samples": 0,
    "Total Misbehaviors": 119,
    "MisbehaviorPerSample": 1.0,
    "Features": {
        "orientation": {
            "meta": {
                "name": "orientation",
                "min-value": 7.0,
                "max-value": 94.0,
                "num-cells": 25
            },
            "stats": {
                "mean": 50.84033613445378,
                "stdev": 1.610259444709596,
                "median": 51
            }
        },
        "bitmaps": {
            "meta": {
                "name": "bitmaps",
                "min-value": 3.0,
                "max-value": 207.0,
                "num-cells": 25
            },
            "stats": {
                "mean": 107.5126050420168,
                "stdev": 34.832739700182245,
                "median": 100
            }
        }
    },
    "Reports": [
        {
            "Features": [
                "orientation",
                "bitmaps"
            ],
            "Total Cells": 625,
            "Filled Cells": 34,
            "Mapped Misbehaviors": 34,
            "Misbehavior Relative Density": 1.0,
            "Misbehavior Density": 0.0544,
            "Filled Cells Density": 0.0544,
            "Collisions": 26,
            "Misbehavior Collisions": 26,
            "Collision Ratio": 2.5,
            "Misbehavior Collision Ratio": 2.5,
            "Coverage Sparseness": 12.787878787878787,
            "Misbehavior Sparseness": 12.787878787878787,
            "Avg Sample Distance": 6.789661319073084,
            "Avg Misbehavior Distance": 6.789661319073084
        }
    ]
}