{
    "Tool": "DLFuzz",
    "Run ID": "3",
    "Tags": [
        "Orientation",
        "Moves",
        "black-box",
        "rescaled"
    ],
    "Total Samples": 109,
    "Valid Samples": 109,
    "Invalid Samples": 0,
    "Total Misbehaviors": 109,
    "MisbehaviorPerSample": 1.0,
    "Features": {
        "orientation": {
            "meta": {
                "name": "orientation",
                "min-value": 7.0,
                "max-value": 94.0,
                "num-cells": 25
            },
            "stats": {
                "mean": 50.95412844036697,
                "stdev": 1.5054550259646333,
                "median": 51
            }
        },
        "moves": {
            "meta": {
                "name": "moves",
                "min-value": 0.0,
                "max-value": 31.0,
                "num-cells": 25
            },
            "stats": {
                "mean": 2.743119266055046,
                "stdev": 5.594977360237468,
                "median": 0
            }
        }
    },
    "Reports": [
        {
            "Features": [
                "orientation",
                "moves"
            ],
            "Total Cells": 625,
            "Filled Cells": 17,
            "Mapped Misbehaviors": 17,
            "Misbehavior Relative Density": 1.0,
            "Misbehavior Density": 0.0272,
            "Filled Cells Density": 0.0272,
            "Collisions": 10,
            "Misbehavior Collisions": 10,
            "Collision Ratio": 5.411764705882353,
            "Misbehavior Collision Ratio": 5.411764705882353,
            "Coverage Sparseness": 9.875,
            "Misbehavior Sparseness": 9.875,
            "Avg Sample Distance": 6.1470588235294095,
            "Avg Misbehavior Distance": 6.1470588235294095
        }
    ]
}