{
    "Tool": "DLFuzz",
    "Run ID": "4",
    "Tags": [
        "Orientation",
        "Moves",
        "white-box",
        "rescaled"
    ],
    "Total Samples": 1032,
    "Valid Samples": 1032,
    "Invalid Samples": 0,
    "Total Misbehaviors": 104,
    "MisbehaviorPerSample": 0.10077519379844961,
    "Features": {
        "orientation": {
            "meta": {
                "name": "orientation",
                "min-value": 7.0,
                "max-value": 94.0,
                "num-cells": 25
            },
            "stats": {
                "mean": 51.81976744186046,
                "stdev": 1.3866751029392528,
                "median": 52.0
            }
        },
        "moves": {
            "meta": {
                "name": "moves",
                "min-value": 0.0,
                "max-value": 31.0,
                "num-cells": 25
            },
            "stats": {
                "mean": 1.623062015503876,
                "stdev": 4.493380315268678,
                "median": 0.0
            }
        }
    },
    "Reports": [
        {
            "Features": [
                "orientation",
                "moves"
            ],
            "Total Cells": 625,
            "Filled Cells": 24,
            "Mapped Misbehaviors": 17,
            "Misbehavior Relative Density": 0.7083333333333334,
            "Misbehavior Density": 0.0272,
            "Filled Cells Density": 0.0384,
            "Collisions": 20,
            "Misbehavior Collisions": 11,
            "Collision Ratio": 42.0,
            "Misbehavior Collision Ratio": 5.117647058823529,
            "Coverage Sparseness": 12.565217391304348,
            "Misbehavior Sparseness": 11.1875,
            "Avg Sample Distance": 6.126811594202892,
            "Avg Misbehavior Distance": 6.191176470588236
        }
    ]
}