{
    "Tool": "DLFuzz",
    "Run ID": "15",
    "Tags": [
        "Orientation",
        "Moves",
        "white-box",
        "rescaled"
    ],
    "Total Samples": 1005,
    "Valid Samples": 1005,
    "Invalid Samples": 0,
    "Total Misbehaviors": 119,
    "MisbehaviorPerSample": 0.11840796019900497,
    "Features": {
        "orientation": {
            "meta": {
                "name": "orientation",
                "min-value": 7.0,
                "max-value": 94.0,
                "num-cells": 25
            },
            "stats": {
                "mean": 51.819900497512435,
                "stdev": 1.4971426936232475,
                "median": 52
            }
        },
        "moves": {
            "meta": {
                "name": "moves",
                "min-value": 0.0,
                "max-value": 31.0,
                "num-cells": 25
            },
            "stats": {
                "mean": 1.672636815920398,
                "stdev": 4.759483875944565,
                "median": 0
            }
        }
    },
    "Reports": [
        {
            "Features": [
                "orientation",
                "moves"
            ],
            "Total Cells": 625,
            "Filled Cells": 30,
            "Mapped Misbehaviors": 15,
            "Misbehavior Relative Density": 0.5,
            "Misbehavior Density": 0.024,
            "Filled Cells Density": 0.048,
            "Collisions": 21,
            "Misbehavior Collisions": 9,
            "Collision Ratio": 32.5,
            "Misbehavior Collision Ratio": 6.933333333333334,
            "Coverage Sparseness": 14.379310344827585,
            "Misbehavior Sparseness": 11.928571428571429,
            "Avg Sample Distance": 7.2919540229885085,
            "Avg Misbehavior Distance": 6.723809523809523
        }
    ]
}