{
    "Tool": "DLFuzz",
    "Run ID": "19",
    "Tags": [
        "Orientation",
        "Moves",
        "white-box",
        "rescaled"
    ],
    "Total Samples": 1008,
    "Valid Samples": 1008,
    "Invalid Samples": 0,
    "Total Misbehaviors": 96,
    "MisbehaviorPerSample": 0.09523809523809523,
    "Features": {
        "orientation": {
            "meta": {
                "name": "orientation",
                "min-value": 7.0,
                "max-value": 94.0,
                "num-cells": 25
            },
            "stats": {
                "mean": 51.81448412698413,
                "stdev": 1.4988603852807916,
                "median": 52.0
            }
        },
        "moves": {
            "meta": {
                "name": "moves",
                "min-value": 0.0,
                "max-value": 31.0,
                "num-cells": 25
            },
            "stats": {
                "mean": 1.6517857142857142,
                "stdev": 4.684142233797896,
                "median": 0.0
            }
        }
    },
    "Reports": [
        {
            "Features": [
                "orientation",
                "moves"
            ],
            "Total Cells": 625,
            "Filled Cells": 27,
            "Mapped Misbehaviors": 15,
            "Misbehavior Relative Density": 0.5555555555555556,
            "Misbehavior Density": 0.024,
            "Filled Cells Density": 0.0432,
            "Collisions": 20,
            "Misbehavior Collisions": 8,
            "Collision Ratio": 36.333333333333336,
            "Misbehavior Collision Ratio": 5.4,
            "Coverage Sparseness": 14.692307692307692,
            "Misbehavior Sparseness": 10.714285714285714,
            "Avg Sample Distance": 7.367521367521369,
            "Avg Misbehavior Distance": 6.685714285714285
        }
    ]
}