{
    "Tool": "DLFuzz",
    "Run ID": "8",
    "Tags": [
        "Moves",
        "Bitmaps",
        "black-box",
        "rescaled"
    ],
    "Total Samples": 106,
    "Valid Samples": 106,
    "Invalid Samples": 0,
    "Total Misbehaviors": 106,
    "MisbehaviorPerSample": 1.0,
    "Features": {
        "moves": {
            "meta": {
                "name": "moves",
                "min-value": 0.0,
                "max-value": 31.0,
                "num-cells": 25
            },
            "stats": {
                "mean": 3.141509433962264,
                "stdev": 5.92563226161649,
                "median": 0.0
            }
        },
        "bitmaps": {
            "meta": {
                "name": "bitmaps",
                "min-value": 3.0,
                "max-value": 207.0,
                "num-cells": 25
            },
            "stats": {
                "mean": 105.13207547169812,
                "stdev": 35.75314184574369,
                "median": 98.0
            }
        }
    },
    "Reports": [
        {
            "Features": [
                "moves",
                "bitmaps"
            ],
            "Total Cells": 625,
            "Filled Cells": 35,
            "Mapped Misbehaviors": 35,
            "Misbehavior Relative Density": 1.0,
            "Misbehavior Density": 0.056,
            "Filled Cells Density": 0.056,
            "Collisions": 22,
            "Misbehavior Collisions": 22,
            "Collision Ratio": 2.0285714285714285,
            "Misbehavior Collision Ratio": 2.0285714285714285,
            "Coverage Sparseness": 20.794117647058822,
            "Misbehavior Sparseness": 20.794117647058822,
            "Avg Sample Distance": 12.09747899159666,
            "Avg Misbehavior Distance": 12.09747899159666
        }
    ]
}