{
    "Tool": "DLFuzz",
    "Run ID": "17",
    "Tags": [
        "Orientation",
        "Bitmaps",
        "white-box",
        "rescaled"
    ],
    "Total Samples": 1011,
    "Valid Samples": 1011,
    "Invalid Samples": 0,
    "Total Misbehaviors": 114,
    "MisbehaviorPerSample": 0.11275964391691394,
    "Features": {
        "orientation": {
            "meta": {
                "name": "orientation",
                "min-value": 7.0,
                "max-value": 94.0,
                "num-cells": 25
            },
            "stats": {
                "mean": 51.83580613254204,
                "stdev": 1.4551866329222591,
                "median": 52
            }
        },
        "bitmaps": {
            "meta": {
                "name": "bitmaps",
                "min-value": 3.0,
                "max-value": 207.0,
                "num-cells": 25
            },
            "stats": {
                "mean": 105.69040553907023,
                "stdev": 30.71194976471254,
                "median": 101
            }
        }
    },
    "Reports": [
        {
            "Features": [
                "orientation",
                "bitmaps"
            ],
            "Total Cells": 625,
            "Filled Cells": 37,
            "Mapped Misbehaviors": 29,
            "Misbehavior Relative Density": 0.7837837837837838,
            "Misbehavior Density": 0.0464,
            "Filled Cells Density": 0.0592,
            "Collisions": 34,
            "Misbehavior Collisions": 24,
            "Collision Ratio": 26.324324324324323,
            "Misbehavior Collision Ratio": 2.9310344827586206,
            "Coverage Sparseness": 12.305555555555555,
            "Misbehavior Sparseness": 12.928571428571429,
            "Avg Sample Distance": 6.675675675675677,
            "Avg Misbehavior Distance": 6.098522167487686
        }
    ]
}