{
    "Tool": "DLFuzz",
    "Run ID": "21",
    "Tags": [
        "Orientation",
        "Moves",
        "black-box",
        "rescaled"
    ],
    "Total Samples": 114,
    "Valid Samples": 114,
    "Invalid Samples": 0,
    "Total Misbehaviors": 114,
    "MisbehaviorPerSample": 1.0,
    "Features": {
        "orientation": {
            "meta": {
                "name": "orientation",
                "min-value": 7.0,
                "max-value": 94.0,
                "num-cells": 25
            },
            "stats": {
                "mean": 50.80701754385965,
                "stdev": 1.4505244274860514,
                "median": 51.0
            }
        },
        "moves": {
            "meta": {
                "name": "moves",
                "min-value": 0.0,
                "max-value": 31.0,
                "num-cells": 25
            },
            "stats": {
                "mean": 2.06140350877193,
                "stdev": 4.576363064452677,
                "median": 0.0
            }
        }
    },
    "Reports": [
        {
            "Features": [
                "orientation",
                "moves"
            ],
            "Total Cells": 625,
            "Filled Cells": 15,
            "Mapped Misbehaviors": 15,
            "Misbehavior Relative Density": 1.0,
            "Misbehavior Density": 0.024,
            "Filled Cells Density": 0.024,
            "Collisions": 7,
            "Misbehavior Collisions": 7,
            "Collision Ratio": 6.6,
            "Misbehavior Collision Ratio": 6.6,
            "Coverage Sparseness": 9.0,
            "Misbehavior Sparseness": 9.0,
            "Avg Sample Distance": 5.733333333333336,
            "Avg Misbehavior Distance": 5.733333333333336
        }
    ]
}