{
    "Tool": "DLFuzz",
    "Run ID": "8",
    "Tags": [
        "Orientation",
        "Moves",
        "white-box",
        "rescaled"
    ],
    "Total Samples": 1002,
    "Valid Samples": 1002,
    "Invalid Samples": 0,
    "Total Misbehaviors": 106,
    "MisbehaviorPerSample": 0.10578842315369262,
    "Features": {
        "orientation": {
            "meta": {
                "name": "orientation",
                "min-value": 7.0,
                "max-value": 94.0,
                "num-cells": 25
            },
            "stats": {
                "mean": 51.793413173652695,
                "stdev": 1.4269549140107716,
                "median": 52.0
            }
        },
        "moves": {
            "meta": {
                "name": "moves",
                "min-value": 0.0,
                "max-value": 31.0,
                "num-cells": 25
            },
            "stats": {
                "mean": 1.2834331337325349,
                "stdev": 4.032523248076034,
                "median": 0.0
            }
        }
    },
    "Reports": [
        {
            "Features": [
                "orientation",
                "moves"
            ],
            "Total Cells": 625,
            "Filled Cells": 26,
            "Mapped Misbehaviors": 15,
            "Misbehavior Relative Density": 0.5769230769230769,
            "Misbehavior Density": 0.024,
            "Filled Cells Density": 0.0416,
            "Collisions": 21,
            "Misbehavior Collisions": 11,
            "Collision Ratio": 37.53846153846154,
            "Misbehavior Collision Ratio": 6.066666666666666,
            "Coverage Sparseness": 13.56,
            "Misbehavior Sparseness": 9.571428571428571,
            "Avg Sample Distance": 6.655384615384613,
            "Avg Misbehavior Distance": 6.533333333333333
        }
    ]
}