{
    "Tool": "DLFuzz",
    "Run ID": "19",
    "Tags": [
        "Moves",
        "Bitmaps",
        "white-box",
        "rescaled"
    ],
    "Total Samples": 1008,
    "Valid Samples": 1008,
    "Invalid Samples": 0,
    "Total Misbehaviors": 96,
    "MisbehaviorPerSample": 0.09523809523809523,
    "Features": {
        "moves": {
            "meta": {
                "name": "moves",
                "min-value": 0.0,
                "max-value": 31.0,
                "num-cells": 25
            },
            "stats": {
                "mean": 1.6517857142857142,
                "stdev": 4.684142233797896,
                "median": 0.0
            }
        },
        "bitmaps": {
            "meta": {
                "name": "bitmaps",
                "min-value": 3.0,
                "max-value": 207.0,
                "num-cells": 25
            },
            "stats": {
                "mean": 102.28571428571429,
                "stdev": 30.80308271831014,
                "median": 97.0
            }
        }
    },
    "Reports": [
        {
            "Features": [
                "moves",
                "bitmaps"
            ],
            "Total Cells": 625,
            "Filled Cells": 72,
            "Mapped Misbehaviors": 32,
            "Misbehavior Relative Density": 0.4444444444444444,
            "Misbehavior Density": 0.0512,
            "Filled Cells Density": 0.1152,
            "Collisions": 55,
            "Misbehavior Collisions": 19,
            "Collision Ratio": 13.0,
            "Misbehavior Collision Ratio": 2.0,
            "Coverage Sparseness": 19.0,
            "Misbehavior Sparseness": 20.0,
            "Avg Sample Distance": 11.688184663536793,
            "Avg Misbehavior Distance": 11.616935483870973
        }
    ]
}