{
    "Tool": "DLFuzz",
    "Run ID": "10",
    "Tags": [
        "Moves",
        "Bitmaps",
        "black-box",
        "rescaled"
    ],
    "Total Samples": 99,
    "Valid Samples": 99,
    "Invalid Samples": 0,
    "Total Misbehaviors": 99,
    "MisbehaviorPerSample": 1.0,
    "Features": {
        "moves": {
            "meta": {
                "name": "moves",
                "min-value": 0.0,
                "max-value": 31.0,
                "num-cells": 25
            },
            "stats": {
                "mean": 3.303030303030303,
                "stdev": 6.086878737446515,
                "median": 0
            }
        },
        "bitmaps": {
            "meta": {
                "name": "bitmaps",
                "min-value": 3.0,
                "max-value": 207.0,
                "num-cells": 25
            },
            "stats": {
                "mean": 100.31313131313131,
                "stdev": 29.17737677730865,
                "median": 97
            }
        }
    },
    "Reports": [
        {
            "Features": [
                "moves",
                "bitmaps"
            ],
            "Total Cells": 625,
            "Filled Cells": 36,
            "Mapped Misbehaviors": 36,
            "Misbehavior Relative Density": 1.0,
            "Misbehavior Density": 0.0576,
            "Filled Cells Density": 0.0576,
            "Collisions": 16,
            "Misbehavior Collisions": 16,
            "Collision Ratio": 1.75,
            "Misbehavior Collision Ratio": 1.75,
            "Coverage Sparseness": 19.314285714285713,
            "Misbehavior Sparseness": 19.314285714285713,
            "Avg Sample Distance": 11.276190476190479,
            "Avg Misbehavior Distance": 11.276190476190479
        }
    ]
}