{
    "Tool": "DLFuzz",
    "Run ID": "2",
    "Tags": [
        "Moves",
        "Bitmaps",
        "black-box",
        "rescaled"
    ],
    "Total Samples": 118,
    "Valid Samples": 118,
    "Invalid Samples": 0,
    "Total Misbehaviors": 118,
    "MisbehaviorPerSample": 1.0,
    "Features": {
        "moves": {
            "meta": {
                "name": "moves",
                "min-value": 0.0,
                "max-value": 31.0,
                "num-cells": 25
            },
            "stats": {
                "mean": 2.864406779661017,
                "stdev": 5.780774582466174,
                "median": 0.0
            }
        },
        "bitmaps": {
            "meta": {
                "name": "bitmaps",
                "min-value": 3.0,
                "max-value": 207.0,
                "num-cells": 25
            },
            "stats": {
                "mean": 111.97457627118644,
                "stdev": 40.27500802217723,
                "median": 102.0
            }
        }
    },
    "Reports": [
        {
            "Features": [
                "moves",
                "bitmaps"
            ],
            "Total Cells": 625,
            "Filled Cells": 38,
            "Mapped Misbehaviors": 38,
            "Misbehavior Relative Density": 1.0,
            "Misbehavior Density": 0.0608,
            "Filled Cells Density": 0.0608,
            "Collisions": 21,
            "Misbehavior Collisions": 21,
            "Collision Ratio": 2.1052631578947367,
            "Misbehavior Collision Ratio": 2.1052631578947367,
            "Coverage Sparseness": 20.72972972972973,
            "Misbehavior Sparseness": 20.72972972972973,
            "Avg Sample Distance": 12.405405405405396,
            "Avg Misbehavior Distance": 12.405405405405396
        }
    ]
}