{
    "Tool": "DLFuzz",
    "Run ID": "30",
    "Tags": [
        "Orientation",
        "Moves",
        "black-box",
        "rescaled"
    ],
    "Total Samples": 101,
    "Valid Samples": 101,
    "Invalid Samples": 0,
    "Total Misbehaviors": 101,
    "MisbehaviorPerSample": 1.0,
    "Features": {
        "orientation": {
            "meta": {
                "name": "orientation",
                "min-value": 7.0,
                "max-value": 94.0,
                "num-cells": 25
            },
            "stats": {
                "mean": 50.93069306930693,
                "stdev": 1.4916931704782606,
                "median": 51
            }
        },
        "moves": {
            "meta": {
                "name": "moves",
                "min-value": 0.0,
                "max-value": 31.0,
                "num-cells": 25
            },
            "stats": {
                "mean": 2.6930693069306932,
                "stdev": 5.543902189356205,
                "median": 0
            }
        }
    },
    "Reports": [
        {
            "Features": [
                "orientation",
                "moves"
            ],
            "Total Cells": 625,
            "Filled Cells": 15,
            "Mapped Misbehaviors": 15,
            "Misbehavior Relative Density": 1.0,
            "Misbehavior Density": 0.024,
            "Filled Cells Density": 0.024,
            "Collisions": 8,
            "Misbehavior Collisions": 8,
            "Collision Ratio": 5.733333333333333,
            "Misbehavior Collision Ratio": 5.733333333333333,
            "Coverage Sparseness": 10.071428571428571,
            "Misbehavior Sparseness": 10.071428571428571,
            "Avg Sample Distance": 6.0952380952380985,
            "Avg Misbehavior Distance": 6.0952380952380985
        }
    ]
}