{
    "Tool": "DLFuzz",
    "Run ID": "16",
    "Tags": [
        "Orientation",
        "Bitmaps",
        "black-box",
        "rescaled"
    ],
    "Total Samples": 119,
    "Valid Samples": 119,
    "Invalid Samples": 0,
    "Total Misbehaviors": 119,
    "MisbehaviorPerSample": 1.0,
    "Features": {
        "orientation": {
            "meta": {
                "name": "orientation",
                "min-value": 7.0,
                "max-value": 94.0,
                "num-cells": 25
            },
            "stats": {
                "mean": 50.63025210084034,
                "stdev": 1.5341620923934585,
                "median": 51
            }
        },
        "bitmaps": {
            "meta": {
                "name": "bitmaps",
                "min-value": 3.0,
                "max-value": 207.0,
                "num-cells": 25
            },
            "stats": {
                "mean": 103.76470588235294,
                "stdev": 35.99004238047456,
                "median": 97
            }
        }
    },
    "Reports": [
        {
            "Features": [
                "orientation",
                "bitmaps"
            ],
            "Total Cells": 625,
            "Filled Cells": 31,
            "Mapped Misbehaviors": 31,
            "Misbehavior Relative Density": 1.0,
            "Misbehavior Density": 0.0496,
            "Filled Cells Density": 0.0496,
            "Collisions": 23,
            "Misbehavior Collisions": 23,
            "Collision Ratio": 2.838709677419355,
            "Misbehavior Collision Ratio": 2.838709677419355,
            "Coverage Sparseness": 11.533333333333333,
            "Misbehavior Sparseness": 11.533333333333333,
            "Avg Sample Distance": 6.6580645161290315,
            "Avg Misbehavior Distance": 6.6580645161290315
        }
    ]
}