{
    "Tool": "DLFuzz",
    "Run ID": "30",
    "Tags": [
        "Moves",
        "Bitmaps",
        "black-box",
        "rescaled"
    ],
    "Total Samples": 101,
    "Valid Samples": 101,
    "Invalid Samples": 0,
    "Total Misbehaviors": 101,
    "MisbehaviorPerSample": 1.0,
    "Features": {
        "moves": {
            "meta": {
                "name": "moves",
                "min-value": 0.0,
                "max-value": 31.0,
                "num-cells": 25
            },
            "stats": {
                "mean": 2.6930693069306932,
                "stdev": 5.543902189356205,
                "median": 0
            }
        },
        "bitmaps": {
            "meta": {
                "name": "bitmaps",
                "min-value": 3.0,
                "max-value": 207.0,
                "num-cells": 25
            },
            "stats": {
                "mean": 101.35643564356435,
                "stdev": 30.35146920938617,
                "median": 97
            }
        }
    },
    "Reports": [
        {
            "Features": [
                "moves",
                "bitmaps"
            ],
            "Total Cells": 625,
            "Filled Cells": 35,
            "Mapped Misbehaviors": 35,
            "Misbehavior Relative Density": 1.0,
            "Misbehavior Density": 0.056,
            "Filled Cells Density": 0.056,
            "Collisions": 16,
            "Misbehavior Collisions": 16,
            "Collision Ratio": 1.8857142857142857,
            "Misbehavior Collision Ratio": 1.8857142857142857,
            "Coverage Sparseness": 17.61764705882353,
            "Misbehavior Sparseness": 17.61764705882353,
            "Avg Sample Distance": 11.119327731092428,
            "Avg Misbehavior Distance": 11.119327731092428
        }
    ]
}