{
    "Tool": "DLFuzz",
    "Run ID": "10",
    "Tags": [
        "Moves",
        "Bitmaps",
        "white-box",
        "rescaled"
    ],
    "Total Samples": 1005,
    "Valid Samples": 1005,
    "Invalid Samples": 0,
    "Total Misbehaviors": 99,
    "MisbehaviorPerSample": 0.09850746268656717,
    "Features": {
        "moves": {
            "meta": {
                "name": "moves",
                "min-value": 0.0,
                "max-value": 31.0,
                "num-cells": 25
            },
            "stats": {
                "mean": 1.364179104477612,
                "stdev": 4.1318785999472905,
                "median": 0
            }
        },
        "bitmaps": {
            "meta": {
                "name": "bitmaps",
                "min-value": 3.0,
                "max-value": 207.0,
                "num-cells": 25
            },
            "stats": {
                "mean": 104.18009950248756,
                "stdev": 29.150188131769912,
                "median": 101
            }
        }
    },
    "Reports": [
        {
            "Features": [
                "moves",
                "bitmaps"
            ],
            "Total Cells": 625,
            "Filled Cells": 74,
            "Mapped Misbehaviors": 36,
            "Misbehavior Relative Density": 0.4864864864864865,
            "Misbehavior Density": 0.0576,
            "Filled Cells Density": 0.1184,
            "Collisions": 48,
            "Misbehavior Collisions": 16,
            "Collision Ratio": 12.58108108108108,
            "Misbehavior Collision Ratio": 1.75,
            "Coverage Sparseness": 18.17808219178082,
            "Misbehavior Sparseness": 19.314285714285713,
            "Avg Sample Distance": 11.013328396890037,
            "Avg Misbehavior Distance": 11.276190476190479
        }
    ]
}