{
    "Tool": "DLFuzz",
    "Run ID": "20",
    "Tags": [
        "Moves",
        "Bitmaps",
        "white-box",
        "rescaled"
    ],
    "Total Samples": 1011,
    "Valid Samples": 1011,
    "Invalid Samples": 0,
    "Total Misbehaviors": 116,
    "MisbehaviorPerSample": 0.11473788328387735,
    "Features": {
        "moves": {
            "meta": {
                "name": "moves",
                "min-value": 0.0,
                "max-value": 31.0,
                "num-cells": 25
            },
            "stats": {
                "mean": 1.4549950544015826,
                "stdev": 4.299056110423494,
                "median": 0
            }
        },
        "bitmaps": {
            "meta": {
                "name": "bitmaps",
                "min-value": 3.0,
                "max-value": 207.0,
                "num-cells": 25
            },
            "stats": {
                "mean": 103.97626112759644,
                "stdev": 31.737310245995275,
                "median": 100
            }
        }
    },
    "Reports": [
        {
            "Features": [
                "moves",
                "bitmaps"
            ],
            "Total Cells": 625,
            "Filled Cells": 74,
            "Mapped Misbehaviors": 36,
            "Misbehavior Relative Density": 0.4864864864864865,
            "Misbehavior Density": 0.0576,
            "Filled Cells Density": 0.1184,
            "Collisions": 51,
            "Misbehavior Collisions": 21,
            "Collision Ratio": 12.662162162162161,
            "Misbehavior Collision Ratio": 2.2222222222222223,
            "Coverage Sparseness": 18.095890410958905,
            "Misbehavior Sparseness": 20.0,
            "Avg Sample Distance": 11.798963346908529,
            "Avg Misbehavior Distance": 11.92380952380953
        }
    ]
}