{
    "Tool": "DLFuzz",
    "Run ID": "8",
    "Tags": [
        "Moves",
        "Bitmaps",
        "white-box",
        "rescaled"
    ],
    "Total Samples": 1002,
    "Valid Samples": 1002,
    "Invalid Samples": 0,
    "Total Misbehaviors": 106,
    "MisbehaviorPerSample": 0.10578842315369262,
    "Features": {
        "moves": {
            "meta": {
                "name": "moves",
                "min-value": 0.0,
                "max-value": 31.0,
                "num-cells": 25
            },
            "stats": {
                "mean": 1.2834331337325349,
                "stdev": 4.032523248076034,
                "median": 0.0
            }
        },
        "bitmaps": {
            "meta": {
                "name": "bitmaps",
                "min-value": 3.0,
                "max-value": 207.0,
                "num-cells": 25
            },
            "stats": {
                "mean": 104.77944111776448,
                "stdev": 29.560251149795512,
                "median": 100.0
            }
        }
    },
    "Reports": [
        {
            "Features": [
                "moves",
                "bitmaps"
            ],
            "Total Cells": 625,
            "Filled Cells": 72,
            "Mapped Misbehaviors": 35,
            "Misbehavior Relative Density": 0.4861111111111111,
            "Misbehavior Density": 0.056,
            "Filled Cells Density": 0.1152,
            "Collisions": 47,
            "Misbehavior Collisions": 22,
            "Collision Ratio": 12.916666666666666,
            "Misbehavior Collision Ratio": 2.0285714285714285,
            "Coverage Sparseness": 18.35211267605634,
            "Misbehavior Sparseness": 20.794117647058822,
            "Avg Sample Distance": 11.296165884194064,
            "Avg Misbehavior Distance": 12.09747899159666
        }
    ]
}