{
    "Tool": "DLFuzz",
    "Run ID": "5",
    "Tags": [
        "Orientation",
        "Bitmaps",
        "white-box",
        "rescaled"
    ],
    "Total Samples": 1032,
    "Valid Samples": 1032,
    "Invalid Samples": 0,
    "Total Misbehaviors": 105,
    "MisbehaviorPerSample": 0.10174418604651163,
    "Features": {
        "orientation": {
            "meta": {
                "name": "orientation",
                "min-value": 7.0,
                "max-value": 94.0,
                "num-cells": 25
            },
            "stats": {
                "mean": 52.007751937984494,
                "stdev": 1.4004079994707583,
                "median": 52.0
            }
        },
        "bitmaps": {
            "meta": {
                "name": "bitmaps",
                "min-value": 3.0,
                "max-value": 207.0,
                "num-cells": 25
            },
            "stats": {
                "mean": 103.41182170542636,
                "stdev": 29.852335841020487,
                "median": 99.0
            }
        }
    },
    "Reports": [
        {
            "Features": [
                "orientation",
                "bitmaps"
            ],
            "Total Cells": 625,
            "Filled Cells": 42,
            "Mapped Misbehaviors": 31,
            "Misbehavior Relative Density": 0.7380952380952381,
            "Misbehavior Density": 0.0496,
            "Filled Cells Density": 0.0672,
            "Collisions": 35,
            "Misbehavior Collisions": 28,
            "Collision Ratio": 23.571428571428573,
            "Misbehavior Collision Ratio": 2.3870967741935485,
            "Coverage Sparseness": 13.707317073170731,
            "Misbehavior Sparseness": 13.366666666666667,
            "Avg Sample Distance": 7.286875725900115,
            "Avg Misbehavior Distance": 6.610752688172042
        }
    ]
}