{
    "Tool": "DLFuzz",
    "Run ID": "18",
    "Tags": [
        "Orientation",
        "Moves",
        "black-box",
        "rescaled"
    ],
    "Total Samples": 116,
    "Valid Samples": 116,
    "Invalid Samples": 0,
    "Total Misbehaviors": 116,
    "MisbehaviorPerSample": 1.0,
    "Features": {
        "orientation": {
            "meta": {
                "name": "orientation",
                "min-value": 7.0,
                "max-value": 94.0,
                "num-cells": 25
            },
            "stats": {
                "mean": 50.73275862068966,
                "stdev": 1.6170706667395167,
                "median": 51.0
            }
        },
        "moves": {
            "meta": {
                "name": "moves",
                "min-value": 0.0,
                "max-value": 31.0,
                "num-cells": 25
            },
            "stats": {
                "mean": 2.1206896551724137,
                "stdev": 4.681425224110232,
                "median": 0.0
            }
        }
    },
    "Reports": [
        {
            "Features": [
                "orientation",
                "moves"
            ],
            "Total Cells": 625,
            "Filled Cells": 18,
            "Mapped Misbehaviors": 18,
            "Misbehavior Relative Density": 1.0,
            "Misbehavior Density": 0.0288,
            "Filled Cells Density": 0.0288,
            "Collisions": 9,
            "Misbehavior Collisions": 9,
            "Collision Ratio": 5.444444444444445,
            "Misbehavior Collision Ratio": 5.444444444444445,
            "Coverage Sparseness": 11.882352941176471,
            "Misbehavior Sparseness": 11.882352941176471,
            "Avg Sample Distance": 6.3790849673202645,
            "Avg Misbehavior Distance": 6.3790849673202645
        }
    ]
}