{
    "Tool": "DLFuzz",
    "Run ID": "18",
    "Tags": [
        "Moves",
        "Bitmaps",
        "white-box",
        "rescaled"
    ],
    "Total Samples": 1005,
    "Valid Samples": 1005,
    "Invalid Samples": 0,
    "Total Misbehaviors": 116,
    "MisbehaviorPerSample": 0.1154228855721393,
    "Features": {
        "moves": {
            "meta": {
                "name": "moves",
                "min-value": 0.0,
                "max-value": 31.0,
                "num-cells": 25
            },
            "stats": {
                "mean": 1.4049751243781095,
                "stdev": 4.2798256383175834,
                "median": 0
            }
        },
        "bitmaps": {
            "meta": {
                "name": "bitmaps",
                "min-value": 3.0,
                "max-value": 207.0,
                "num-cells": 25
            },
            "stats": {
                "mean": 104.25373134328358,
                "stdev": 30.67809830554826,
                "median": 100
            }
        }
    },
    "Reports": [
        {
            "Features": [
                "moves",
                "bitmaps"
            ],
            "Total Cells": 625,
            "Filled Cells": 68,
            "Mapped Misbehaviors": 35,
            "Misbehavior Relative Density": 0.5147058823529411,
            "Misbehavior Density": 0.056,
            "Filled Cells Density": 0.1088,
            "Collisions": 49,
            "Misbehavior Collisions": 20,
            "Collision Ratio": 13.779411764705882,
            "Misbehavior Collision Ratio": 2.3142857142857145,
            "Coverage Sparseness": 18.880597014925375,
            "Misbehavior Sparseness": 19.735294117647058,
            "Avg Sample Distance": 11.50614574187884,
            "Avg Misbehavior Distance": 11.25714285714286
        }
    ]
}