{
    "Tool": "DLFuzz",
    "Run ID": "2",
    "Tags": [
        "Orientation",
        "Moves",
        "black-box",
        "rescaled"
    ],
    "Total Samples": 118,
    "Valid Samples": 118,
    "Invalid Samples": 0,
    "Total Misbehaviors": 118,
    "MisbehaviorPerSample": 1.0,
    "Features": {
        "orientation": {
            "meta": {
                "name": "orientation",
                "min-value": 7.0,
                "max-value": 94.0,
                "num-cells": 25
            },
            "stats": {
                "mean": 50.99152542372882,
                "stdev": 1.635585902035675,
                "median": 51.0
            }
        },
        "moves": {
            "meta": {
                "name": "moves",
                "min-value": 0.0,
                "max-value": 31.0,
                "num-cells": 25
            },
            "stats": {
                "mean": 2.864406779661017,
                "stdev": 5.780774582466174,
                "median": 0.0
            }
        }
    },
    "Reports": [
        {
            "Features": [
                "orientation",
                "moves"
            ],
            "Total Cells": 625,
            "Filled Cells": 17,
            "Mapped Misbehaviors": 17,
            "Misbehavior Relative Density": 1.0,
            "Misbehavior Density": 0.0272,
            "Filled Cells Density": 0.0272,
            "Collisions": 10,
            "Misbehavior Collisions": 10,
            "Collision Ratio": 5.9411764705882355,
            "Misbehavior Collision Ratio": 5.9411764705882355,
            "Coverage Sparseness": 11.25,
            "Misbehavior Sparseness": 11.25,
            "Avg Sample Distance": 6.75,
            "Avg Misbehavior Distance": 6.75
        }
    ]
}