{
    "Tool": "DLFuzz",
    "Run ID": "30",
    "Tags": [
        "Orientation",
        "Bitmaps",
        "black-box",
        "rescaled"
    ],
    "Total Samples": 101,
    "Valid Samples": 101,
    "Invalid Samples": 0,
    "Total Misbehaviors": 101,
    "MisbehaviorPerSample": 1.0,
    "Features": {
        "orientation": {
            "meta": {
                "name": "orientation",
                "min-value": 7.0,
                "max-value": 94.0,
                "num-cells": 25
            },
            "stats": {
                "mean": 50.93069306930693,
                "stdev": 1.4916931704782606,
                "median": 51
            }
        },
        "bitmaps": {
            "meta": {
                "name": "bitmaps",
                "min-value": 3.0,
                "max-value": 207.0,
                "num-cells": 25
            },
            "stats": {
                "mean": 101.35643564356435,
                "stdev": 30.35146920938617,
                "median": 97
            }
        }
    },
    "Reports": [
        {
            "Features": [
                "orientation",
                "bitmaps"
            ],
            "Total Cells": 625,
            "Filled Cells": 26,
            "Mapped Misbehaviors": 26,
            "Misbehavior Relative Density": 1.0,
            "Misbehavior Density": 0.0416,
            "Filled Cells Density": 0.0416,
            "Collisions": 17,
            "Misbehavior Collisions": 17,
            "Collision Ratio": 2.8846153846153846,
            "Misbehavior Collision Ratio": 2.8846153846153846,
            "Coverage Sparseness": 10.68,
            "Misbehavior Sparseness": 10.68,
            "Avg Sample Distance": 6.175384615384618,
            "Avg Misbehavior Distance": 6.175384615384618
        }
    ]
}