{
    "Tool": "DLFuzz",
    "Run ID": "2",
    "Tags": [
        "Orientation",
        "Bitmaps",
        "black-box",
        "rescaled"
    ],
    "Total Samples": 118,
    "Valid Samples": 118,
    "Invalid Samples": 0,
    "Total Misbehaviors": 118,
    "MisbehaviorPerSample": 1.0,
    "Features": {
        "orientation": {
            "meta": {
                "name": "orientation",
                "min-value": 7.0,
                "max-value": 94.0,
                "num-cells": 25
            },
            "stats": {
                "mean": 50.99152542372882,
                "stdev": 1.635585902035675,
                "median": 51.0
            }
        },
        "bitmaps": {
            "meta": {
                "name": "bitmaps",
                "min-value": 3.0,
                "max-value": 207.0,
                "num-cells": 25
            },
            "stats": {
                "mean": 111.97457627118644,
                "stdev": 40.27500802217723,
                "median": 102.0
            }
        }
    },
    "Reports": [
        {
            "Features": [
                "orientation",
                "bitmaps"
            ],
            "Total Cells": 625,
            "Filled Cells": 33,
            "Mapped Misbehaviors": 33,
            "Misbehavior Relative Density": 1.0,
            "Misbehavior Density": 0.0528,
            "Filled Cells Density": 0.0528,
            "Collisions": 23,
            "Misbehavior Collisions": 23,
            "Collision Ratio": 2.5757575757575757,
            "Misbehavior Collision Ratio": 2.5757575757575757,
            "Coverage Sparseness": 13.09375,
            "Misbehavior Sparseness": 13.09375,
            "Avg Sample Distance": 7.3977272727272725,
            "Avg Misbehavior Distance": 7.3977272727272725
        }
    ]
}