{
    "Tool": "DLFuzz",
    "Run ID": "14",
    "Tags": [
        "Orientation",
        "Bitmaps",
        "black-box",
        "rescaled"
    ],
    "Total Samples": 106,
    "Valid Samples": 106,
    "Invalid Samples": 0,
    "Total Misbehaviors": 106,
    "MisbehaviorPerSample": 1.0,
    "Features": {
        "orientation": {
            "meta": {
                "name": "orientation",
                "min-value": 7.0,
                "max-value": 94.0,
                "num-cells": 25
            },
            "stats": {
                "mean": 50.83018867924528,
                "stdev": 1.5824736399712802,
                "median": 51.0
            }
        },
        "bitmaps": {
            "meta": {
                "name": "bitmaps",
                "min-value": 3.0,
                "max-value": 207.0,
                "num-cells": 25
            },
            "stats": {
                "mean": 105.25471698113208,
                "stdev": 37.26815602801756,
                "median": 98.5
            }
        }
    },
    "Reports": [
        {
            "Features": [
                "orientation",
                "bitmaps"
            ],
            "Total Cells": 625,
            "Filled Cells": 31,
            "Mapped Misbehaviors": 31,
            "Misbehavior Relative Density": 1.0,
            "Misbehavior Density": 0.0496,
            "Filled Cells Density": 0.0496,
            "Collisions": 23,
            "Misbehavior Collisions": 23,
            "Collision Ratio": 2.4193548387096775,
            "Misbehavior Collision Ratio": 2.4193548387096775,
            "Coverage Sparseness": 13.0,
            "Misbehavior Sparseness": 13.0,
            "Avg Sample Distance": 6.705376344086022,
            "Avg Misbehavior Distance": 6.705376344086022
        }
    ]
}