{
    "Tool": "DLFuzz",
    "Run ID": "26",
    "Tags": [
        "Orientation",
        "Bitmaps",
        "black-box",
        "rescaled"
    ],
    "Total Samples": 123,
    "Valid Samples": 123,
    "Invalid Samples": 0,
    "Total Misbehaviors": 123,
    "MisbehaviorPerSample": 1.0,
    "Features": {
        "orientation": {
            "meta": {
                "name": "orientation",
                "min-value": 7.0,
                "max-value": 94.0,
                "num-cells": 25
            },
            "stats": {
                "mean": 50.5609756097561,
                "stdev": 1.6503667822013635,
                "median": 51
            }
        },
        "bitmaps": {
            "meta": {
                "name": "bitmaps",
                "min-value": 3.0,
                "max-value": 207.0,
                "num-cells": 25
            },
            "stats": {
                "mean": 102.66666666666667,
                "stdev": 34.357252000521264,
                "median": 97
            }
        }
    },
    "Reports": [
        {
            "Features": [
                "orientation",
                "bitmaps"
            ],
            "Total Cells": 625,
            "Filled Cells": 32,
            "Mapped Misbehaviors": 32,
            "Misbehavior Relative Density": 1.0,
            "Misbehavior Density": 0.0512,
            "Filled Cells Density": 0.0512,
            "Collisions": 26,
            "Misbehavior Collisions": 26,
            "Collision Ratio": 2.84375,
            "Misbehavior Collision Ratio": 2.84375,
            "Coverage Sparseness": 12.193548387096774,
            "Misbehavior Sparseness": 12.193548387096774,
            "Avg Sample Distance": 6.659274193548385,
            "Avg Misbehavior Distance": 6.659274193548385
        }
    ]
}