{
    "Tool": "DLFuzz",
    "Run ID": "5",
    "Tags": [
        "Orientation",
        "Bitmaps",
        "black-box",
        "rescaled"
    ],
    "Total Samples": 105,
    "Valid Samples": 105,
    "Invalid Samples": 0,
    "Total Misbehaviors": 105,
    "MisbehaviorPerSample": 1.0,
    "Features": {
        "orientation": {
            "meta": {
                "name": "orientation",
                "min-value": 7.0,
                "max-value": 94.0,
                "num-cells": 25
            },
            "stats": {
                "mean": 50.84761904761905,
                "stdev": 1.5552699022563474,
                "median": 51
            }
        },
        "bitmaps": {
            "meta": {
                "name": "bitmaps",
                "min-value": 3.0,
                "max-value": 207.0,
                "num-cells": 25
            },
            "stats": {
                "mean": 105.5904761904762,
                "stdev": 37.60209058173782,
                "median": 99
            }
        }
    },
    "Reports": [
        {
            "Features": [
                "orientation",
                "bitmaps"
            ],
            "Total Cells": 625,
            "Filled Cells": 31,
            "Mapped Misbehaviors": 31,
            "Misbehavior Relative Density": 1.0,
            "Misbehavior Density": 0.0496,
            "Filled Cells Density": 0.0496,
            "Collisions": 28,
            "Misbehavior Collisions": 28,
            "Collision Ratio": 2.3870967741935485,
            "Misbehavior Collision Ratio": 2.3870967741935485,
            "Coverage Sparseness": 13.366666666666667,
            "Misbehavior Sparseness": 13.366666666666667,
            "Avg Sample Distance": 6.610752688172042,
            "Avg Misbehavior Distance": 6.610752688172042
        }
    ]
}