{
    "Tool": "DLFuzz",
    "Run ID": "3",
    "Tags": [
        "Orientation",
        "Bitmaps",
        "black-box",
        "rescaled"
    ],
    "Total Samples": 109,
    "Valid Samples": 109,
    "Invalid Samples": 0,
    "Total Misbehaviors": 109,
    "MisbehaviorPerSample": 1.0,
    "Features": {
        "orientation": {
            "meta": {
                "name": "orientation",
                "min-value": 7.0,
                "max-value": 94.0,
                "num-cells": 25
            },
            "stats": {
                "mean": 50.95412844036697,
                "stdev": 1.5054550259646333,
                "median": 51
            }
        },
        "bitmaps": {
            "meta": {
                "name": "bitmaps",
                "min-value": 3.0,
                "max-value": 207.0,
                "num-cells": 25
            },
            "stats": {
                "mean": 103.89908256880734,
                "stdev": 34.557505738323044,
                "median": 99
            }
        }
    },
    "Reports": [
        {
            "Features": [
                "orientation",
                "bitmaps"
            ],
            "Total Cells": 625,
            "Filled Cells": 29,
            "Mapped Misbehaviors": 29,
            "Misbehavior Relative Density": 1.0,
            "Misbehavior Density": 0.0464,
            "Filled Cells Density": 0.0464,
            "Collisions": 19,
            "Misbehavior Collisions": 19,
            "Collision Ratio": 2.7586206896551726,
            "Misbehavior Collision Ratio": 2.7586206896551726,
            "Coverage Sparseness": 13.071428571428571,
            "Misbehavior Sparseness": 13.071428571428571,
            "Avg Sample Distance": 6.852216748768472,
            "Avg Misbehavior Distance": 6.852216748768472
        }
    ]
}