{
    "Tool": "DLFuzz",
    "Run ID": "29",
    "Tags": [
        "Orientation",
        "Bitmaps",
        "black-box",
        "rescaled"
    ],
    "Total Samples": 111,
    "Valid Samples": 111,
    "Invalid Samples": 0,
    "Total Misbehaviors": 111,
    "MisbehaviorPerSample": 1.0,
    "Features": {
        "orientation": {
            "meta": {
                "name": "orientation",
                "min-value": 7.0,
                "max-value": 94.0,
                "num-cells": 25
            },
            "stats": {
                "mean": 50.891891891891895,
                "stdev": 1.3774241530107194,
                "median": 51
            }
        },
        "bitmaps": {
            "meta": {
                "name": "bitmaps",
                "min-value": 3.0,
                "max-value": 207.0,
                "num-cells": 25
            },
            "stats": {
                "mean": 103.83783783783784,
                "stdev": 35.53782633669511,
                "median": 98
            }
        }
    },
    "Reports": [
        {
            "Features": [
                "orientation",
                "bitmaps"
            ],
            "Total Cells": 625,
            "Filled Cells": 32,
            "Mapped Misbehaviors": 32,
            "Misbehavior Relative Density": 1.0,
            "Misbehavior Density": 0.0512,
            "Filled Cells Density": 0.0512,
            "Collisions": 23,
            "Misbehavior Collisions": 23,
            "Collision Ratio": 2.46875,
            "Misbehavior Collision Ratio": 2.46875,
            "Coverage Sparseness": 13.516129032258064,
            "Misbehavior Sparseness": 13.516129032258064,
            "Avg Sample Distance": 7.036290322580643,
            "Avg Misbehavior Distance": 7.036290322580643
        }
    ]
}