{
    "Tool": "DeepHyperionBeamNG",
    "Run ID": "003",
    "Tags": [
        "SegmentCount",
        "MinRadius",
        "black-box",
        "rescaled"
    ],
    "Total Samples": 1162,
    "Valid Samples": 1162,
    "Invalid Samples": 0,
    "Total Misbehaviors": 114,
    "MisbehaviorPerSample": 0.0981067125645439,
    "Features": {
        "segment_count": {
            "meta": {
                "name": "segment_count",
                "min-value": 0.0,
                "max-value": 8.0,
                "num-cells": 9
            },
            "stats": {
                "mean": 2.6996557659208262,
                "stdev": 1.1813144193523697,
                "median": 3.0
            }
        },
        "min_radius": {
            "meta": {
                "name": "min_radius",
                "min-value": 12.0,
                "max-value": 109.0,
                "num-cells": 25
            },
            "stats": {
                "mean": 21.99655765920826,
                "stdev": 5.80845460527118,
                "median": 21.0
            }
        }
    },
    "Reports": [
        {
            "Features": [
                "segment_count",
                "min_radius"
            ],
            "Sample Count": 1162,
            "Outlier Count": 0,
            "Total Cells": 225,
            "Filled Cells": 42,
            "Mapped Misbehaviors": 10,
            "Misbehavior Relative Density": 0.23809523809523808,
            "Misbehavior Density": 0.044444444444444446,
            "Filled Cells Density": 0.18666666666666668,
            "Collisions": 41,
            "Misbehavior Collisions": 9,
            "Collision Ratio": 26.666666666666668,
            "Misbehavior Collision Ratio": 10.4,
            "Coverage Sparseness": 7.365853658536586,
            "Misbehavior Sparseness": 3.2222222222222223,
            "Avg Sample Distance": 4.487804878048779,
            "Avg Misbehavior Distance": 2.333333333333334
        }
    ]
}