{
    "Tool": "DeepJanusBeamNG",
    "Run ID": "002",
    "Tags": [
        "SegmentCount",
        "MinRadius",
        "black-box",
        "rescaled"
    ],
    "Total Samples": 8,
    "Valid Samples": 8,
    "Invalid Samples": 0,
    "Total Misbehaviors": 4,
    "MisbehaviorPerSample": 0.5,
    "Features": {
        "segment_count": {
            "meta": {
                "name": "segment_count",
                "min-value": 0.0,
                "max-value": 8.0,
                "num-cells": 9
            },
            "stats": {
                "mean": 5.25,
                "stdev": 1.0350983390135313,
                "median": 6.0
            }
        },
        "min_radius": {
            "meta": {
                "name": "min_radius",
                "min-value": 12.0,
                "max-value": 109.0,
                "num-cells": 25
            },
            "stats": {
                "mean": 15.75,
                "stdev": 2.3145502494313788,
                "median": 15.5
            }
        }
    },
    "Reports": [
        {
            "Features": [
                "segment_count",
                "min_radius"
            ],
            "Sample Count": 8,
            "Outlier Count": 0,
            "Total Cells": 225,
            "Filled Cells": 4,
            "Mapped Misbehaviors": 2,
            "Misbehavior Relative Density": 0.5,
            "Misbehavior Density": 0.008888888888888889,
            "Filled Cells Density": 0.017777777777777778,
            "Collisions": 2,
            "Misbehavior Collisions": 1,
            "Collision Ratio": 1.0,
            "Misbehavior Collision Ratio": 1.0,
            "Coverage Sparseness": 2.3333333333333335,
            "Misbehavior Sparseness": 2.0,
            "Avg Sample Distance": 2.0,
            "Avg Misbehavior Distance": 2.0
        }
    ]
}