{
    "Tool": "DeepJanusBeamNG",
    "Run ID": "003",
    "Tags": [
        "MeanLateralPosition",
        "SDSteeringAngle",
        "black-box",
        "rescaled"
    ],
    "Total Samples": 10,
    "Valid Samples": 10,
    "Invalid Samples": 0,
    "Total Misbehaviors": 5,
    "MisbehaviorPerSample": 0.5,
    "Features": {
        "mean_lateral_position": {
            "meta": {
                "name": "mean_lateral_position",
                "min-value": 140.0,
                "max-value": 199.0,
                "num-cells": 25
            },
            "stats": {
                "mean": 170.7,
                "stdev": 5.696977756280567,
                "median": 172.0
            }
        },
        "sd_steering": {
            "meta": {
                "name": "sd_steering",
                "min-value": 0.0,
                "max-value": 170.0,
                "num-cells": 25
            },
            "stats": {
                "mean": 115.7,
                "stdev": 14.032106042928838,
                "median": 116.5
            }
        }
    },
    "Reports": [
        {
            "Features": [
                "mean_lateral_position",
                "sd_steering"
            ],
            "Sample Count": 10,
            "Outlier Count": 0,
            "Total Cells": 625,
            "Filled Cells": 10,
            "Mapped Misbehaviors": 5,
            "Misbehavior Relative Density": 0.5,
            "Misbehavior Density": 0.008,
            "Filled Cells Density": 0.016,
            "Collisions": 0,
            "Misbehavior Collisions": 0,
            "Collision Ratio": 0.0,
            "Misbehavior Collision Ratio": 0.0,
            "Coverage Sparseness": 5.333333333333333,
            "Misbehavior Sparseness": 5.25,
            "Avg Sample Distance": 4.888888888888888,
            "Avg Misbehavior Distance": 4.999999999999999
        }
    ]
}