{
    "Tool": "DeepJanusBeamNG",
    "Run ID": "003",
    "Tags": [
        "SegmentCount",
        "MinRadius",
        "black-box",
        "rescaled"
    ],
    "Total Samples": 10,
    "Valid Samples": 10,
    "Invalid Samples": 0,
    "Total Misbehaviors": 5,
    "MisbehaviorPerSample": 0.5,
    "Features": {
        "segment_count": {
            "meta": {
                "name": "segment_count",
                "min-value": 0.0,
                "max-value": 8.0,
                "num-cells": 9
            },
            "stats": {
                "mean": 4.8,
                "stdev": 0.9189365834726815,
                "median": 5.0
            }
        },
        "min_radius": {
            "meta": {
                "name": "min_radius",
                "min-value": 12.0,
                "max-value": 109.0,
                "num-cells": 25
            },
            "stats": {
                "mean": 16.7,
                "stdev": 2.1628170930011112,
                "median": 16.5
            }
        }
    },
    "Reports": [
        {
            "Features": [
                "segment_count",
                "min_radius"
            ],
            "Sample Count": 10,
            "Outlier Count": 0,
            "Total Cells": 225,
            "Filled Cells": 7,
            "Mapped Misbehaviors": 4,
            "Misbehavior Relative Density": 0.5714285714285714,
            "Misbehavior Density": 0.017777777777777778,
            "Filled Cells Density": 0.03111111111111111,
            "Collisions": 2,
            "Misbehavior Collisions": 1,
            "Collision Ratio": 0.42857142857142855,
            "Misbehavior Collision Ratio": 0.25,
            "Coverage Sparseness": 2.5,
            "Misbehavior Sparseness": 2.0,
            "Avg Sample Distance": 2.095238095238095,
            "Avg Misbehavior Distance": 1.6666666666666667
        }
    ]
}