{
    "Tool": "DeepHyperionBeamNG",
    "Run ID": "007",
    "Tags": [
        "MeanLateralPosition",
        "SDSteeringAngle",
        "black-box",
        "rescaled"
    ],
    "Total Samples": 1125,
    "Valid Samples": 1125,
    "Invalid Samples": 0,
    "Total Misbehaviors": 67,
    "MisbehaviorPerSample": 0.059555555555555556,
    "Features": {
        "mean_lateral_position": {
            "meta": {
                "name": "mean_lateral_position",
                "min-value": 140.0,
                "max-value": 199.0,
                "num-cells": 25
            },
            "stats": {
                "mean": 170.7751111111111,
                "stdev": 4.836481242659489,
                "median": 172
            }
        },
        "sd_steering": {
            "meta": {
                "name": "sd_steering",
                "min-value": 0.0,
                "max-value": 170.0,
                "num-cells": 25
            },
            "stats": {
                "mean": 96.99466666666666,
                "stdev": 21.31808681900831,
                "median": 97
            }
        }
    },
    "Reports": [
        {
            "Features": [
                "mean_lateral_position",
                "sd_steering"
            ],
            "Sample Count": 1125,
            "Outlier Count": 0,
            "Total Cells": 625,
            "Filled Cells": 110,
            "Mapped Misbehaviors": 37,
            "Misbehavior Relative Density": 0.33636363636363636,
            "Misbehavior Density": 0.0592,
            "Filled Cells Density": 0.176,
            "Collisions": 94,
            "Misbehavior Collisions": 17,
            "Collision Ratio": 9.227272727272727,
            "Misbehavior Collision Ratio": 0.8108108108108109,
            "Coverage Sparseness": 13.422018348623853,
            "Misbehavior Sparseness": 13.666666666666666,
            "Avg Sample Distance": 7.937614678899083,
            "Avg Misbehavior Distance": 8.282282282282285
        }
    ]
}