{
    "Tool": "DeepJanusBeamNG",
    "Run ID": "005",
    "Tags": [
        "MeanLateralPosition",
        "SDSteeringAngle",
        "black-box",
        "rescaled"
    ],
    "Total Samples": 9,
    "Valid Samples": 9,
    "Invalid Samples": 0,
    "Total Misbehaviors": 4,
    "MisbehaviorPerSample": 0.4444444444444444,
    "Features": {
        "mean_lateral_position": {
            "meta": {
                "name": "mean_lateral_position",
                "min-value": 140.0,
                "max-value": 199.0,
                "num-cells": 25
            },
            "stats": {
                "mean": 169.11111111111111,
                "stdev": 8.37323779138698,
                "median": 172
            }
        },
        "sd_steering": {
            "meta": {
                "name": "sd_steering",
                "min-value": 0.0,
                "max-value": 170.0,
                "num-cells": 25
            },
            "stats": {
                "mean": 104.66666666666667,
                "stdev": 22.20360331117452,
                "median": 102
            }
        }
    },
    "Reports": [
        {
            "Features": [
                "mean_lateral_position",
                "sd_steering"
            ],
            "Sample Count": 9,
            "Outlier Count": 0,
            "Total Cells": 625,
            "Filled Cells": 9,
            "Mapped Misbehaviors": 4,
            "Misbehavior Relative Density": 0.4444444444444444,
            "Misbehavior Density": 0.0064,
            "Filled Cells Density": 0.0144,
            "Collisions": 0,
            "Misbehavior Collisions": 0,
            "Collision Ratio": 0.0,
            "Misbehavior Collision Ratio": 0.0,
            "Coverage Sparseness": 8.5,
            "Misbehavior Sparseness": 10.0,
            "Avg Sample Distance": 7.666666666666665,
            "Avg Misbehavior Distance": 9.0
        }
    ]
}