{
    "Tool": "DeepJanusBeamNG",
    "Run ID": "006",
    "Tags": [
        "MeanLateralPosition",
        "SDSteeringAngle",
        "black-box",
        "rescaled"
    ],
    "Total Samples": 9,
    "Valid Samples": 9,
    "Invalid Samples": 0,
    "Total Misbehaviors": 6,
    "MisbehaviorPerSample": 0.6666666666666666,
    "Features": {
        "mean_lateral_position": {
            "meta": {
                "name": "mean_lateral_position",
                "min-value": 140.0,
                "max-value": 199.0,
                "num-cells": 25
            },
            "stats": {
                "mean": 168.44444444444446,
                "stdev": 5.126185499743233,
                "median": 168
            }
        },
        "sd_steering": {
            "meta": {
                "name": "sd_steering",
                "min-value": 0.0,
                "max-value": 170.0,
                "num-cells": 25
            },
            "stats": {
                "mean": 115.66666666666667,
                "stdev": 20.18662923818635,
                "median": 117
            }
        }
    },
    "Reports": [
        {
            "Features": [
                "mean_lateral_position",
                "sd_steering"
            ],
            "Sample Count": 9,
            "Outlier Count": 0,
            "Total Cells": 625,
            "Filled Cells": 9,
            "Mapped Misbehaviors": 6,
            "Misbehavior Relative Density": 0.6666666666666666,
            "Misbehavior Density": 0.0096,
            "Filled Cells Density": 0.0144,
            "Collisions": 0,
            "Misbehavior Collisions": 0,
            "Collision Ratio": 0.0,
            "Misbehavior Collision Ratio": 0.0,
            "Coverage Sparseness": 10.875,
            "Misbehavior Sparseness": 5.8,
            "Avg Sample Distance": 5.999999999999999,
            "Avg Misbehavior Distance": 4.4
        }
    ]
}