{
    "Tool": "DeepHyperionBeamNG",
    "Run ID": "001",
    "Tags": [
        "SegmentCount",
        "MinRadius",
        "black-box",
        "rescaled"
    ],
    "Total Samples": 1186,
    "Valid Samples": 1186,
    "Invalid Samples": 0,
    "Total Misbehaviors": 177,
    "MisbehaviorPerSample": 0.14924114671163574,
    "Features": {
        "segment_count": {
            "meta": {
                "name": "segment_count",
                "min-value": 0.0,
                "max-value": 8.0,
                "num-cells": 9
            },
            "stats": {
                "mean": 2.872681281618887,
                "stdev": 1.2358139747508161,
                "median": 3.0
            }
        },
        "min_radius": {
            "meta": {
                "name": "min_radius",
                "min-value": 12.0,
                "max-value": 109.0,
                "num-cells": 25
            },
            "stats": {
                "mean": 23.811973018549747,
                "stdev": 8.614925228615164,
                "median": 22.0
            }
        }
    },
    "Reports": [
        {
            "Features": [
                "segment_count",
                "min_radius"
            ],
            "Sample Count": 1186,
            "Outlier Count": 0,
            "Total Cells": 225,
            "Filled Cells": 58,
            "Mapped Misbehaviors": 10,
            "Misbehavior Relative Density": 0.1724137931034483,
            "Misbehavior Density": 0.044444444444444446,
            "Filled Cells Density": 0.2577777777777778,
            "Collisions": 49,
            "Misbehavior Collisions": 9,
            "Collision Ratio": 19.448275862068964,
            "Misbehavior Collision Ratio": 16.7,
            "Coverage Sparseness": 10.859649122807017,
            "Misbehavior Sparseness": 3.6666666666666665,
            "Avg Sample Distance": 5.970356926799757,
            "Avg Misbehavior Distance": 2.511111111111111
        }
    ]
}