{
    "Tool": "DeepHyperionBeamNG",
    "Run ID": "005",
    "Tags": [
        "SegmentCount",
        "MinRadius",
        "black-box",
        "rescaled"
    ],
    "Total Samples": 1140,
    "Valid Samples": 1140,
    "Invalid Samples": 0,
    "Total Misbehaviors": 85,
    "MisbehaviorPerSample": 0.07456140350877193,
    "Features": {
        "segment_count": {
            "meta": {
                "name": "segment_count",
                "min-value": 0.0,
                "max-value": 8.0,
                "num-cells": 9
            },
            "stats": {
                "mean": 2.637719298245614,
                "stdev": 1.184246191961039,
                "median": 3.0
            }
        },
        "min_radius": {
            "meta": {
                "name": "min_radius",
                "min-value": 12.0,
                "max-value": 109.0,
                "num-cells": 25
            },
            "stats": {
                "mean": 24.985087719298246,
                "stdev": 9.63179666604334,
                "median": 22.0
            }
        }
    },
    "Reports": [
        {
            "Features": [
                "segment_count",
                "min_radius"
            ],
            "Sample Count": 1140,
            "Outlier Count": 0,
            "Total Cells": 225,
            "Filled Cells": 66,
            "Mapped Misbehaviors": 10,
            "Misbehavior Relative Density": 0.15151515151515152,
            "Misbehavior Density": 0.044444444444444446,
            "Filled Cells Density": 0.29333333333333333,
            "Collisions": 58,
            "Misbehavior Collisions": 8,
            "Collision Ratio": 16.272727272727273,
            "Misbehavior Collision Ratio": 7.5,
            "Coverage Sparseness": 11.246153846153845,
            "Misbehavior Sparseness": 3.7777777777777777,
            "Avg Sample Distance": 6.313752913752908,
            "Avg Misbehavior Distance": 2.7111111111111112
        }
    ]
}