{
    "Tool": "DeepJanusBeamNG",
    "Run ID": "009",
    "Tags": [
        "SegmentCount",
        "SDSteeringAngle",
        "black-box",
        "rescaled"
    ],
    "Total Samples": 10,
    "Valid Samples": 10,
    "Invalid Samples": 0,
    "Total Misbehaviors": 5,
    "MisbehaviorPerSample": 0.5,
    "Features": {
        "segment_count": {
            "meta": {
                "name": "segment_count",
                "min-value": 0.0,
                "max-value": 8.0,
                "num-cells": 9
            },
            "stats": {
                "mean": 5.1,
                "stdev": 0.7378647873726218,
                "median": 5.0
            }
        },
        "sd_steering": {
            "meta": {
                "name": "sd_steering",
                "min-value": 0.0,
                "max-value": 170.0,
                "num-cells": 25
            },
            "stats": {
                "mean": 104.8,
                "stdev": 20.681714951457323,
                "median": 103.5
            }
        }
    },
    "Reports": [
        {
            "Features": [
                "segment_count",
                "sd_steering"
            ],
            "Sample Count": 10,
            "Outlier Count": 0,
            "Total Cells": 225,
            "Filled Cells": 8,
            "Mapped Misbehaviors": 5,
            "Misbehavior Relative Density": 0.625,
            "Misbehavior Density": 0.022222222222222223,
            "Filled Cells Density": 0.035555555555555556,
            "Collisions": 2,
            "Misbehavior Collisions": 0,
            "Collision Ratio": 0.25,
            "Misbehavior Collision Ratio": 0.0,
            "Coverage Sparseness": 7.142857142857143,
            "Misbehavior Sparseness": 6.5,
            "Avg Sample Distance": 4.678571428571429,
            "Avg Misbehavior Distance": 4.6000000000000005
        }
    ]
}