{
    "Tool": "DeepHyperionBeamNG",
    "Run ID": "003",
    "Tags": [
        "SegmentCount",
        "SDSteeringAngle",
        "black-box",
        "rescaled"
    ],
    "Total Samples": 1185,
    "Valid Samples": 1185,
    "Invalid Samples": 0,
    "Total Misbehaviors": 148,
    "MisbehaviorPerSample": 0.1248945147679325,
    "Features": {
        "segment_count": {
            "meta": {
                "name": "segment_count",
                "min-value": 0.0,
                "max-value": 8.0,
                "num-cells": 9
            },
            "stats": {
                "mean": 2.719831223628692,
                "stdev": 1.0955160322404611,
                "median": 3
            }
        },
        "sd_steering": {
            "meta": {
                "name": "sd_steering",
                "min-value": 0.0,
                "max-value": 170.0,
                "num-cells": 25
            },
            "stats": {
                "mean": 97.32320675105485,
                "stdev": 19.776436544806682,
                "median": 99
            }
        }
    },
    "Reports": [
        {
            "Features": [
                "segment_count",
                "sd_steering"
            ],
            "Sample Count": 1185,
            "Outlier Count": 0,
            "Total Cells": 225,
            "Filled Cells": 78,
            "Mapped Misbehaviors": 39,
            "Misbehavior Relative Density": 0.5,
            "Misbehavior Density": 0.17333333333333334,
            "Filled Cells Density": 0.3466666666666667,
            "Collisions": 71,
            "Misbehavior Collisions": 25,
            "Collision Ratio": 14.192307692307692,
            "Misbehavior Collision Ratio": 2.7948717948717947,
            "Coverage Sparseness": 11.818181818181818,
            "Misbehavior Sparseness": 7.7368421052631575,
            "Avg Sample Distance": 6.492174492174499,
            "Avg Misbehavior Distance": 4.72604588394062
        }
    ]
}