{
    "Tool": "DeepJanusBeamNG",
    "Run ID": "005",
    "Tags": [
        "SegmentCount",
        "MinRadius",
        "black-box",
        "rescaled"
    ],
    "Total Samples": 9,
    "Valid Samples": 9,
    "Invalid Samples": 0,
    "Total Misbehaviors": 4,
    "MisbehaviorPerSample": 0.4444444444444444,
    "Features": {
        "segment_count": {
            "meta": {
                "name": "segment_count",
                "min-value": 0.0,
                "max-value": 8.0,
                "num-cells": 9
            },
            "stats": {
                "mean": 4.777777777777778,
                "stdev": 1.3944333775567925,
                "median": 4
            }
        },
        "min_radius": {
            "meta": {
                "name": "min_radius",
                "min-value": 12.0,
                "max-value": 109.0,
                "num-cells": 25
            },
            "stats": {
                "mean": 17.77777777777778,
                "stdev": 4.603742438977711,
                "median": 16
            }
        }
    },
    "Reports": [
        {
            "Features": [
                "segment_count",
                "min_radius"
            ],
            "Sample Count": 9,
            "Outlier Count": 0,
            "Total Cells": 225,
            "Filled Cells": 6,
            "Mapped Misbehaviors": 4,
            "Misbehavior Relative Density": 0.6666666666666666,
            "Misbehavior Density": 0.017777777777777778,
            "Filled Cells Density": 0.02666666666666667,
            "Collisions": 2,
            "Misbehavior Collisions": 0,
            "Collision Ratio": 0.5,
            "Misbehavior Collision Ratio": 0.0,
            "Coverage Sparseness": 5.0,
            "Misbehavior Sparseness": 3.0,
            "Avg Sample Distance": 3.1333333333333333,
            "Avg Misbehavior Distance": 2.166666666666667
        }
    ]
}