{
    "Tool": "DeepHyperionBeamNG",
    "Run ID": "006",
    "Tags": [
        "SegmentCount",
        "MinRadius",
        "black-box",
        "rescaled"
    ],
    "Total Samples": 1203,
    "Valid Samples": 1203,
    "Invalid Samples": 0,
    "Total Misbehaviors": 267,
    "MisbehaviorPerSample": 0.22194513715710723,
    "Features": {
        "segment_count": {
            "meta": {
                "name": "segment_count",
                "min-value": 0.0,
                "max-value": 8.0,
                "num-cells": 9
            },
            "stats": {
                "mean": 2.9226932668329177,
                "stdev": 1.1266734544923778,
                "median": 3
            }
        },
        "min_radius": {
            "meta": {
                "name": "min_radius",
                "min-value": 12.0,
                "max-value": 109.0,
                "num-cells": 25
            },
            "stats": {
                "mean": 21.789692435577724,
                "stdev": 6.004282455782673,
                "median": 20
            }
        }
    },
    "Reports": [
        {
            "Features": [
                "segment_count",
                "min_radius"
            ],
            "Sample Count": 1203,
            "Outlier Count": 0,
            "Total Cells": 225,
            "Filled Cells": 40,
            "Mapped Misbehaviors": 10,
            "Misbehavior Relative Density": 0.25,
            "Misbehavior Density": 0.044444444444444446,
            "Filled Cells Density": 0.17777777777777778,
            "Collisions": 38,
            "Misbehavior Collisions": 10,
            "Collision Ratio": 29.075,
            "Misbehavior Collision Ratio": 25.7,
            "Coverage Sparseness": 7.128205128205129,
            "Misbehavior Sparseness": 3.2222222222222223,
            "Avg Sample Distance": 4.4128205128205105,
            "Avg Misbehavior Distance": 2.333333333333334
        }
    ]
}