{
    "Tool": "DeepHyperionBeamNG",
    "Run ID": "005",
    "Tags": [
        "MeanLateralPosition",
        "SDSteeringAngle",
        "black-box",
        "rescaled"
    ],
    "Total Samples": 1143,
    "Valid Samples": 1143,
    "Invalid Samples": 0,
    "Total Misbehaviors": 130,
    "MisbehaviorPerSample": 0.1137357830271216,
    "Features": {
        "mean_lateral_position": {
            "meta": {
                "name": "mean_lateral_position",
                "min-value": 140.0,
                "max-value": 199.0,
                "num-cells": 25
            },
            "stats": {
                "mean": 168.91688538932632,
                "stdev": 4.724929609830303,
                "median": 169
            }
        },
        "sd_steering": {
            "meta": {
                "name": "sd_steering",
                "min-value": 0.0,
                "max-value": 170.0,
                "num-cells": 25
            },
            "stats": {
                "mean": 101.82589676290463,
                "stdev": 19.420960057139208,
                "median": 103
            }
        }
    },
    "Reports": [
        {
            "Features": [
                "mean_lateral_position",
                "sd_steering"
            ],
            "Sample Count": 1143,
            "Outlier Count": 0,
            "Total Cells": 625,
            "Filled Cells": 110,
            "Mapped Misbehaviors": 46,
            "Misbehavior Relative Density": 0.41818181818181815,
            "Misbehavior Density": 0.0736,
            "Filled Cells Density": 0.176,
            "Collisions": 93,
            "Misbehavior Collisions": 30,
            "Collision Ratio": 9.39090909090909,
            "Misbehavior Collision Ratio": 1.826086956521739,
            "Coverage Sparseness": 13.1651376146789,
            "Misbehavior Sparseness": 8.422222222222222,
            "Avg Sample Distance": 7.332944120100087,
            "Avg Misbehavior Distance": 5.444444444444443
        }
    ]
}