{
    "Tool": "DeepJanusBeamNG",
    "Run ID": "007",
    "Tags": [
        "MeanLateralPosition",
        "MinRadius",
        "black-box",
        "rescaled"
    ],
    "Total Samples": 8,
    "Valid Samples": 8,
    "Invalid Samples": 0,
    "Total Misbehaviors": 5,
    "MisbehaviorPerSample": 0.625,
    "Features": {
        "mean_lateral_position": {
            "meta": {
                "name": "mean_lateral_position",
                "min-value": 140.0,
                "max-value": 199.0,
                "num-cells": 25
            },
            "stats": {
                "mean": 167,
                "stdev": 6.187545093630776,
                "median": 167.5
            }
        },
        "min_radius": {
            "meta": {
                "name": "min_radius",
                "min-value": 12.0,
                "max-value": 109.0,
                "num-cells": 25
            },
            "stats": {
                "mean": 17.125,
                "stdev": 3.6815175442433286,
                "median": 16.0
            }
        }
    },
    "Reports": [
        {
            "Features": [
                "mean_lateral_position",
                "min_radius"
            ],
            "Sample Count": 8,
            "Outlier Count": 0,
            "Total Cells": 625,
            "Filled Cells": 8,
            "Mapped Misbehaviors": 5,
            "Misbehavior Relative Density": 0.625,
            "Misbehavior Density": 0.008,
            "Filled Cells Density": 0.0128,
            "Collisions": 0,
            "Misbehavior Collisions": 0,
            "Collision Ratio": 0.0,
            "Misbehavior Collision Ratio": 0.0,
            "Coverage Sparseness": 5.428571428571429,
            "Misbehavior Sparseness": 5.75,
            "Avg Sample Distance": 4.0357142857142865,
            "Avg Misbehavior Distance": 4.0
        }
    ]
}