{
    "Tool": "DeepJanusBeamNG",
    "Run ID": "005",
    "Tags": [
        "MeanLateralPosition",
        "SegmentCount",
        "black-box",
        "rescaled"
    ],
    "Total Samples": 9,
    "Valid Samples": 9,
    "Invalid Samples": 0,
    "Total Misbehaviors": 4,
    "MisbehaviorPerSample": 0.4444444444444444,
    "Features": {
        "mean_lateral_position": {
            "meta": {
                "name": "mean_lateral_position",
                "min-value": 140.0,
                "max-value": 199.0,
                "num-cells": 25
            },
            "stats": {
                "mean": 169.11111111111111,
                "stdev": 8.37323779138698,
                "median": 172
            }
        },
        "segment_count": {
            "meta": {
                "name": "segment_count",
                "min-value": 0.0,
                "max-value": 8.0,
                "num-cells": 9
            },
            "stats": {
                "mean": 4.777777777777778,
                "stdev": 1.3944333775567925,
                "median": 4
            }
        }
    },
    "Reports": [
        {
            "Features": [
                "mean_lateral_position",
                "segment_count"
            ],
            "Sample Count": 9,
            "Outlier Count": 0,
            "Total Cells": 225,
            "Filled Cells": 8,
            "Mapped Misbehaviors": 4,
            "Misbehavior Relative Density": 0.5,
            "Misbehavior Density": 0.017777777777777778,
            "Filled Cells Density": 0.035555555555555556,
            "Collisions": 1,
            "Misbehavior Collisions": 0,
            "Collision Ratio": 0.125,
            "Misbehavior Collision Ratio": 0.0,
            "Coverage Sparseness": 6.571428571428571,
            "Misbehavior Sparseness": 8.666666666666666,
            "Avg Sample Distance": 6.071428571428572,
            "Avg Misbehavior Distance": 8.0
        }
    ]
}