{
    "Tool": "DeepHyperionBeamNG",
    "Run ID": "006",
    "Tags": [
        "MeanLateralPosition",
        "SDSteeringAngle",
        "black-box",
        "rescaled"
    ],
    "Total Samples": 1263,
    "Valid Samples": 1263,
    "Invalid Samples": 0,
    "Total Misbehaviors": 391,
    "MisbehaviorPerSample": 0.3095803642121932,
    "Features": {
        "mean_lateral_position": {
            "meta": {
                "name": "mean_lateral_position",
                "min-value": 140.0,
                "max-value": 199.0,
                "num-cells": 25
            },
            "stats": {
                "mean": 170.1409342834521,
                "stdev": 5.44289718006813,
                "median": 171
            }
        },
        "sd_steering": {
            "meta": {
                "name": "sd_steering",
                "min-value": 0.0,
                "max-value": 170.0,
                "num-cells": 25
            },
            "stats": {
                "mean": 102.39904988123516,
                "stdev": 21.255872291251908,
                "median": 103
            }
        }
    },
    "Reports": [
        {
            "Features": [
                "mean_lateral_position",
                "sd_steering"
            ],
            "Sample Count": 1263,
            "Outlier Count": 0,
            "Total Cells": 625,
            "Filled Cells": 127,
            "Mapped Misbehaviors": 77,
            "Misbehavior Relative Density": 0.6062992125984252,
            "Misbehavior Density": 0.1232,
            "Filled Cells Density": 0.2032,
            "Collisions": 107,
            "Misbehavior Collisions": 59,
            "Collision Ratio": 8.94488188976378,
            "Misbehavior Collision Ratio": 4.077922077922078,
            "Coverage Sparseness": 13.523809523809524,
            "Misbehavior Sparseness": 12.328947368421053,
            "Avg Sample Distance": 8.064491938507665,
            "Avg Misbehavior Distance": 6.933697881066303
        }
    ]
}