{
    "Tool": "DeepJanusBeamNG",
    "Run ID": "007",
    "Tags": [
        "MeanLateralPosition",
        "SegmentCount",
        "black-box",
        "rescaled"
    ],
    "Total Samples": 8,
    "Valid Samples": 8,
    "Invalid Samples": 0,
    "Total Misbehaviors": 5,
    "MisbehaviorPerSample": 0.625,
    "Features": {
        "mean_lateral_position": {
            "meta": {
                "name": "mean_lateral_position",
                "min-value": 140.0,
                "max-value": 199.0,
                "num-cells": 25
            },
            "stats": {
                "mean": 167,
                "stdev": 6.187545093630776,
                "median": 167.5
            }
        },
        "segment_count": {
            "meta": {
                "name": "segment_count",
                "min-value": 0.0,
                "max-value": 8.0,
                "num-cells": 9
            },
            "stats": {
                "mean": 5,
                "stdev": 0.9258200997725514,
                "median": 5.0
            }
        }
    },
    "Reports": [
        {
            "Features": [
                "mean_lateral_position",
                "segment_count"
            ],
            "Sample Count": 8,
            "Outlier Count": 0,
            "Total Cells": 225,
            "Filled Cells": 7,
            "Mapped Misbehaviors": 4,
            "Misbehavior Relative Density": 0.5714285714285714,
            "Misbehavior Density": 0.017777777777777778,
            "Filled Cells Density": 0.03111111111111111,
            "Collisions": 1,
            "Misbehavior Collisions": 1,
            "Collision Ratio": 0.14285714285714285,
            "Misbehavior Collision Ratio": 0.25,
            "Coverage Sparseness": 6.5,
            "Misbehavior Sparseness": 8.333333333333334,
            "Avg Sample Distance": 4.285714285714285,
            "Avg Misbehavior Distance": 5.833333333333333
        }
    ]
}