{
    "Tool": "DeepHyperionBeamNG",
    "Run ID": "010",
    "Tags": [
        "MeanLateralPosition",
        "SDSteeringAngle",
        "black-box",
        "rescaled"
    ],
    "Total Samples": 1210,
    "Valid Samples": 1210,
    "Invalid Samples": 0,
    "Total Misbehaviors": 192,
    "MisbehaviorPerSample": 0.15867768595041323,
    "Features": {
        "mean_lateral_position": {
            "meta": {
                "name": "mean_lateral_position",
                "min-value": 140.0,
                "max-value": 199.0,
                "num-cells": 25
            },
            "stats": {
                "mean": 167.45371900826447,
                "stdev": 5.223056685996288,
                "median": 167.0
            }
        },
        "sd_steering": {
            "meta": {
                "name": "sd_steering",
                "min-value": 0.0,
                "max-value": 170.0,
                "num-cells": 25
            },
            "stats": {
                "mean": 102.81735537190083,
                "stdev": 21.12976637145999,
                "median": 103.0
            }
        }
    },
    "Reports": [
        {
            "Features": [
                "mean_lateral_position",
                "sd_steering"
            ],
            "Sample Count": 1210,
            "Outlier Count": 0,
            "Total Cells": 625,
            "Filled Cells": 125,
            "Mapped Misbehaviors": 63,
            "Misbehavior Relative Density": 0.504,
            "Misbehavior Density": 0.1008,
            "Filled Cells Density": 0.2,
            "Collisions": 103,
            "Misbehavior Collisions": 35,
            "Collision Ratio": 8.68,
            "Misbehavior Collision Ratio": 2.0476190476190474,
            "Coverage Sparseness": 13.28225806451613,
            "Misbehavior Sparseness": 10.387096774193548,
            "Avg Sample Distance": 8.004903225806451,
            "Avg Misbehavior Distance": 6.235535074244748
        }
    ]
}