{
    "Tool": "DeepHyperionBeamNG",
    "Run ID": "003",
    "Tags": [
        "MeanLateralPosition",
        "SegmentCount",
        "black-box",
        "rescaled"
    ],
    "Total Samples": 1161,
    "Valid Samples": 1161,
    "Invalid Samples": 0,
    "Total Misbehaviors": 119,
    "MisbehaviorPerSample": 0.1024978466838932,
    "Features": {
        "mean_lateral_position": {
            "meta": {
                "name": "mean_lateral_position",
                "min-value": 140.0,
                "max-value": 199.0,
                "num-cells": 25
            },
            "stats": {
                "mean": 171.32730404823428,
                "stdev": 5.264194641688168,
                "median": 171
            }
        },
        "segment_count": {
            "meta": {
                "name": "segment_count",
                "min-value": 0.0,
                "max-value": 8.0,
                "num-cells": 9
            },
            "stats": {
                "mean": 2.367786391042205,
                "stdev": 1.038049900395539,
                "median": 2
            }
        }
    },
    "Reports": [
        {
            "Features": [
                "mean_lateral_position",
                "segment_count"
            ],
            "Sample Count": 1161,
            "Outlier Count": 0,
            "Total Cells": 225,
            "Filled Cells": 52,
            "Mapped Misbehaviors": 24,
            "Misbehavior Relative Density": 0.46153846153846156,
            "Misbehavior Density": 0.10666666666666667,
            "Filled Cells Density": 0.2311111111111111,
            "Collisions": 47,
            "Misbehavior Collisions": 16,
            "Collision Ratio": 21.326923076923077,
            "Misbehavior Collision Ratio": 3.9583333333333335,
            "Coverage Sparseness": 8.470588235294118,
            "Misbehavior Sparseness": 5.521739130434782,
            "Avg Sample Distance": 5.645550527903471,
            "Avg Misbehavior Distance": 4.503623188405799
        }
    ]
}