{
    "Tool": "DeepHyperionBeamNG",
    "Run ID": "007",
    "Tags": [
        "MeanLateralPosition",
        "MinRadius",
        "black-box",
        "rescaled"
    ],
    "Total Samples": 1171,
    "Valid Samples": 1171,
    "Invalid Samples": 0,
    "Total Misbehaviors": 170,
    "MisbehaviorPerSample": 0.14517506404782238,
    "Features": {
        "mean_lateral_position": {
            "meta": {
                "name": "mean_lateral_position",
                "min-value": 140.0,
                "max-value": 199.0,
                "num-cells": 25
            },
            "stats": {
                "mean": 168.64218616567038,
                "stdev": 5.63665324744918,
                "median": 168
            }
        },
        "min_radius": {
            "meta": {
                "name": "min_radius",
                "min-value": 12.0,
                "max-value": 109.0,
                "num-cells": 25
            },
            "stats": {
                "mean": 22.54739538855679,
                "stdev": 7.61061559309938,
                "median": 21
            }
        }
    },
    "Reports": [
        {
            "Features": [
                "mean_lateral_position",
                "min_radius"
            ],
            "Sample Count": 1171,
            "Outlier Count": 0,
            "Total Cells": 625,
            "Filled Cells": 72,
            "Mapped Misbehaviors": 21,
            "Misbehavior Relative Density": 0.2916666666666667,
            "Misbehavior Density": 0.0336,
            "Filled Cells Density": 0.1152,
            "Collisions": 63,
            "Misbehavior Collisions": 17,
            "Collision Ratio": 15.26388888888889,
            "Misbehavior Collision Ratio": 7.095238095238095,
            "Coverage Sparseness": 15.661971830985916,
            "Misbehavior Sparseness": 6.1,
            "Avg Sample Distance": 7.0555555555555465,
            "Avg Misbehavior Distance": 4.361904761904763
        }
    ]
}