{
    "Tool": "DeepHyperionBeamNG",
    "Run ID": "006",
    "Tags": [
        "MeanLateralPosition",
        "MinRadius",
        "black-box",
        "rescaled"
    ],
    "Total Samples": 1206,
    "Valid Samples": 1206,
    "Invalid Samples": 0,
    "Total Misbehaviors": 210,
    "MisbehaviorPerSample": 0.17412935323383086,
    "Features": {
        "mean_lateral_position": {
            "meta": {
                "name": "mean_lateral_position",
                "min-value": 140.0,
                "max-value": 199.0,
                "num-cells": 25
            },
            "stats": {
                "mean": 168.62106135986733,
                "stdev": 4.817484152685618,
                "median": 169.0
            }
        },
        "min_radius": {
            "meta": {
                "name": "min_radius",
                "min-value": 12.0,
                "max-value": 109.0,
                "num-cells": 25
            },
            "stats": {
                "mean": 20.823383084577113,
                "stdev": 5.390277138735775,
                "median": 20.0
            }
        }
    },
    "Reports": [
        {
            "Features": [
                "mean_lateral_position",
                "min_radius"
            ],
            "Sample Count": 1206,
            "Outlier Count": 0,
            "Total Cells": 625,
            "Filled Cells": 54,
            "Mapped Misbehaviors": 18,
            "Misbehavior Relative Density": 0.3333333333333333,
            "Misbehavior Density": 0.0288,
            "Filled Cells Density": 0.0864,
            "Collisions": 52,
            "Misbehavior Collisions": 16,
            "Collision Ratio": 21.333333333333332,
            "Misbehavior Collision Ratio": 10.666666666666666,
            "Coverage Sparseness": 7.867924528301887,
            "Misbehavior Sparseness": 5.235294117647059,
            "Avg Sample Distance": 5.303284416491969,
            "Avg Misbehavior Distance": 3.666666666666668
        }
    ]
}