{
    "Tool": "DeepJanusBeamNG",
    "Run ID": "004",
    "Tags": [
        "MeanLateralPosition",
        "SDSteeringAngle",
        "black-box",
        "rescaled"
    ],
    "Total Samples": 9,
    "Valid Samples": 9,
    "Invalid Samples": 0,
    "Total Misbehaviors": 6,
    "MisbehaviorPerSample": 0.6666666666666666,
    "Features": {
        "mean_lateral_position": {
            "meta": {
                "name": "mean_lateral_position",
                "min-value": 140.0,
                "max-value": 199.0,
                "num-cells": 25
            },
            "stats": {
                "mean": 168.11111111111111,
                "stdev": 6.333333333333334,
                "median": 169
            }
        },
        "sd_steering": {
            "meta": {
                "name": "sd_steering",
                "min-value": 0.0,
                "max-value": 170.0,
                "num-cells": 25
            },
            "stats": {
                "mean": 111.22222222222223,
                "stdev": 16.865480854231357,
                "median": 110
            }
        }
    },
    "Reports": [
        {
            "Features": [
                "mean_lateral_position",
                "sd_steering"
            ],
            "Sample Count": 9,
            "Outlier Count": 0,
            "Total Cells": 625,
            "Filled Cells": 9,
            "Mapped Misbehaviors": 6,
            "Misbehavior Relative Density": 0.6666666666666666,
            "Misbehavior Density": 0.0096,
            "Filled Cells Density": 0.0144,
            "Collisions": 0,
            "Misbehavior Collisions": 0,
            "Collision Ratio": 0.0,
            "Misbehavior Collision Ratio": 0.0,
            "Coverage Sparseness": 7.125,
            "Misbehavior Sparseness": 7.4,
            "Avg Sample Distance": 6.111111111111112,
            "Avg Misbehavior Distance": 5.3999999999999995
        }
    ]
}