{
    "Tool": "DeepJanusBeamNG",
    "Run ID": "007",
    "Tags": [
        "SegmentCount",
        "MinRadius",
        "black-box",
        "rescaled"
    ],
    "Total Samples": 8,
    "Valid Samples": 8,
    "Invalid Samples": 0,
    "Total Misbehaviors": 5,
    "MisbehaviorPerSample": 0.625,
    "Features": {
        "segment_count": {
            "meta": {
                "name": "segment_count",
                "min-value": 0.0,
                "max-value": 8.0,
                "num-cells": 9
            },
            "stats": {
                "mean": 5,
                "stdev": 0.9258200997725514,
                "median": 5.0
            }
        },
        "min_radius": {
            "meta": {
                "name": "min_radius",
                "min-value": 12.0,
                "max-value": 109.0,
                "num-cells": 25
            },
            "stats": {
                "mean": 17.125,
                "stdev": 3.6815175442433286,
                "median": 16.0
            }
        }
    },
    "Reports": [
        {
            "Features": [
                "segment_count",
                "min_radius"
            ],
            "Sample Count": 8,
            "Outlier Count": 0,
            "Total Cells": 225,
            "Filled Cells": 6,
            "Mapped Misbehaviors": 4,
            "Misbehavior Relative Density": 0.6666666666666666,
            "Misbehavior Density": 0.017777777777777778,
            "Filled Cells Density": 0.02666666666666667,
            "Collisions": 2,
            "Misbehavior Collisions": 1,
            "Collision Ratio": 0.3333333333333333,
            "Misbehavior Collision Ratio": 0.25,
            "Coverage Sparseness": 3.0,
            "Misbehavior Sparseness": 2.0,
            "Avg Sample Distance": 2.466666666666666,
            "Avg Misbehavior Distance": 2.0
        }
    ]
}