{
    "Tool": "DeepHyperionBeamNG",
    "Run ID": "002",
    "Tags": [
        "SegmentCount",
        "SDSteeringAngle",
        "black-box",
        "rescaled"
    ],
    "Total Samples": 153,
    "Valid Samples": 153,
    "Invalid Samples": 0,
    "Total Misbehaviors": 3,
    "MisbehaviorPerSample": 0.0196078431372549,
    "Features": {
        "segment_count": {
            "meta": {
                "name": "segment_count",
                "min-value": 0.0,
                "max-value": 8.0,
                "num-cells": 9
            },
            "stats": {
                "mean": 3.0718954248366015,
                "stdev": 1.36740522217215,
                "median": 3
            }
        },
        "sd_steering": {
            "meta": {
                "name": "sd_steering",
                "min-value": 0.0,
                "max-value": 170.0,
                "num-cells": 25
            },
            "stats": {
                "mean": 90.3202614379085,
                "stdev": 19.27080338463073,
                "median": 92
            }
        }
    },
    "Reports": [
        {
            "Features": [
                "segment_count",
                "sd_steering"
            ],
            "Sample Count": 153,
            "Outlier Count": 0,
            "Total Cells": 225,
            "Filled Cells": 46,
            "Mapped Misbehaviors": 2,
            "Misbehavior Relative Density": 0.043478260869565216,
            "Misbehavior Density": 0.008888888888888889,
            "Filled Cells Density": 0.20444444444444446,
            "Collisions": 37,
            "Misbehavior Collisions": 1,
            "Collision Ratio": 2.3260869565217392,
            "Misbehavior Collision Ratio": 0.5,
            "Coverage Sparseness": 8.066666666666666,
            "Misbehavior Sparseness": 5.0,
            "Avg Sample Distance": 5.213526570048308,
            "Avg Misbehavior Distance": 5.0
        }
    ]
}