{
    "Tool": "DeepJanusBeamNG",
    "Run ID": "008",
    "Tags": [
        "SegmentCount",
        "MinRadius",
        "black-box",
        "rescaled"
    ],
    "Total Samples": 7,
    "Valid Samples": 7,
    "Invalid Samples": 0,
    "Total Misbehaviors": 4,
    "MisbehaviorPerSample": 0.5714285714285714,
    "Features": {
        "segment_count": {
            "meta": {
                "name": "segment_count",
                "min-value": 0.0,
                "max-value": 8.0,
                "num-cells": 9
            },
            "stats": {
                "mean": 5.714285714285714,
                "stdev": 0.7559289460184544,
                "median": 6
            }
        },
        "min_radius": {
            "meta": {
                "name": "min_radius",
                "min-value": 12.0,
                "max-value": 109.0,
                "num-cells": 25
            },
            "stats": {
                "mean": 16.857142857142858,
                "stdev": 4.099941927579439,
                "median": 15
            }
        }
    },
    "Reports": [
        {
            "Features": [
                "segment_count",
                "min_radius"
            ],
            "Sample Count": 7,
            "Outlier Count": 0,
            "Total Cells": 225,
            "Filled Cells": 5,
            "Mapped Misbehaviors": 2,
            "Misbehavior Relative Density": 0.4,
            "Misbehavior Density": 0.008888888888888889,
            "Filled Cells Density": 0.022222222222222223,
            "Collisions": 2,
            "Misbehavior Collisions": 2,
            "Collision Ratio": 0.4,
            "Misbehavior Collision Ratio": 1.0,
            "Coverage Sparseness": 2.5,
            "Misbehavior Sparseness": 1.0,
            "Avg Sample Distance": 2.4,
            "Avg Misbehavior Distance": 1.0
        }
    ]
}