{
    "Tool": "DeepHyperionBeamNG",
    "Run ID": "005",
    "Tags": [
        "SegmentCount",
        "SDSteeringAngle",
        "black-box",
        "rescaled"
    ],
    "Total Samples": 1116,
    "Valid Samples": 1116,
    "Invalid Samples": 0,
    "Total Misbehaviors": 78,
    "MisbehaviorPerSample": 0.06989247311827956,
    "Features": {
        "segment_count": {
            "meta": {
                "name": "segment_count",
                "min-value": 0.0,
                "max-value": 8.0,
                "num-cells": 9
            },
            "stats": {
                "mean": 2.9068100358422937,
                "stdev": 1.0032718867183814,
                "median": 3.0
            }
        },
        "sd_steering": {
            "meta": {
                "name": "sd_steering",
                "min-value": 0.0,
                "max-value": 170.0,
                "num-cells": 25
            },
            "stats": {
                "mean": 94.90143369175627,
                "stdev": 22.515070343250507,
                "median": 95.0
            }
        }
    },
    "Reports": [
        {
            "Features": [
                "segment_count",
                "sd_steering"
            ],
            "Sample Count": 1116,
            "Outlier Count": 0,
            "Total Cells": 225,
            "Filled Cells": 72,
            "Mapped Misbehaviors": 23,
            "Misbehavior Relative Density": 0.3194444444444444,
            "Misbehavior Density": 0.10222222222222223,
            "Filled Cells Density": 0.32,
            "Collisions": 67,
            "Misbehavior Collisions": 14,
            "Collision Ratio": 14.5,
            "Misbehavior Collision Ratio": 2.391304347826087,
            "Coverage Sparseness": 10.549295774647888,
            "Misbehavior Sparseness": 6.909090909090909,
            "Avg Sample Distance": 6.23082942097027,
            "Avg Misbehavior Distance": 3.9999999999999982
        }
    ]
}