{
    "Tool": "DeepHyperionBeamNG",
    "Run ID": "003",
    "Tags": [
        "MeanLateralPosition",
        "MinRadius",
        "black-box",
        "rescaled"
    ],
    "Total Samples": 1167,
    "Valid Samples": 1167,
    "Invalid Samples": 0,
    "Total Misbehaviors": 115,
    "MisbehaviorPerSample": 0.09854327335047129,
    "Features": {
        "mean_lateral_position": {
            "meta": {
                "name": "mean_lateral_position",
                "min-value": 140.0,
                "max-value": 199.0,
                "num-cells": 25
            },
            "stats": {
                "mean": 171.02313624678663,
                "stdev": 5.601425275109785,
                "median": 170
            }
        },
        "min_radius": {
            "meta": {
                "name": "min_radius",
                "min-value": 12.0,
                "max-value": 109.0,
                "num-cells": 25
            },
            "stats": {
                "mean": 23.37189374464439,
                "stdev": 7.282029745670536,
                "median": 21
            }
        }
    },
    "Reports": [
        {
            "Features": [
                "mean_lateral_position",
                "min_radius"
            ],
            "Sample Count": 1167,
            "Outlier Count": 0,
            "Total Cells": 625,
            "Filled Cells": 70,
            "Mapped Misbehaviors": 17,
            "Misbehavior Relative Density": 0.24285714285714285,
            "Misbehavior Density": 0.0272,
            "Filled Cells Density": 0.112,
            "Collisions": 63,
            "Misbehavior Collisions": 14,
            "Collision Ratio": 15.67142857142857,
            "Misbehavior Collision Ratio": 5.764705882352941,
            "Coverage Sparseness": 8.869565217391305,
            "Misbehavior Sparseness": 5.0,
            "Avg Sample Distance": 6.147412008281572,
            "Avg Misbehavior Distance": 3.5294117647058805
        }
    ]
}