{
    "Tool": "DeepJanusBeamNG",
    "Run ID": "004",
    "Tags": [
        "SegmentCount",
        "SDSteeringAngle",
        "black-box",
        "rescaled"
    ],
    "Total Samples": 9,
    "Valid Samples": 9,
    "Invalid Samples": 0,
    "Total Misbehaviors": 6,
    "MisbehaviorPerSample": 0.6666666666666666,
    "Features": {
        "segment_count": {
            "meta": {
                "name": "segment_count",
                "min-value": 0.0,
                "max-value": 8.0,
                "num-cells": 9
            },
            "stats": {
                "mean": 4.444444444444445,
                "stdev": 1.2360330811826103,
                "median": 4
            }
        },
        "sd_steering": {
            "meta": {
                "name": "sd_steering",
                "min-value": 0.0,
                "max-value": 170.0,
                "num-cells": 25
            },
            "stats": {
                "mean": 111.22222222222223,
                "stdev": 16.865480854231357,
                "median": 110
            }
        }
    },
    "Reports": [
        {
            "Features": [
                "segment_count",
                "sd_steering"
            ],
            "Sample Count": 9,
            "Outlier Count": 0,
            "Total Cells": 225,
            "Filled Cells": 7,
            "Mapped Misbehaviors": 5,
            "Misbehavior Relative Density": 0.7142857142857143,
            "Misbehavior Density": 0.022222222222222223,
            "Filled Cells Density": 0.03111111111111111,
            "Collisions": 2,
            "Misbehavior Collisions": 1,
            "Collision Ratio": 0.2857142857142857,
            "Misbehavior Collision Ratio": 0.2,
            "Coverage Sparseness": 6.5,
            "Misbehavior Sparseness": 5.0,
            "Avg Sample Distance": 4.857142857142857,
            "Avg Misbehavior Distance": 4.2
        }
    ]
}