{
    "Tool": "DeepHyperionBeamNG",
    "Run ID": "002",
    "Tags": [
        "SegmentCount",
        "MinRadius",
        "black-box",
        "rescaled"
    ],
    "Total Samples": 1156,
    "Valid Samples": 1156,
    "Invalid Samples": 0,
    "Total Misbehaviors": 79,
    "MisbehaviorPerSample": 0.06833910034602077,
    "Features": {
        "segment_count": {
            "meta": {
                "name": "segment_count",
                "min-value": 0.0,
                "max-value": 8.0,
                "num-cells": 9
            },
            "stats": {
                "mean": 2.685121107266436,
                "stdev": 1.2007876502493382,
                "median": 3.0
            }
        },
        "min_radius": {
            "meta": {
                "name": "min_radius",
                "min-value": 12.0,
                "max-value": 109.0,
                "num-cells": 25
            },
            "stats": {
                "mean": 22.97750865051903,
                "stdev": 7.18098832113821,
                "median": 21.0
            }
        }
    },
    "Reports": [
        {
            "Features": [
                "segment_count",
                "min_radius"
            ],
            "Sample Count": 1156,
            "Outlier Count": 0,
            "Total Cells": 225,
            "Filled Cells": 56,
            "Mapped Misbehaviors": 12,
            "Misbehavior Relative Density": 0.21428571428571427,
            "Misbehavior Density": 0.05333333333333334,
            "Filled Cells Density": 0.24888888888888888,
            "Collisions": 48,
            "Misbehavior Collisions": 11,
            "Collision Ratio": 19.642857142857142,
            "Misbehavior Collision Ratio": 5.583333333333333,
            "Coverage Sparseness": 9.2,
            "Misbehavior Sparseness": 3.727272727272727,
            "Avg Sample Distance": 5.440259740259738,
            "Avg Misbehavior Distance": 2.6666666666666674
        }
    ]
}