{
    "Tool": "DeepHyperionBeamNG",
    "Run ID": "009",
    "Tags": [
        "SegmentCount",
        "MinRadius",
        "black-box",
        "rescaled"
    ],
    "Total Samples": 1134,
    "Valid Samples": 1134,
    "Invalid Samples": 0,
    "Total Misbehaviors": 105,
    "MisbehaviorPerSample": 0.09259259259259259,
    "Features": {
        "segment_count": {
            "meta": {
                "name": "segment_count",
                "min-value": 0.0,
                "max-value": 8.0,
                "num-cells": 9
            },
            "stats": {
                "mean": 2.611111111111111,
                "stdev": 1.19113376534921,
                "median": 3.0
            }
        },
        "min_radius": {
            "meta": {
                "name": "min_radius",
                "min-value": 12.0,
                "max-value": 109.0,
                "num-cells": 25
            },
            "stats": {
                "mean": 22.544091710758376,
                "stdev": 8.55619993304959,
                "median": 21.0
            }
        }
    },
    "Reports": [
        {
            "Features": [
                "segment_count",
                "min_radius"
            ],
            "Sample Count": 1134,
            "Outlier Count": 0,
            "Total Cells": 225,
            "Filled Cells": 56,
            "Mapped Misbehaviors": 10,
            "Misbehavior Relative Density": 0.17857142857142858,
            "Misbehavior Density": 0.044444444444444446,
            "Filled Cells Density": 0.24888888888888888,
            "Collisions": 45,
            "Misbehavior Collisions": 9,
            "Collision Ratio": 19.25,
            "Misbehavior Collision Ratio": 9.5,
            "Coverage Sparseness": 14.472727272727273,
            "Misbehavior Sparseness": 3.2222222222222223,
            "Avg Sample Distance": 7.833766233766239,
            "Avg Misbehavior Distance": 2.333333333333334
        }
    ]
}