{
    "Tool": "DeepHyperionBeamNG",
    "Run ID": "006",
    "Tags": [
        "SegmentCount",
        "SDSteeringAngle",
        "black-box",
        "rescaled"
    ],
    "Total Samples": 1138,
    "Valid Samples": 1138,
    "Invalid Samples": 0,
    "Total Misbehaviors": 93,
    "MisbehaviorPerSample": 0.08172231985940245,
    "Features": {
        "segment_count": {
            "meta": {
                "name": "segment_count",
                "min-value": 0.0,
                "max-value": 8.0,
                "num-cells": 9
            },
            "stats": {
                "mean": 2.743409490333919,
                "stdev": 1.0997223488950267,
                "median": 3.0
            }
        },
        "sd_steering": {
            "meta": {
                "name": "sd_steering",
                "min-value": 0.0,
                "max-value": 170.0,
                "num-cells": 25
            },
            "stats": {
                "mean": 100.1933216168717,
                "stdev": 23.71654416716995,
                "median": 103.0
            }
        }
    },
    "Reports": [
        {
            "Features": [
                "segment_count",
                "sd_steering"
            ],
            "Sample Count": 1138,
            "Outlier Count": 0,
            "Total Cells": 225,
            "Filled Cells": 79,
            "Mapped Misbehaviors": 35,
            "Misbehavior Relative Density": 0.4430379746835443,
            "Misbehavior Density": 0.15555555555555556,
            "Filled Cells Density": 0.3511111111111111,
            "Collisions": 73,
            "Misbehavior Collisions": 19,
            "Collision Ratio": 13.405063291139241,
            "Misbehavior Collision Ratio": 1.6571428571428573,
            "Coverage Sparseness": 12.064102564102564,
            "Misbehavior Sparseness": 8.794117647058824,
            "Avg Sample Distance": 6.856215514443364,
            "Avg Misbehavior Distance": 5.915966386554625
        }
    ]
}