{
    "Tool": "DeepJanusBeamNG",
    "Run ID": "001",
    "Tags": [
        "MeanLateralPosition",
        "SegmentCount",
        "black-box",
        "rescaled"
    ],
    "Total Samples": 11,
    "Valid Samples": 11,
    "Invalid Samples": 0,
    "Total Misbehaviors": 7,
    "MisbehaviorPerSample": 0.6363636363636364,
    "Features": {
        "mean_lateral_position": {
            "meta": {
                "name": "mean_lateral_position",
                "min-value": 140.0,
                "max-value": 199.0,
                "num-cells": 25
            },
            "stats": {
                "mean": 166.36363636363637,
                "stdev": 5.766675424761259,
                "median": 168
            }
        },
        "segment_count": {
            "meta": {
                "name": "segment_count",
                "min-value": 0.0,
                "max-value": 8.0,
                "num-cells": 9
            },
            "stats": {
                "mean": 4.181818181818182,
                "stdev": 1.0787197799411874,
                "median": 4
            }
        }
    },
    "Reports": [
        {
            "Features": [
                "mean_lateral_position",
                "segment_count"
            ],
            "Sample Count": 11,
            "Outlier Count": 0,
            "Total Cells": 225,
            "Filled Cells": 8,
            "Mapped Misbehaviors": 7,
            "Misbehavior Relative Density": 0.875,
            "Misbehavior Density": 0.03111111111111111,
            "Filled Cells Density": 0.035555555555555556,
            "Collisions": 3,
            "Misbehavior Collisions": 0,
            "Collision Ratio": 0.375,
            "Misbehavior Collision Ratio": 0.0,
            "Coverage Sparseness": 4.857142857142857,
            "Misbehavior Sparseness": 4.666666666666667,
            "Avg Sample Distance": 4.428571428571429,
            "Avg Misbehavior Distance": 4.476190476190475
        }
    ]
}