{
    "Tool": "DeepHyperionBeamNG",
    "Run ID": "004",
    "Tags": [
        "MeanLateralPosition",
        "MinRadius",
        "black-box",
        "rescaled"
    ],
    "Total Samples": 1160,
    "Valid Samples": 1160,
    "Invalid Samples": 0,
    "Total Misbehaviors": 151,
    "MisbehaviorPerSample": 0.13017241379310346,
    "Features": {
        "mean_lateral_position": {
            "meta": {
                "name": "mean_lateral_position",
                "min-value": 140.0,
                "max-value": 199.0,
                "num-cells": 25
            },
            "stats": {
                "mean": 167.32327586206895,
                "stdev": 5.386988730785674,
                "median": 167.0
            }
        },
        "min_radius": {
            "meta": {
                "name": "min_radius",
                "min-value": 12.0,
                "max-value": 109.0,
                "num-cells": 25
            },
            "stats": {
                "mean": 22.802586206896553,
                "stdev": 6.962229681715891,
                "median": 22.0
            }
        }
    },
    "Reports": [
        {
            "Features": [
                "mean_lateral_position",
                "min_radius"
            ],
            "Sample Count": 1160,
            "Outlier Count": 0,
            "Total Cells": 625,
            "Filled Cells": 69,
            "Mapped Misbehaviors": 19,
            "Misbehavior Relative Density": 0.2753623188405797,
            "Misbehavior Density": 0.0304,
            "Filled Cells Density": 0.1104,
            "Collisions": 56,
            "Misbehavior Collisions": 18,
            "Collision Ratio": 15.81159420289855,
            "Misbehavior Collision Ratio": 6.947368421052632,
            "Coverage Sparseness": 14.441176470588236,
            "Misbehavior Sparseness": 6.0,
            "Avg Sample Distance": 6.963341858482506,
            "Avg Misbehavior Distance": 3.964912280701753
        }
    ]
}