{
    "Tool": "DeepJanusBeamNG",
    "Run ID": "010",
    "Tags": [
        "MeanLateralPosition",
        "SegmentCount",
        "black-box",
        "rescaled"
    ],
    "Total Samples": 9,
    "Valid Samples": 9,
    "Invalid Samples": 0,
    "Total Misbehaviors": 6,
    "MisbehaviorPerSample": 0.6666666666666666,
    "Features": {
        "mean_lateral_position": {
            "meta": {
                "name": "mean_lateral_position",
                "min-value": 140.0,
                "max-value": 199.0,
                "num-cells": 25
            },
            "stats": {
                "mean": 168.44444444444446,
                "stdev": 4.876246279442598,
                "median": 169
            }
        },
        "segment_count": {
            "meta": {
                "name": "segment_count",
                "min-value": 0.0,
                "max-value": 8.0,
                "num-cells": 9
            },
            "stats": {
                "mean": 4.777777777777778,
                "stdev": 1.7159383568311668,
                "median": 4
            }
        }
    },
    "Reports": [
        {
            "Features": [
                "mean_lateral_position",
                "segment_count"
            ],
            "Sample Count": 9,
            "Outlier Count": 0,
            "Total Cells": 225,
            "Filled Cells": 8,
            "Mapped Misbehaviors": 5,
            "Misbehavior Relative Density": 0.625,
            "Misbehavior Density": 0.022222222222222223,
            "Filled Cells Density": 0.035555555555555556,
            "Collisions": 1,
            "Misbehavior Collisions": 1,
            "Collision Ratio": 0.125,
            "Misbehavior Collision Ratio": 0.2,
            "Coverage Sparseness": 5.857142857142857,
            "Misbehavior Sparseness": 6.5,
            "Avg Sample Distance": 4.67857142857143,
            "Avg Misbehavior Distance": 5.0
        }
    ]
}