{
    "Tool": "DeepJanusBeamNG",
    "Run ID": "007",
    "Tags": [
        "MeanLateralPosition",
        "SDSteeringAngle",
        "black-box",
        "rescaled"
    ],
    "Total Samples": 8,
    "Valid Samples": 8,
    "Invalid Samples": 0,
    "Total Misbehaviors": 5,
    "MisbehaviorPerSample": 0.625,
    "Features": {
        "mean_lateral_position": {
            "meta": {
                "name": "mean_lateral_position",
                "min-value": 140.0,
                "max-value": 199.0,
                "num-cells": 25
            },
            "stats": {
                "mean": 167,
                "stdev": 6.187545093630776,
                "median": 167.5
            }
        },
        "sd_steering": {
            "meta": {
                "name": "sd_steering",
                "min-value": 0.0,
                "max-value": 170.0,
                "num-cells": 25
            },
            "stats": {
                "mean": 110.875,
                "stdev": 23.594415198758977,
                "median": 109.5
            }
        }
    },
    "Reports": [
        {
            "Features": [
                "mean_lateral_position",
                "sd_steering"
            ],
            "Sample Count": 8,
            "Outlier Count": 0,
            "Total Cells": 625,
            "Filled Cells": 8,
            "Mapped Misbehaviors": 5,
            "Misbehavior Relative Density": 0.625,
            "Misbehavior Density": 0.008,
            "Filled Cells Density": 0.0128,
            "Collisions": 0,
            "Misbehavior Collisions": 0,
            "Collision Ratio": 0.0,
            "Misbehavior Collision Ratio": 0.0,
            "Coverage Sparseness": 7.571428571428571,
            "Misbehavior Sparseness": 9.25,
            "Avg Sample Distance": 6.75,
            "Avg Misbehavior Distance": 7.6
        }
    ]
}