{
    "Tool": "DeepJanusBeamNG",
    "Run ID": "009",
    "Tags": [
        "SegmentCount",
        "MinRadius",
        "black-box",
        "rescaled"
    ],
    "Total Samples": 10,
    "Valid Samples": 10,
    "Invalid Samples": 0,
    "Total Misbehaviors": 5,
    "MisbehaviorPerSample": 0.5,
    "Features": {
        "segment_count": {
            "meta": {
                "name": "segment_count",
                "min-value": 0.0,
                "max-value": 8.0,
                "num-cells": 9
            },
            "stats": {
                "mean": 5.1,
                "stdev": 0.7378647873726218,
                "median": 5.0
            }
        },
        "min_radius": {
            "meta": {
                "name": "min_radius",
                "min-value": 12.0,
                "max-value": 109.0,
                "num-cells": 25
            },
            "stats": {
                "mean": 19.1,
                "stdev": 6.314885412877876,
                "median": 16.0
            }
        }
    },
    "Reports": [
        {
            "Features": [
                "segment_count",
                "min_radius"
            ],
            "Sample Count": 10,
            "Outlier Count": 0,
            "Total Cells": 225,
            "Filled Cells": 7,
            "Mapped Misbehaviors": 3,
            "Misbehavior Relative Density": 0.42857142857142855,
            "Misbehavior Density": 0.013333333333333334,
            "Filled Cells Density": 0.03111111111111111,
            "Collisions": 1,
            "Misbehavior Collisions": 1,
            "Collision Ratio": 0.42857142857142855,
            "Misbehavior Collision Ratio": 0.6666666666666666,
            "Coverage Sparseness": 4.5,
            "Misbehavior Sparseness": 1.5,
            "Avg Sample Distance": 3.142857142857143,
            "Avg Misbehavior Distance": 1.3333333333333333
        }
    ]
}