{
    "Tool": "DeepJanusBeamNG",
    "Run ID": "005",
    "Tags": [
        "MeanLateralPosition",
        "MinRadius",
        "black-box",
        "rescaled"
    ],
    "Total Samples": 9,
    "Valid Samples": 9,
    "Invalid Samples": 0,
    "Total Misbehaviors": 4,
    "MisbehaviorPerSample": 0.4444444444444444,
    "Features": {
        "mean_lateral_position": {
            "meta": {
                "name": "mean_lateral_position",
                "min-value": 140.0,
                "max-value": 199.0,
                "num-cells": 25
            },
            "stats": {
                "mean": 169.11111111111111,
                "stdev": 8.37323779138698,
                "median": 172
            }
        },
        "min_radius": {
            "meta": {
                "name": "min_radius",
                "min-value": 12.0,
                "max-value": 109.0,
                "num-cells": 25
            },
            "stats": {
                "mean": 17.77777777777778,
                "stdev": 4.603742438977711,
                "median": 16
            }
        }
    },
    "Reports": [
        {
            "Features": [
                "mean_lateral_position",
                "min_radius"
            ],
            "Sample Count": 9,
            "Outlier Count": 0,
            "Total Cells": 625,
            "Filled Cells": 9,
            "Mapped Misbehaviors": 4,
            "Misbehavior Relative Density": 0.4444444444444444,
            "Misbehavior Density": 0.0064,
            "Filled Cells Density": 0.0144,
            "Collisions": 0,
            "Misbehavior Collisions": 0,
            "Collision Ratio": 0.0,
            "Misbehavior Collision Ratio": 0.0,
            "Coverage Sparseness": 6.75,
            "Misbehavior Sparseness": 6.333333333333333,
            "Avg Sample Distance": 5.333333333333333,
            "Avg Misbehavior Distance": 5.833333333333333
        }
    ]
}