{
    "Tool": "DeepHyperionBeamNG",
    "Run ID": "004",
    "Tags": [
        "MeanLateralPosition",
        "SegmentCount",
        "black-box",
        "rescaled"
    ],
    "Total Samples": 1160,
    "Valid Samples": 1160,
    "Invalid Samples": 0,
    "Total Misbehaviors": 120,
    "MisbehaviorPerSample": 0.10344827586206896,
    "Features": {
        "mean_lateral_position": {
            "meta": {
                "name": "mean_lateral_position",
                "min-value": 140.0,
                "max-value": 199.0,
                "num-cells": 25
            },
            "stats": {
                "mean": 171.10862068965517,
                "stdev": 4.734933764134021,
                "median": 172.0
            }
        },
        "segment_count": {
            "meta": {
                "name": "segment_count",
                "min-value": 0.0,
                "max-value": 8.0,
                "num-cells": 9
            },
            "stats": {
                "mean": 2.450862068965517,
                "stdev": 1.031513433602471,
                "median": 2.0
            }
        }
    },
    "Reports": [
        {
            "Features": [
                "mean_lateral_position",
                "segment_count"
            ],
            "Sample Count": 1160,
            "Outlier Count": 0,
            "Total Cells": 225,
            "Filled Cells": 55,
            "Mapped Misbehaviors": 24,
            "Misbehavior Relative Density": 0.43636363636363634,
            "Misbehavior Density": 0.10666666666666667,
            "Filled Cells Density": 0.24444444444444444,
            "Collisions": 48,
            "Misbehavior Collisions": 17,
            "Collision Ratio": 20.09090909090909,
            "Misbehavior Collision Ratio": 4.0,
            "Coverage Sparseness": 7.277777777777778,
            "Misbehavior Sparseness": 6.304347826086956,
            "Avg Sample Distance": 5.3023569023569035,
            "Avg Misbehavior Distance": 4.300724637681155
        }
    ]
}