{
    "Tool": "DeepHyperionBeamNG",
    "Run ID": "010",
    "Tags": [
        "SegmentCount",
        "MinRadius",
        "black-box",
        "rescaled"
    ],
    "Total Samples": 1163,
    "Valid Samples": 1163,
    "Invalid Samples": 0,
    "Total Misbehaviors": 89,
    "MisbehaviorPerSample": 0.0765262252794497,
    "Features": {
        "segment_count": {
            "meta": {
                "name": "segment_count",
                "min-value": 0.0,
                "max-value": 8.0,
                "num-cells": 9
            },
            "stats": {
                "mean": 2.6655202063628547,
                "stdev": 0.9856488991462697,
                "median": 3
            }
        },
        "min_radius": {
            "meta": {
                "name": "min_radius",
                "min-value": 12.0,
                "max-value": 109.0,
                "num-cells": 25
            },
            "stats": {
                "mean": 24.66122098022356,
                "stdev": 10.118681325199267,
                "median": 23
            }
        }
    },
    "Reports": [
        {
            "Features": [
                "segment_count",
                "min_radius"
            ],
            "Sample Count": 1163,
            "Outlier Count": 0,
            "Total Cells": 225,
            "Filled Cells": 59,
            "Mapped Misbehaviors": 8,
            "Misbehavior Relative Density": 0.13559322033898305,
            "Misbehavior Density": 0.035555555555555556,
            "Filled Cells Density": 0.26222222222222225,
            "Collisions": 51,
            "Misbehavior Collisions": 8,
            "Collision Ratio": 18.71186440677966,
            "Misbehavior Collision Ratio": 10.125,
            "Coverage Sparseness": 15.206896551724139,
            "Misbehavior Sparseness": 2.7142857142857144,
            "Avg Sample Distance": 7.081239041496202,
            "Avg Misbehavior Distance": 1.9999999999999993
        }
    ]
}