{
    "Tool": "DeepHyperionBeamNG",
    "Run ID": "007",
    "Tags": [
        "MeanLateralPosition",
        "SegmentCount",
        "black-box",
        "rescaled"
    ],
    "Total Samples": 1204,
    "Valid Samples": 1204,
    "Invalid Samples": 0,
    "Total Misbehaviors": 211,
    "MisbehaviorPerSample": 0.17524916943521596,
    "Features": {
        "mean_lateral_position": {
            "meta": {
                "name": "mean_lateral_position",
                "min-value": 140.0,
                "max-value": 199.0,
                "num-cells": 25
            },
            "stats": {
                "mean": 170.68272425249168,
                "stdev": 4.659726521899751,
                "median": 171.0
            }
        },
        "segment_count": {
            "meta": {
                "name": "segment_count",
                "min-value": 0.0,
                "max-value": 8.0,
                "num-cells": 9
            },
            "stats": {
                "mean": 2.5024916943521593,
                "stdev": 1.1080422870192708,
                "median": 3.0
            }
        }
    },
    "Reports": [
        {
            "Features": [
                "mean_lateral_position",
                "segment_count"
            ],
            "Sample Count": 1204,
            "Outlier Count": 0,
            "Total Cells": 225,
            "Filled Cells": 58,
            "Mapped Misbehaviors": 40,
            "Misbehavior Relative Density": 0.6896551724137931,
            "Misbehavior Density": 0.17777777777777778,
            "Filled Cells Density": 0.2577777777777778,
            "Collisions": 49,
            "Misbehavior Collisions": 31,
            "Collision Ratio": 19.75862068965517,
            "Misbehavior Collision Ratio": 4.275,
            "Coverage Sparseness": 7.9298245614035086,
            "Misbehavior Sparseness": 7.589743589743589,
            "Avg Sample Distance": 5.326678765880215,
            "Avg Misbehavior Distance": 4.985897435897438
        }
    ]
}