{
    "Tool": "DeepHyperionBeamNG",
    "Run ID": "004",
    "Tags": [
        "SegmentCount",
        "SDSteeringAngle",
        "black-box",
        "rescaled"
    ],
    "Total Samples": 1169,
    "Valid Samples": 1169,
    "Invalid Samples": 0,
    "Total Misbehaviors": 226,
    "MisbehaviorPerSample": 0.19332763045337895,
    "Features": {
        "segment_count": {
            "meta": {
                "name": "segment_count",
                "min-value": 0.0,
                "max-value": 8.0,
                "num-cells": 9
            },
            "stats": {
                "mean": 2.4003421727972625,
                "stdev": 1.1808401434831772,
                "median": 2
            }
        },
        "sd_steering": {
            "meta": {
                "name": "sd_steering",
                "min-value": 0.0,
                "max-value": 170.0,
                "num-cells": 25
            },
            "stats": {
                "mean": 100.1633875106929,
                "stdev": 21.835111243945942,
                "median": 100
            }
        }
    },
    "Reports": [
        {
            "Features": [
                "segment_count",
                "sd_steering"
            ],
            "Sample Count": 1169,
            "Outlier Count": 0,
            "Total Cells": 225,
            "Filled Cells": 79,
            "Mapped Misbehaviors": 44,
            "Misbehavior Relative Density": 0.5569620253164557,
            "Misbehavior Density": 0.19555555555555557,
            "Filled Cells Density": 0.3511111111111111,
            "Collisions": 70,
            "Misbehavior Collisions": 32,
            "Collision Ratio": 13.79746835443038,
            "Misbehavior Collision Ratio": 4.136363636363637,
            "Coverage Sparseness": 11.26923076923077,
            "Misbehavior Sparseness": 7.976744186046512,
            "Avg Sample Distance": 6.762090230444668,
            "Avg Misbehavior Distance": 5.279069767441861
        }
    ]
}