{
    "Tool": "DeepJanusBeamNG",
    "Run ID": "003",
    "Tags": [
        "MeanLateralPosition",
        "SegmentCount",
        "black-box",
        "rescaled"
    ],
    "Total Samples": 10,
    "Valid Samples": 10,
    "Invalid Samples": 0,
    "Total Misbehaviors": 5,
    "MisbehaviorPerSample": 0.5,
    "Features": {
        "mean_lateral_position": {
            "meta": {
                "name": "mean_lateral_position",
                "min-value": 140.0,
                "max-value": 199.0,
                "num-cells": 25
            },
            "stats": {
                "mean": 170.7,
                "stdev": 5.696977756280567,
                "median": 172.0
            }
        },
        "segment_count": {
            "meta": {
                "name": "segment_count",
                "min-value": 0.0,
                "max-value": 8.0,
                "num-cells": 9
            },
            "stats": {
                "mean": 4.8,
                "stdev": 0.9189365834726815,
                "median": 5.0
            }
        }
    },
    "Reports": [
        {
            "Features": [
                "mean_lateral_position",
                "segment_count"
            ],
            "Sample Count": 10,
            "Outlier Count": 0,
            "Total Cells": 225,
            "Filled Cells": 9,
            "Mapped Misbehaviors": 5,
            "Misbehavior Relative Density": 0.5555555555555556,
            "Misbehavior Density": 0.022222222222222223,
            "Filled Cells Density": 0.04,
            "Collisions": 1,
            "Misbehavior Collisions": 0,
            "Collision Ratio": 0.1111111111111111,
            "Misbehavior Collision Ratio": 0.0,
            "Coverage Sparseness": 4.25,
            "Misbehavior Sparseness": 5.0,
            "Avg Sample Distance": 3.9999999999999987,
            "Avg Misbehavior Distance": 4.6000000000000005
        }
    ]
}