{
    "Tool": "DeepJanusBeamNG",
    "Run ID": "008",
    "Tags": [
        "MeanLateralPosition",
        "MinRadius",
        "black-box",
        "rescaled"
    ],
    "Total Samples": 7,
    "Valid Samples": 7,
    "Invalid Samples": 0,
    "Total Misbehaviors": 4,
    "MisbehaviorPerSample": 0.5714285714285714,
    "Features": {
        "mean_lateral_position": {
            "meta": {
                "name": "mean_lateral_position",
                "min-value": 140.0,
                "max-value": 199.0,
                "num-cells": 25
            },
            "stats": {
                "mean": 168.57142857142858,
                "stdev": 4.197504927816954,
                "median": 169
            }
        },
        "min_radius": {
            "meta": {
                "name": "min_radius",
                "min-value": 12.0,
                "max-value": 109.0,
                "num-cells": 25
            },
            "stats": {
                "mean": 16.857142857142858,
                "stdev": 4.099941927579439,
                "median": 15
            }
        }
    },
    "Reports": [
        {
            "Features": [
                "mean_lateral_position",
                "min_radius"
            ],
            "Sample Count": 7,
            "Outlier Count": 0,
            "Total Cells": 625,
            "Filled Cells": 6,
            "Mapped Misbehaviors": 3,
            "Misbehavior Relative Density": 0.5,
            "Misbehavior Density": 0.0048,
            "Filled Cells Density": 0.0096,
            "Collisions": 1,
            "Misbehavior Collisions": 1,
            "Collision Ratio": 0.16666666666666666,
            "Misbehavior Collision Ratio": 0.3333333333333333,
            "Coverage Sparseness": 6.0,
            "Misbehavior Sparseness": 2.0,
            "Avg Sample Distance": 3.8666666666666667,
            "Avg Misbehavior Distance": 2.0
        }
    ]
}