{
    "Tool": "DeepHyperionBeamNG",
    "Run ID": "005",
    "Tags": [
        "MeanLateralPosition",
        "SegmentCount",
        "black-box",
        "rescaled"
    ],
    "Total Samples": 1170,
    "Valid Samples": 1170,
    "Invalid Samples": 0,
    "Total Misbehaviors": 134,
    "MisbehaviorPerSample": 0.11452991452991453,
    "Features": {
        "mean_lateral_position": {
            "meta": {
                "name": "mean_lateral_position",
                "min-value": 140.0,
                "max-value": 199.0,
                "num-cells": 25
            },
            "stats": {
                "mean": 170.2068376068376,
                "stdev": 4.351134803666679,
                "median": 170.0
            }
        },
        "segment_count": {
            "meta": {
                "name": "segment_count",
                "min-value": 0.0,
                "max-value": 8.0,
                "num-cells": 9
            },
            "stats": {
                "mean": 2.6538461538461537,
                "stdev": 1.1338208763123723,
                "median": 3.0
            }
        }
    },
    "Reports": [
        {
            "Features": [
                "mean_lateral_position",
                "segment_count"
            ],
            "Sample Count": 1170,
            "Outlier Count": 0,
            "Total Cells": 225,
            "Filled Cells": 48,
            "Mapped Misbehaviors": 33,
            "Misbehavior Relative Density": 0.6875,
            "Misbehavior Density": 0.14666666666666667,
            "Filled Cells Density": 0.21333333333333335,
            "Collisions": 46,
            "Misbehavior Collisions": 26,
            "Collision Ratio": 23.375,
            "Misbehavior Collision Ratio": 3.0606060606060606,
            "Coverage Sparseness": 6.914893617021277,
            "Misbehavior Sparseness": 6.5625,
            "Avg Sample Distance": 4.772163120567381,
            "Avg Misbehavior Distance": 4.257575757575759
        }
    ]
}