{
    "Tool": "DeepHyperionBeamNG",
    "Run ID": "009",
    "Tags": [
        "SegmentCount",
        "SDSteeringAngle",
        "black-box",
        "rescaled"
    ],
    "Total Samples": 1202,
    "Valid Samples": 1202,
    "Invalid Samples": 0,
    "Total Misbehaviors": 186,
    "MisbehaviorPerSample": 0.15474209650582363,
    "Features": {
        "segment_count": {
            "meta": {
                "name": "segment_count",
                "min-value": 0.0,
                "max-value": 8.0,
                "num-cells": 9
            },
            "stats": {
                "mean": 2.7828618968386025,
                "stdev": 1.021144871466317,
                "median": 3.0
            }
        },
        "sd_steering": {
            "meta": {
                "name": "sd_steering",
                "min-value": 0.0,
                "max-value": 170.0,
                "num-cells": 25
            },
            "stats": {
                "mean": 102.51580698835275,
                "stdev": 17.792779824349715,
                "median": 103.0
            }
        }
    },
    "Reports": [
        {
            "Features": [
                "segment_count",
                "sd_steering"
            ],
            "Sample Count": 1202,
            "Outlier Count": 0,
            "Total Cells": 225,
            "Filled Cells": 72,
            "Mapped Misbehaviors": 38,
            "Misbehavior Relative Density": 0.5277777777777778,
            "Misbehavior Density": 0.1688888888888889,
            "Filled Cells Density": 0.32,
            "Collisions": 66,
            "Misbehavior Collisions": 27,
            "Collision Ratio": 15.694444444444445,
            "Misbehavior Collision Ratio": 3.8947368421052633,
            "Coverage Sparseness": 11.338028169014084,
            "Misbehavior Sparseness": 8.35135135135135,
            "Avg Sample Distance": 6.34780907668233,
            "Avg Misbehavior Distance": 4.782361308677099
        }
    ]
}