{
    "Tool": "DeepJanusBeamNG",
    "Run ID": "009",
    "Tags": [
        "MeanLateralPosition",
        "SegmentCount",
        "black-box",
        "rescaled"
    ],
    "Total Samples": 10,
    "Valid Samples": 10,
    "Invalid Samples": 0,
    "Total Misbehaviors": 5,
    "MisbehaviorPerSample": 0.5,
    "Features": {
        "mean_lateral_position": {
            "meta": {
                "name": "mean_lateral_position",
                "min-value": 140.0,
                "max-value": 199.0,
                "num-cells": 25
            },
            "stats": {
                "mean": 168.1,
                "stdev": 4.701063709417263,
                "median": 168.0
            }
        },
        "segment_count": {
            "meta": {
                "name": "segment_count",
                "min-value": 0.0,
                "max-value": 8.0,
                "num-cells": 9
            },
            "stats": {
                "mean": 5.1,
                "stdev": 0.7378647873726218,
                "median": 5.0
            }
        }
    },
    "Reports": [
        {
            "Features": [
                "mean_lateral_position",
                "segment_count"
            ],
            "Sample Count": 10,
            "Outlier Count": 0,
            "Total Cells": 225,
            "Filled Cells": 8,
            "Mapped Misbehaviors": 5,
            "Misbehavior Relative Density": 0.625,
            "Misbehavior Density": 0.022222222222222223,
            "Filled Cells Density": 0.035555555555555556,
            "Collisions": 2,
            "Misbehavior Collisions": 0,
            "Collision Ratio": 0.25,
            "Misbehavior Collision Ratio": 0.0,
            "Coverage Sparseness": 4.0,
            "Misbehavior Sparseness": 4.25,
            "Avg Sample Distance": 3.357142857142857,
            "Avg Misbehavior Distance": 4.2
        }
    ]
}