{
    "Tool": "DeepHyperionBeamNG",
    "Run ID": "008",
    "Tags": [
        "MeanLateralPosition",
        "MinRadius",
        "black-box",
        "rescaled"
    ],
    "Total Samples": 1183,
    "Valid Samples": 1183,
    "Invalid Samples": 0,
    "Total Misbehaviors": 191,
    "MisbehaviorPerSample": 0.1614539306846999,
    "Features": {
        "mean_lateral_position": {
            "meta": {
                "name": "mean_lateral_position",
                "min-value": 140.0,
                "max-value": 199.0,
                "num-cells": 25
            },
            "stats": {
                "mean": 171.42265426880812,
                "stdev": 5.787163640304131,
                "median": 171
            }
        },
        "min_radius": {
            "meta": {
                "name": "min_radius",
                "min-value": 12.0,
                "max-value": 109.0,
                "num-cells": 25
            },
            "stats": {
                "mean": 22.229078613694,
                "stdev": 7.869650827188511,
                "median": 20
            }
        }
    },
    "Reports": [
        {
            "Features": [
                "mean_lateral_position",
                "min_radius"
            ],
            "Sample Count": 1183,
            "Outlier Count": 0,
            "Total Cells": 625,
            "Filled Cells": 76,
            "Mapped Misbehaviors": 19,
            "Misbehavior Relative Density": 0.25,
            "Misbehavior Density": 0.0304,
            "Filled Cells Density": 0.1216,
            "Collisions": 72,
            "Misbehavior Collisions": 17,
            "Collision Ratio": 14.56578947368421,
            "Misbehavior Collision Ratio": 9.052631578947368,
            "Coverage Sparseness": 10.053333333333333,
            "Misbehavior Sparseness": 5.666666666666667,
            "Avg Sample Distance": 6.598245614035092,
            "Avg Misbehavior Distance": 4.116959064327487
        }
    ]
}