{
    "Tool": "DeepJanusBeamNG",
    "Run ID": "008",
    "Tags": [
        "MeanLateralPosition",
        "SDSteeringAngle",
        "black-box",
        "rescaled"
    ],
    "Total Samples": 7,
    "Valid Samples": 7,
    "Invalid Samples": 0,
    "Total Misbehaviors": 4,
    "MisbehaviorPerSample": 0.5714285714285714,
    "Features": {
        "mean_lateral_position": {
            "meta": {
                "name": "mean_lateral_position",
                "min-value": 140.0,
                "max-value": 199.0,
                "num-cells": 25
            },
            "stats": {
                "mean": 168.57142857142858,
                "stdev": 4.197504927816954,
                "median": 169
            }
        },
        "sd_steering": {
            "meta": {
                "name": "sd_steering",
                "min-value": 0.0,
                "max-value": 170.0,
                "num-cells": 25
            },
            "stats": {
                "mean": 114,
                "stdev": 18.610033136277146,
                "median": 115
            }
        }
    },
    "Reports": [
        {
            "Features": [
                "mean_lateral_position",
                "sd_steering"
            ],
            "Sample Count": 7,
            "Outlier Count": 0,
            "Total Cells": 625,
            "Filled Cells": 7,
            "Mapped Misbehaviors": 4,
            "Misbehavior Relative Density": 0.5714285714285714,
            "Misbehavior Density": 0.0064,
            "Filled Cells Density": 0.0112,
            "Collisions": 0,
            "Misbehavior Collisions": 0,
            "Collision Ratio": 0.0,
            "Misbehavior Collision Ratio": 0.0,
            "Coverage Sparseness": 8.833333333333334,
            "Misbehavior Sparseness": 5.666666666666667,
            "Avg Sample Distance": 5.619047619047618,
            "Avg Misbehavior Distance": 4.5
        }
    ]
}