{
    "Tool": "DeepHyperionBeamNG",
    "Run ID": "008",
    "Tags": [
        "MeanLateralPosition",
        "SegmentCount",
        "black-box",
        "rescaled"
    ],
    "Total Samples": 1227,
    "Valid Samples": 1227,
    "Invalid Samples": 0,
    "Total Misbehaviors": 220,
    "MisbehaviorPerSample": 0.17929910350448247,
    "Features": {
        "mean_lateral_position": {
            "meta": {
                "name": "mean_lateral_position",
                "min-value": 140.0,
                "max-value": 199.0,
                "num-cells": 25
            },
            "stats": {
                "mean": 169.64058679706602,
                "stdev": 5.8608454685692495,
                "median": 171
            }
        },
        "segment_count": {
            "meta": {
                "name": "segment_count",
                "min-value": 0.0,
                "max-value": 8.0,
                "num-cells": 9
            },
            "stats": {
                "mean": 2.0399348003259985,
                "stdev": 1.0427420225533812,
                "median": 2
            }
        }
    },
    "Reports": [
        {
            "Features": [
                "mean_lateral_position",
                "segment_count"
            ],
            "Sample Count": 1227,
            "Outlier Count": 0,
            "Total Cells": 225,
            "Filled Cells": 55,
            "Mapped Misbehaviors": 30,
            "Misbehavior Relative Density": 0.5454545454545454,
            "Misbehavior Density": 0.13333333333333333,
            "Filled Cells Density": 0.24444444444444444,
            "Collisions": 49,
            "Misbehavior Collisions": 21,
            "Collision Ratio": 21.30909090909091,
            "Misbehavior Collision Ratio": 6.333333333333333,
            "Coverage Sparseness": 14.444444444444445,
            "Misbehavior Sparseness": 6.482758620689655,
            "Avg Sample Distance": 5.5138047138047135,
            "Avg Misbehavior Distance": 4.128735632183911
        }
    ]
}