{
    "Tool": "DeepJanusBeamNG",
    "Run ID": "004",
    "Tags": [
        "SegmentCount",
        "MinRadius",
        "black-box",
        "rescaled"
    ],
    "Total Samples": 9,
    "Valid Samples": 9,
    "Invalid Samples": 0,
    "Total Misbehaviors": 6,
    "MisbehaviorPerSample": 0.6666666666666666,
    "Features": {
        "segment_count": {
            "meta": {
                "name": "segment_count",
                "min-value": 0.0,
                "max-value": 8.0,
                "num-cells": 9
            },
            "stats": {
                "mean": 4.444444444444445,
                "stdev": 1.2360330811826103,
                "median": 4
            }
        },
        "min_radius": {
            "meta": {
                "name": "min_radius",
                "min-value": 12.0,
                "max-value": 109.0,
                "num-cells": 25
            },
            "stats": {
                "mean": 16.11111111111111,
                "stdev": 2.891558595482912,
                "median": 15
            }
        }
    },
    "Reports": [
        {
            "Features": [
                "segment_count",
                "min_radius"
            ],
            "Sample Count": 9,
            "Outlier Count": 0,
            "Total Cells": 225,
            "Filled Cells": 6,
            "Mapped Misbehaviors": 3,
            "Misbehavior Relative Density": 0.5,
            "Misbehavior Density": 0.013333333333333334,
            "Filled Cells Density": 0.02666666666666667,
            "Collisions": 1,
            "Misbehavior Collisions": 1,
            "Collision Ratio": 0.5,
            "Misbehavior Collision Ratio": 1.0,
            "Coverage Sparseness": 3.6,
            "Misbehavior Sparseness": 2.0,
            "Avg Sample Distance": 2.6666666666666665,
            "Avg Misbehavior Distance": 2.0
        }
    ]
}