{
    "Tool": "DeepJanusBeamNG",
    "Run ID": "001",
    "Tags": [
        "MeanLateralPosition",
        "SDSteeringAngle",
        "black-box",
        "rescaled"
    ],
    "Total Samples": 11,
    "Valid Samples": 11,
    "Invalid Samples": 0,
    "Total Misbehaviors": 7,
    "MisbehaviorPerSample": 0.6363636363636364,
    "Features": {
        "mean_lateral_position": {
            "meta": {
                "name": "mean_lateral_position",
                "min-value": 140.0,
                "max-value": 199.0,
                "num-cells": 25
            },
            "stats": {
                "mean": 166.36363636363637,
                "stdev": 5.766675424761259,
                "median": 168
            }
        },
        "sd_steering": {
            "meta": {
                "name": "sd_steering",
                "min-value": 0.0,
                "max-value": 170.0,
                "num-cells": 25
            },
            "stats": {
                "mean": 112.63636363636364,
                "stdev": 16.00170445466812,
                "median": 109
            }
        }
    },
    "Reports": [
        {
            "Features": [
                "mean_lateral_position",
                "sd_steering"
            ],
            "Sample Count": 11,
            "Outlier Count": 0,
            "Total Cells": 625,
            "Filled Cells": 11,
            "Mapped Misbehaviors": 7,
            "Misbehavior Relative Density": 0.6363636363636364,
            "Misbehavior Density": 0.0112,
            "Filled Cells Density": 0.0176,
            "Collisions": 0,
            "Misbehavior Collisions": 0,
            "Collision Ratio": 0.0,
            "Misbehavior Collision Ratio": 0.0,
            "Coverage Sparseness": 6.4,
            "Misbehavior Sparseness": 7.0,
            "Avg Sample Distance": 5.01818181818182,
            "Avg Misbehavior Distance": 6.19047619047619
        }
    ]
}