{
    "Tool": "DeepHyperionBeamNG",
    "Run ID": "010",
    "Tags": [
        "SegmentCount",
        "SDSteeringAngle",
        "black-box",
        "rescaled"
    ],
    "Total Samples": 1179,
    "Valid Samples": 1179,
    "Invalid Samples": 0,
    "Total Misbehaviors": 160,
    "MisbehaviorPerSample": 0.13570822731128074,
    "Features": {
        "segment_count": {
            "meta": {
                "name": "segment_count",
                "min-value": 0.0,
                "max-value": 8.0,
                "num-cells": 9
            },
            "stats": {
                "mean": 2.776081424936387,
                "stdev": 1.119697652080252,
                "median": 3
            }
        },
        "sd_steering": {
            "meta": {
                "name": "sd_steering",
                "min-value": 0.0,
                "max-value": 170.0,
                "num-cells": 25
            },
            "stats": {
                "mean": 96.83545377438507,
                "stdev": 24.355636107770163,
                "median": 96
            }
        }
    },
    "Reports": [
        {
            "Features": [
                "segment_count",
                "sd_steering"
            ],
            "Sample Count": 1179,
            "Outlier Count": 0,
            "Total Cells": 225,
            "Filled Cells": 87,
            "Mapped Misbehaviors": 44,
            "Misbehavior Relative Density": 0.5057471264367817,
            "Misbehavior Density": 0.19555555555555557,
            "Filled Cells Density": 0.38666666666666666,
            "Collisions": 74,
            "Misbehavior Collisions": 33,
            "Collision Ratio": 12.551724137931034,
            "Misbehavior Collision Ratio": 2.6363636363636362,
            "Coverage Sparseness": 12.848837209302326,
            "Misbehavior Sparseness": 10.511627906976743,
            "Avg Sample Distance": 7.142475273990911,
            "Avg Misbehavior Distance": 5.533826638477797
        }
    ]
}