{
    "Tool": "DeepHyperionBeamNG",
    "Run ID": "007",
    "Tags": [
        "SegmentCount",
        "SDSteeringAngle",
        "black-box",
        "rescaled"
    ],
    "Total Samples": 1195,
    "Valid Samples": 1195,
    "Invalid Samples": 0,
    "Total Misbehaviors": 178,
    "MisbehaviorPerSample": 0.1489539748953975,
    "Features": {
        "segment_count": {
            "meta": {
                "name": "segment_count",
                "min-value": 0.0,
                "max-value": 8.0,
                "num-cells": 9
            },
            "stats": {
                "mean": 2.697907949790795,
                "stdev": 1.0530106673517194,
                "median": 3
            }
        },
        "sd_steering": {
            "meta": {
                "name": "sd_steering",
                "min-value": 0.0,
                "max-value": 170.0,
                "num-cells": 25
            },
            "stats": {
                "mean": 101.65941422594142,
                "stdev": 25.557115422819304,
                "median": 102
            }
        }
    },
    "Reports": [
        {
            "Features": [
                "segment_count",
                "sd_steering"
            ],
            "Sample Count": 1195,
            "Outlier Count": 0,
            "Total Cells": 225,
            "Filled Cells": 86,
            "Mapped Misbehaviors": 38,
            "Misbehavior Relative Density": 0.4418604651162791,
            "Misbehavior Density": 0.1688888888888889,
            "Filled Cells Density": 0.38222222222222224,
            "Collisions": 77,
            "Misbehavior Collisions": 31,
            "Collision Ratio": 12.895348837209303,
            "Misbehavior Collision Ratio": 3.6842105263157894,
            "Coverage Sparseness": 14.329411764705883,
            "Misbehavior Sparseness": 9.594594594594595,
            "Avg Sample Distance": 7.276607387140907,
            "Avg Misbehavior Distance": 5.435277382645803
        }
    ]
}