{
    "Tool": "DeepHyperionBeamNG",
    "Run ID": "002",
    "Tags": [
        "MeanLateralPosition",
        "SegmentCount",
        "black-box",
        "rescaled"
    ],
    "Total Samples": 1151,
    "Valid Samples": 1151,
    "Invalid Samples": 0,
    "Total Misbehaviors": 202,
    "MisbehaviorPerSample": 0.17549956559513466,
    "Features": {
        "mean_lateral_position": {
            "meta": {
                "name": "mean_lateral_position",
                "min-value": 140.0,
                "max-value": 199.0,
                "num-cells": 25
            },
            "stats": {
                "mean": 169.8045178105995,
                "stdev": 4.7404839697325425,
                "median": 170
            }
        },
        "segment_count": {
            "meta": {
                "name": "segment_count",
                "min-value": 0.0,
                "max-value": 8.0,
                "num-cells": 9
            },
            "stats": {
                "mean": 3.0842745438748915,
                "stdev": 1.4514836095898376,
                "median": 3
            }
        }
    },
    "Reports": [
        {
            "Features": [
                "mean_lateral_position",
                "segment_count"
            ],
            "Sample Count": 1151,
            "Outlier Count": 0,
            "Total Cells": 225,
            "Filled Cells": 59,
            "Mapped Misbehaviors": 41,
            "Misbehavior Relative Density": 0.6949152542372882,
            "Misbehavior Density": 0.18222222222222223,
            "Filled Cells Density": 0.26222222222222225,
            "Collisions": 54,
            "Misbehavior Collisions": 34,
            "Collision Ratio": 18.508474576271187,
            "Misbehavior Collision Ratio": 3.926829268292683,
            "Coverage Sparseness": 7.0344827586206895,
            "Misbehavior Sparseness": 7.3,
            "Avg Sample Distance": 5.1864406779660985,
            "Avg Misbehavior Distance": 4.900000000000002
        }
    ]
}