{
    "Tool": "DeepJanusBeamNG",
    "Run ID": "002",
    "Tags": [
        "MeanLateralPosition",
        "MinRadius",
        "black-box",
        "rescaled"
    ],
    "Total Samples": 8,
    "Valid Samples": 8,
    "Invalid Samples": 0,
    "Total Misbehaviors": 4,
    "MisbehaviorPerSample": 0.5,
    "Features": {
        "mean_lateral_position": {
            "meta": {
                "name": "mean_lateral_position",
                "min-value": 140.0,
                "max-value": 199.0,
                "num-cells": 25
            },
            "stats": {
                "mean": 169.75,
                "stdev": 3.9188190640986296,
                "median": 170.0
            }
        },
        "min_radius": {
            "meta": {
                "name": "min_radius",
                "min-value": 12.0,
                "max-value": 109.0,
                "num-cells": 25
            },
            "stats": {
                "mean": 15.75,
                "stdev": 2.3145502494313788,
                "median": 15.5
            }
        }
    },
    "Reports": [
        {
            "Features": [
                "mean_lateral_position",
                "min_radius"
            ],
            "Sample Count": 8,
            "Outlier Count": 0,
            "Total Cells": 625,
            "Filled Cells": 6,
            "Mapped Misbehaviors": 3,
            "Misbehavior Relative Density": 0.5,
            "Misbehavior Density": 0.0048,
            "Filled Cells Density": 0.0096,
            "Collisions": 1,
            "Misbehavior Collisions": 1,
            "Collision Ratio": 0.3333333333333333,
            "Misbehavior Collision Ratio": 0.3333333333333333,
            "Coverage Sparseness": 4.2,
            "Misbehavior Sparseness": 4.0,
            "Avg Sample Distance": 2.8666666666666667,
            "Avg Misbehavior Distance": 3.3333333333333335
        }
    ]
}