{
    "Tool": "DeepJanusBeamNG",
    "Run ID": "001",
    "Tags": [
        "SegmentCount",
        "SDSteeringAngle",
        "black-box",
        "rescaled"
    ],
    "Total Samples": 11,
    "Valid Samples": 11,
    "Invalid Samples": 0,
    "Total Misbehaviors": 7,
    "MisbehaviorPerSample": 0.6363636363636364,
    "Features": {
        "segment_count": {
            "meta": {
                "name": "segment_count",
                "min-value": 0.0,
                "max-value": 8.0,
                "num-cells": 9
            },
            "stats": {
                "mean": 4.181818181818182,
                "stdev": 1.0787197799411874,
                "median": 4
            }
        },
        "sd_steering": {
            "meta": {
                "name": "sd_steering",
                "min-value": 0.0,
                "max-value": 170.0,
                "num-cells": 25
            },
            "stats": {
                "mean": 112.63636363636364,
                "stdev": 16.00170445466812,
                "median": 109
            }
        }
    },
    "Reports": [
        {
            "Features": [
                "segment_count",
                "sd_steering"
            ],
            "Sample Count": 11,
            "Outlier Count": 0,
            "Total Cells": 225,
            "Filled Cells": 9,
            "Mapped Misbehaviors": 6,
            "Misbehavior Relative Density": 0.6666666666666666,
            "Misbehavior Density": 0.02666666666666667,
            "Filled Cells Density": 0.04,
            "Collisions": 2,
            "Misbehavior Collisions": 1,
            "Collision Ratio": 0.2222222222222222,
            "Misbehavior Collision Ratio": 0.16666666666666666,
            "Coverage Sparseness": 6.375,
            "Misbehavior Sparseness": 6.8,
            "Avg Sample Distance": 4.166666666666668,
            "Avg Misbehavior Distance": 4.666666666666667
        }
    ]
}