{
    "Tool": "DeepJanusBeamNG",
    "Run ID": "003",
    "Tags": [
        "MeanLateralPosition",
        "MinRadius",
        "black-box",
        "rescaled"
    ],
    "Total Samples": 10,
    "Valid Samples": 10,
    "Invalid Samples": 0,
    "Total Misbehaviors": 5,
    "MisbehaviorPerSample": 0.5,
    "Features": {
        "mean_lateral_position": {
            "meta": {
                "name": "mean_lateral_position",
                "min-value": 140.0,
                "max-value": 199.0,
                "num-cells": 25
            },
            "stats": {
                "mean": 170.7,
                "stdev": 5.696977756280567,
                "median": 172.0
            }
        },
        "min_radius": {
            "meta": {
                "name": "min_radius",
                "min-value": 12.0,
                "max-value": 109.0,
                "num-cells": 25
            },
            "stats": {
                "mean": 16.7,
                "stdev": 2.1628170930011112,
                "median": 16.5
            }
        }
    },
    "Reports": [
        {
            "Features": [
                "mean_lateral_position",
                "min_radius"
            ],
            "Sample Count": 10,
            "Outlier Count": 0,
            "Total Cells": 625,
            "Filled Cells": 10,
            "Mapped Misbehaviors": 5,
            "Misbehavior Relative Density": 0.5,
            "Misbehavior Density": 0.008,
            "Filled Cells Density": 0.016,
            "Collisions": 0,
            "Misbehavior Collisions": 0,
            "Collision Ratio": 0.0,
            "Misbehavior Collision Ratio": 0.0,
            "Coverage Sparseness": 4.0,
            "Misbehavior Sparseness": 4.0,
            "Avg Sample Distance": 3.4666666666666677,
            "Avg Misbehavior Distance": 3.2
        }
    ]
}