{
    "Tool": "DeepJanusBeamNG",
    "Run ID": "008",
    "Tags": [
        "SegmentCount",
        "SDSteeringAngle",
        "black-box",
        "rescaled"
    ],
    "Total Samples": 7,
    "Valid Samples": 7,
    "Invalid Samples": 0,
    "Total Misbehaviors": 4,
    "MisbehaviorPerSample": 0.5714285714285714,
    "Features": {
        "segment_count": {
            "meta": {
                "name": "segment_count",
                "min-value": 0.0,
                "max-value": 8.0,
                "num-cells": 9
            },
            "stats": {
                "mean": 5.714285714285714,
                "stdev": 0.7559289460184544,
                "median": 6
            }
        },
        "sd_steering": {
            "meta": {
                "name": "sd_steering",
                "min-value": 0.0,
                "max-value": 170.0,
                "num-cells": 25
            },
            "stats": {
                "mean": 114,
                "stdev": 18.610033136277146,
                "median": 115
            }
        }
    },
    "Reports": [
        {
            "Features": [
                "segment_count",
                "sd_steering"
            ],
            "Sample Count": 7,
            "Outlier Count": 0,
            "Total Cells": 225,
            "Filled Cells": 7,
            "Mapped Misbehaviors": 4,
            "Misbehavior Relative Density": 0.5714285714285714,
            "Misbehavior Density": 0.017777777777777778,
            "Filled Cells Density": 0.03111111111111111,
            "Collisions": 0,
            "Misbehavior Collisions": 0,
            "Collision Ratio": 0.0,
            "Misbehavior Collision Ratio": 0.0,
            "Coverage Sparseness": 4.833333333333333,
            "Misbehavior Sparseness": 4.333333333333333,
            "Avg Sample Distance": 4.095238095238096,
            "Avg Misbehavior Distance": 3.6666666666666665
        }
    ]
}