{
    "Tool": "DeepHyperionBeamNG",
    "Run ID": "008",
    "Tags": [
        "SegmentCount",
        "SDSteeringAngle",
        "black-box",
        "rescaled"
    ],
    "Total Samples": 1159,
    "Valid Samples": 1159,
    "Invalid Samples": 0,
    "Total Misbehaviors": 120,
    "MisbehaviorPerSample": 0.10353753235547886,
    "Features": {
        "segment_count": {
            "meta": {
                "name": "segment_count",
                "min-value": 0.0,
                "max-value": 8.0,
                "num-cells": 9
            },
            "stats": {
                "mean": 2.7394305435720447,
                "stdev": 1.044480527253811,
                "median": 3
            }
        },
        "sd_steering": {
            "meta": {
                "name": "sd_steering",
                "min-value": 0.0,
                "max-value": 170.0,
                "num-cells": 25
            },
            "stats": {
                "mean": 99.15358067299395,
                "stdev": 21.134013189790142,
                "median": 101
            }
        }
    },
    "Reports": [
        {
            "Features": [
                "segment_count",
                "sd_steering"
            ],
            "Sample Count": 1159,
            "Outlier Count": 0,
            "Total Cells": 225,
            "Filled Cells": 73,
            "Mapped Misbehaviors": 29,
            "Misbehavior Relative Density": 0.3972602739726027,
            "Misbehavior Density": 0.1288888888888889,
            "Filled Cells Density": 0.3244444444444444,
            "Collisions": 69,
            "Misbehavior Collisions": 24,
            "Collision Ratio": 14.876712328767123,
            "Misbehavior Collision Ratio": 3.1379310344827585,
            "Coverage Sparseness": 11.5,
            "Misbehavior Sparseness": 7.035714285714286,
            "Avg Sample Distance": 6.417047184170477,
            "Avg Misbehavior Distance": 4.477832512315275
        }
    ]
}