{
    "Tool": "DeepJanusBeamNG",
    "Run ID": "001",
    "Tags": [
        "SegmentCount",
        "MinRadius",
        "black-box",
        "rescaled"
    ],
    "Total Samples": 11,
    "Valid Samples": 11,
    "Invalid Samples": 0,
    "Total Misbehaviors": 7,
    "MisbehaviorPerSample": 0.6363636363636364,
    "Features": {
        "segment_count": {
            "meta": {
                "name": "segment_count",
                "min-value": 0.0,
                "max-value": 8.0,
                "num-cells": 9
            },
            "stats": {
                "mean": 4.181818181818182,
                "stdev": 1.0787197799411874,
                "median": 4
            }
        },
        "min_radius": {
            "meta": {
                "name": "min_radius",
                "min-value": 12.0,
                "max-value": 109.0,
                "num-cells": 25
            },
            "stats": {
                "mean": 15.363636363636363,
                "stdev": 1.3618169680781094,
                "median": 15
            }
        }
    },
    "Reports": [
        {
            "Features": [
                "segment_count",
                "min_radius"
            ],
            "Sample Count": 11,
            "Outlier Count": 0,
            "Total Cells": 225,
            "Filled Cells": 6,
            "Mapped Misbehaviors": 4,
            "Misbehavior Relative Density": 0.6666666666666666,
            "Misbehavior Density": 0.017777777777777778,
            "Filled Cells Density": 0.02666666666666667,
            "Collisions": 2,
            "Misbehavior Collisions": 2,
            "Collision Ratio": 0.8333333333333334,
            "Misbehavior Collision Ratio": 0.75,
            "Coverage Sparseness": 2.8,
            "Misbehavior Sparseness": 2.3333333333333335,
            "Avg Sample Distance": 2.2666666666666666,
            "Avg Misbehavior Distance": 2.1666666666666665
        }
    ]
}