{
    "Tool": "DeepHyperionBeamNG",
    "Run ID": "009",
    "Tags": [
        "MeanLateralPosition",
        "SegmentCount",
        "black-box",
        "rescaled"
    ],
    "Total Samples": 1300,
    "Valid Samples": 1300,
    "Invalid Samples": 0,
    "Total Misbehaviors": 360,
    "MisbehaviorPerSample": 0.27692307692307694,
    "Features": {
        "mean_lateral_position": {
            "meta": {
                "name": "mean_lateral_position",
                "min-value": 140.0,
                "max-value": 199.0,
                "num-cells": 25
            },
            "stats": {
                "mean": 170.64461538461538,
                "stdev": 7.074214107638934,
                "median": 171.0
            }
        },
        "segment_count": {
            "meta": {
                "name": "segment_count",
                "min-value": 0.0,
                "max-value": 8.0,
                "num-cells": 9
            },
            "stats": {
                "mean": 2.120769230769231,
                "stdev": 1.1856335397193734,
                "median": 2.0
            }
        }
    },
    "Reports": [
        {
            "Features": [
                "mean_lateral_position",
                "segment_count"
            ],
            "Sample Count": 1300,
            "Outlier Count": 0,
            "Total Cells": 225,
            "Filled Cells": 70,
            "Mapped Misbehaviors": 42,
            "Misbehavior Relative Density": 0.6,
            "Misbehavior Density": 0.18666666666666668,
            "Filled Cells Density": 0.3111111111111111,
            "Collisions": 60,
            "Misbehavior Collisions": 33,
            "Collision Ratio": 17.571428571428573,
            "Misbehavior Collision Ratio": 7.571428571428571,
            "Coverage Sparseness": 8.753623188405797,
            "Misbehavior Sparseness": 8.024390243902438,
            "Avg Sample Distance": 6.0207039337474235,
            "Avg Misbehavior Distance": 5.464576074332177
        }
    ]
}