{
    "Tool": "DeepHyperionBeamNG",
    "Run ID": "008",
    "Tags": [
        "MeanLateralPosition",
        "SDSteeringAngle",
        "black-box",
        "rescaled"
    ],
    "Total Samples": 1175,
    "Valid Samples": 1175,
    "Invalid Samples": 0,
    "Total Misbehaviors": 169,
    "MisbehaviorPerSample": 0.14382978723404255,
    "Features": {
        "mean_lateral_position": {
            "meta": {
                "name": "mean_lateral_position",
                "min-value": 140.0,
                "max-value": 199.0,
                "num-cells": 25
            },
            "stats": {
                "mean": 168.83489361702127,
                "stdev": 5.302595661657031,
                "median": 169
            }
        },
        "sd_steering": {
            "meta": {
                "name": "sd_steering",
                "min-value": 0.0,
                "max-value": 170.0,
                "num-cells": 25
            },
            "stats": {
                "mean": 98.73617021276596,
                "stdev": 20.117334960164396,
                "median": 100
            }
        }
    },
    "Reports": [
        {
            "Features": [
                "mean_lateral_position",
                "sd_steering"
            ],
            "Sample Count": 1175,
            "Outlier Count": 0,
            "Total Cells": 625,
            "Filled Cells": 114,
            "Mapped Misbehaviors": 45,
            "Misbehavior Relative Density": 0.39473684210526316,
            "Misbehavior Density": 0.072,
            "Filled Cells Density": 0.1824,
            "Collisions": 99,
            "Misbehavior Collisions": 30,
            "Collision Ratio": 9.307017543859649,
            "Misbehavior Collision Ratio": 2.7555555555555555,
            "Coverage Sparseness": 12.575221238938052,
            "Misbehavior Sparseness": 10.681818181818182,
            "Avg Sample Distance": 7.464368886818822,
            "Avg Misbehavior Distance": 5.6666666666666705
        }
    ]
}