{
    "Tool": "DeepHyperionBeamNG",
    "Run ID": "002",
    "Tags": [
        "MeanLateralPosition",
        "MinRadius",
        "black-box",
        "rescaled"
    ],
    "Total Samples": 1202,
    "Valid Samples": 1202,
    "Invalid Samples": 0,
    "Total Misbehaviors": 225,
    "MisbehaviorPerSample": 0.18718801996672213,
    "Features": {
        "mean_lateral_position": {
            "meta": {
                "name": "mean_lateral_position",
                "min-value": 140.0,
                "max-value": 199.0,
                "num-cells": 25
            },
            "stats": {
                "mean": 168.90599001663892,
                "stdev": 5.017735146945889,
                "median": 170.0
            }
        },
        "min_radius": {
            "meta": {
                "name": "min_radius",
                "min-value": 12.0,
                "max-value": 109.0,
                "num-cells": 25
            },
            "stats": {
                "mean": 22.267886855241265,
                "stdev": 6.197266488856089,
                "median": 21.0
            }
        }
    },
    "Reports": [
        {
            "Features": [
                "mean_lateral_position",
                "min_radius"
            ],
            "Sample Count": 1202,
            "Outlier Count": 0,
            "Total Cells": 625,
            "Filled Cells": 63,
            "Mapped Misbehaviors": 22,
            "Misbehavior Relative Density": 0.3492063492063492,
            "Misbehavior Density": 0.0352,
            "Filled Cells Density": 0.1008,
            "Collisions": 58,
            "Misbehavior Collisions": 20,
            "Collision Ratio": 18.07936507936508,
            "Misbehavior Collision Ratio": 9.227272727272727,
            "Coverage Sparseness": 16.5,
            "Misbehavior Sparseness": 5.904761904761905,
            "Avg Sample Distance": 6.416794674859196,
            "Avg Misbehavior Distance": 4.225108225108226
        }
    ]
}