{
    "Tool": "DeepJanusBeamNG",
    "Run ID": "004",
    "Tags": [
        "MeanLateralPosition",
        "MinRadius",
        "black-box",
        "rescaled"
    ],
    "Total Samples": 9,
    "Valid Samples": 9,
    "Invalid Samples": 0,
    "Total Misbehaviors": 6,
    "MisbehaviorPerSample": 0.6666666666666666,
    "Features": {
        "mean_lateral_position": {
            "meta": {
                "name": "mean_lateral_position",
                "min-value": 140.0,
                "max-value": 199.0,
                "num-cells": 25
            },
            "stats": {
                "mean": 168.11111111111111,
                "stdev": 6.333333333333334,
                "median": 169
            }
        },
        "min_radius": {
            "meta": {
                "name": "min_radius",
                "min-value": 12.0,
                "max-value": 109.0,
                "num-cells": 25
            },
            "stats": {
                "mean": 16.11111111111111,
                "stdev": 2.891558595482912,
                "median": 15
            }
        }
    },
    "Reports": [
        {
            "Features": [
                "mean_lateral_position",
                "min_radius"
            ],
            "Sample Count": 9,
            "Outlier Count": 0,
            "Total Cells": 625,
            "Filled Cells": 7,
            "Mapped Misbehaviors": 4,
            "Misbehavior Relative Density": 0.5714285714285714,
            "Misbehavior Density": 0.0064,
            "Filled Cells Density": 0.0112,
            "Collisions": 1,
            "Misbehavior Collisions": 1,
            "Collision Ratio": 0.2857142857142857,
            "Misbehavior Collision Ratio": 0.5,
            "Coverage Sparseness": 4.666666666666667,
            "Misbehavior Sparseness": 4.333333333333333,
            "Avg Sample Distance": 3.9999999999999996,
            "Avg Misbehavior Distance": 3.5
        }
    ]
}