{
    "Tool": "DeepHyperionBeamNG",
    "Run ID": "008",
    "Tags": [
        "SegmentCount",
        "MinRadius",
        "black-box",
        "rescaled"
    ],
    "Total Samples": 1196,
    "Valid Samples": 1196,
    "Invalid Samples": 0,
    "Total Misbehaviors": 197,
    "MisbehaviorPerSample": 0.16471571906354515,
    "Features": {
        "segment_count": {
            "meta": {
                "name": "segment_count",
                "min-value": 0.0,
                "max-value": 8.0,
                "num-cells": 9
            },
            "stats": {
                "mean": 2.297658862876254,
                "stdev": 1.1962400805816544,
                "median": 2.0
            }
        },
        "min_radius": {
            "meta": {
                "name": "min_radius",
                "min-value": 12.0,
                "max-value": 109.0,
                "num-cells": 25
            },
            "stats": {
                "mean": 20.867892976588628,
                "stdev": 5.2786082141106245,
                "median": 20.0
            }
        }
    },
    "Reports": [
        {
            "Features": [
                "segment_count",
                "min_radius"
            ],
            "Sample Count": 1196,
            "Outlier Count": 0,
            "Total Cells": 225,
            "Filled Cells": 35,
            "Mapped Misbehaviors": 12,
            "Misbehavior Relative Density": 0.34285714285714286,
            "Misbehavior Density": 0.05333333333333334,
            "Filled Cells Density": 0.15555555555555556,
            "Collisions": 35,
            "Misbehavior Collisions": 12,
            "Collision Ratio": 33.17142857142857,
            "Misbehavior Collision Ratio": 15.416666666666666,
            "Coverage Sparseness": 7.5,
            "Misbehavior Sparseness": 4.181818181818182,
            "Avg Sample Distance": 4.557983193277312,
            "Avg Misbehavior Distance": 2.818181818181819
        }
    ]
}