{
    "Tool": "DeepJanusBeamNG",
    "Run ID": "009",
    "Tags": [
        "MeanLateralPosition",
        "SDSteeringAngle",
        "black-box",
        "rescaled"
    ],
    "Total Samples": 10,
    "Valid Samples": 10,
    "Invalid Samples": 0,
    "Total Misbehaviors": 5,
    "MisbehaviorPerSample": 0.5,
    "Features": {
        "mean_lateral_position": {
            "meta": {
                "name": "mean_lateral_position",
                "min-value": 140.0,
                "max-value": 199.0,
                "num-cells": 25
            },
            "stats": {
                "mean": 168.1,
                "stdev": 4.701063709417263,
                "median": 168.0
            }
        },
        "sd_steering": {
            "meta": {
                "name": "sd_steering",
                "min-value": 0.0,
                "max-value": 170.0,
                "num-cells": 25
            },
            "stats": {
                "mean": 104.8,
                "stdev": 20.681714951457323,
                "median": 103.5
            }
        }
    },
    "Reports": [
        {
            "Features": [
                "mean_lateral_position",
                "sd_steering"
            ],
            "Sample Count": 10,
            "Outlier Count": 0,
            "Total Cells": 625,
            "Filled Cells": 9,
            "Mapped Misbehaviors": 5,
            "Misbehavior Relative Density": 0.5555555555555556,
            "Misbehavior Density": 0.008,
            "Filled Cells Density": 0.0144,
            "Collisions": 1,
            "Misbehavior Collisions": 0,
            "Collision Ratio": 0.1111111111111111,
            "Misbehavior Collision Ratio": 0.0,
            "Coverage Sparseness": 6.875,
            "Misbehavior Sparseness": 7.75,
            "Avg Sample Distance": 5.833333333333334,
            "Avg Misbehavior Distance": 7.200000000000001
        }
    ]
}