{
    "Tool": "DeepHyperionBeamNG",
    "Run ID": "007",
    "Tags": [
        "SegmentCount",
        "MinRadius",
        "black-box",
        "rescaled"
    ],
    "Total Samples": 1161,
    "Valid Samples": 1161,
    "Invalid Samples": 0,
    "Total Misbehaviors": 120,
    "MisbehaviorPerSample": 0.10335917312661498,
    "Features": {
        "segment_count": {
            "meta": {
                "name": "segment_count",
                "min-value": 0.0,
                "max-value": 8.0,
                "num-cells": 9
            },
            "stats": {
                "mean": 2.730404823428079,
                "stdev": 1.162123765492102,
                "median": 3
            }
        },
        "min_radius": {
            "meta": {
                "name": "min_radius",
                "min-value": 12.0,
                "max-value": 109.0,
                "num-cells": 25
            },
            "stats": {
                "mean": 23.347975882859604,
                "stdev": 7.562237042639766,
                "median": 22
            }
        }
    },
    "Reports": [
        {
            "Features": [
                "segment_count",
                "min_radius"
            ],
            "Sample Count": 1161,
            "Outlier Count": 0,
            "Total Cells": 225,
            "Filled Cells": 55,
            "Mapped Misbehaviors": 12,
            "Misbehavior Relative Density": 0.21818181818181817,
            "Misbehavior Density": 0.05333333333333334,
            "Filled Cells Density": 0.24444444444444444,
            "Collisions": 48,
            "Misbehavior Collisions": 10,
            "Collision Ratio": 20.10909090909091,
            "Misbehavior Collision Ratio": 9.0,
            "Coverage Sparseness": 11.425925925925926,
            "Misbehavior Sparseness": 3.727272727272727,
            "Avg Sample Distance": 6.122558922558925,
            "Avg Misbehavior Distance": 2.7424242424242427
        }
    ]
}