{
    "Tool": "DeepJanusBeamNG",
    "Run ID": "007",
    "Tags": [
        "SegmentCount",
        "SDSteeringAngle",
        "black-box",
        "rescaled"
    ],
    "Total Samples": 8,
    "Valid Samples": 8,
    "Invalid Samples": 0,
    "Total Misbehaviors": 5,
    "MisbehaviorPerSample": 0.625,
    "Features": {
        "segment_count": {
            "meta": {
                "name": "segment_count",
                "min-value": 0.0,
                "max-value": 8.0,
                "num-cells": 9
            },
            "stats": {
                "mean": 5,
                "stdev": 0.9258200997725514,
                "median": 5.0
            }
        },
        "sd_steering": {
            "meta": {
                "name": "sd_steering",
                "min-value": 0.0,
                "max-value": 170.0,
                "num-cells": 25
            },
            "stats": {
                "mean": 110.875,
                "stdev": 23.594415198758977,
                "median": 109.5
            }
        }
    },
    "Reports": [
        {
            "Features": [
                "segment_count",
                "sd_steering"
            ],
            "Sample Count": 8,
            "Outlier Count": 0,
            "Total Cells": 225,
            "Filled Cells": 7,
            "Mapped Misbehaviors": 5,
            "Misbehavior Relative Density": 0.7142857142857143,
            "Misbehavior Density": 0.022222222222222223,
            "Filled Cells Density": 0.03111111111111111,
            "Collisions": 1,
            "Misbehavior Collisions": 0,
            "Collision Ratio": 0.14285714285714285,
            "Misbehavior Collision Ratio": 0.0,
            "Coverage Sparseness": 6.666666666666667,
            "Misbehavior Sparseness": 7.0,
            "Avg Sample Distance": 4.952380952380953,
            "Avg Misbehavior Distance": 5.199999999999999
        }
    ]
}