{
    "Tool": "DeepJanusBeamNG",
    "Run ID": "003",
    "Tags": [
        "SegmentCount",
        "SDSteeringAngle",
        "black-box",
        "rescaled"
    ],
    "Total Samples": 10,
    "Valid Samples": 10,
    "Invalid Samples": 0,
    "Total Misbehaviors": 5,
    "MisbehaviorPerSample": 0.5,
    "Features": {
        "segment_count": {
            "meta": {
                "name": "segment_count",
                "min-value": 0.0,
                "max-value": 8.0,
                "num-cells": 9
            },
            "stats": {
                "mean": 4.8,
                "stdev": 0.9189365834726815,
                "median": 5.0
            }
        },
        "sd_steering": {
            "meta": {
                "name": "sd_steering",
                "min-value": 0.0,
                "max-value": 170.0,
                "num-cells": 25
            },
            "stats": {
                "mean": 115.7,
                "stdev": 14.032106042928838,
                "median": 116.5
            }
        }
    },
    "Reports": [
        {
            "Features": [
                "segment_count",
                "sd_steering"
            ],
            "Sample Count": 10,
            "Outlier Count": 0,
            "Total Cells": 225,
            "Filled Cells": 8,
            "Mapped Misbehaviors": 5,
            "Misbehavior Relative Density": 0.625,
            "Misbehavior Density": 0.022222222222222223,
            "Filled Cells Density": 0.035555555555555556,
            "Collisions": 2,
            "Misbehavior Collisions": 0,
            "Collision Ratio": 0.25,
            "Misbehavior Collision Ratio": 0.0,
            "Coverage Sparseness": 4.714285714285714,
            "Misbehavior Sparseness": 3.25,
            "Avg Sample Distance": 3.6785714285714284,
            "Avg Misbehavior Distance": 3.2
        }
    ]
}