{
    "Tool": "DeepJanusBeamNG",
    "Run ID": "002",
    "Tags": [
        "SegmentCount",
        "SDSteeringAngle",
        "black-box",
        "rescaled"
    ],
    "Total Samples": 8,
    "Valid Samples": 8,
    "Invalid Samples": 0,
    "Total Misbehaviors": 4,
    "MisbehaviorPerSample": 0.5,
    "Features": {
        "segment_count": {
            "meta": {
                "name": "segment_count",
                "min-value": 0.0,
                "max-value": 8.0,
                "num-cells": 9
            },
            "stats": {
                "mean": 5.25,
                "stdev": 1.0350983390135313,
                "median": 6.0
            }
        },
        "sd_steering": {
            "meta": {
                "name": "sd_steering",
                "min-value": 0.0,
                "max-value": 170.0,
                "num-cells": 25
            },
            "stats": {
                "mean": 111.75,
                "stdev": 19.174015154444234,
                "median": 115.5
            }
        }
    },
    "Reports": [
        {
            "Features": [
                "segment_count",
                "sd_steering"
            ],
            "Sample Count": 8,
            "Outlier Count": 0,
            "Total Cells": 225,
            "Filled Cells": 6,
            "Mapped Misbehaviors": 3,
            "Misbehavior Relative Density": 0.5,
            "Misbehavior Density": 0.013333333333333334,
            "Filled Cells Density": 0.02666666666666667,
            "Collisions": 2,
            "Misbehavior Collisions": 1,
            "Collision Ratio": 0.3333333333333333,
            "Misbehavior Collision Ratio": 0.3333333333333333,
            "Coverage Sparseness": 5.6,
            "Misbehavior Sparseness": 6.0,
            "Avg Sample Distance": 4.666666666666667,
            "Avg Misbehavior Distance": 5.333333333333333
        }
    ]
}