{
    "Tool": "DeepHyperionBeamNG",
    "Run ID": "004",
    "Tags": [
        "SegmentCount",
        "MinRadius",
        "black-box",
        "rescaled"
    ],
    "Total Samples": 1199,
    "Valid Samples": 1199,
    "Invalid Samples": 0,
    "Total Misbehaviors": 196,
    "MisbehaviorPerSample": 0.1634695579649708,
    "Features": {
        "segment_count": {
            "meta": {
                "name": "segment_count",
                "min-value": 0.0,
                "max-value": 8.0,
                "num-cells": 9
            },
            "stats": {
                "mean": 2.9724770642201834,
                "stdev": 1.1807059598132887,
                "median": 3
            }
        },
        "min_radius": {
            "meta": {
                "name": "min_radius",
                "min-value": 12.0,
                "max-value": 109.0,
                "num-cells": 25
            },
            "stats": {
                "mean": 24.64553794829024,
                "stdev": 9.378889449299942,
                "median": 22
            }
        }
    },
    "Reports": [
        {
            "Features": [
                "segment_count",
                "min_radius"
            ],
            "Sample Count": 1199,
            "Outlier Count": 0,
            "Total Cells": 225,
            "Filled Cells": 60,
            "Mapped Misbehaviors": 11,
            "Misbehavior Relative Density": 0.18333333333333332,
            "Misbehavior Density": 0.04888888888888889,
            "Filled Cells Density": 0.26666666666666666,
            "Collisions": 52,
            "Misbehavior Collisions": 10,
            "Collision Ratio": 18.983333333333334,
            "Misbehavior Collision Ratio": 16.818181818181817,
            "Coverage Sparseness": 11.203389830508474,
            "Misbehavior Sparseness": 3.5,
            "Avg Sample Distance": 6.068926553672316,
            "Avg Misbehavior Distance": 2.545454545454546
        }
    ]
}