{
    "Tool": "DeepJanusBeamNG",
    "Run ID": "006",
    "Tags": [
        "SegmentCount",
        "SDSteeringAngle",
        "black-box",
        "rescaled"
    ],
    "Total Samples": 9,
    "Valid Samples": 9,
    "Invalid Samples": 0,
    "Total Misbehaviors": 6,
    "MisbehaviorPerSample": 0.6666666666666666,
    "Features": {
        "segment_count": {
            "meta": {
                "name": "segment_count",
                "min-value": 0.0,
                "max-value": 8.0,
                "num-cells": 9
            },
            "stats": {
                "mean": 4.666666666666667,
                "stdev": 1.118033988749895,
                "median": 5
            }
        },
        "sd_steering": {
            "meta": {
                "name": "sd_steering",
                "min-value": 0.0,
                "max-value": 170.0,
                "num-cells": 25
            },
            "stats": {
                "mean": 115.66666666666667,
                "stdev": 20.18662923818635,
                "median": 117
            }
        }
    },
    "Reports": [
        {
            "Features": [
                "segment_count",
                "sd_steering"
            ],
            "Sample Count": 9,
            "Outlier Count": 0,
            "Total Cells": 225,
            "Filled Cells": 8,
            "Mapped Misbehaviors": 6,
            "Misbehavior Relative Density": 0.75,
            "Misbehavior Density": 0.02666666666666667,
            "Filled Cells Density": 0.035555555555555556,
            "Collisions": 1,
            "Misbehavior Collisions": 0,
            "Collision Ratio": 0.125,
            "Misbehavior Collision Ratio": 0.0,
            "Coverage Sparseness": 7.0,
            "Misbehavior Sparseness": 6.2,
            "Avg Sample Distance": 4.67857142857143,
            "Avg Misbehavior Distance": 3.8
        }
    ]
}