{
    "Tool": "DeepJanusBeamNG",
    "Run ID": "009",
    "Tags": [
        "MeanLateralPosition",
        "MinRadius",
        "black-box",
        "rescaled"
    ],
    "Total Samples": 10,
    "Valid Samples": 10,
    "Invalid Samples": 0,
    "Total Misbehaviors": 5,
    "MisbehaviorPerSample": 0.5,
    "Features": {
        "mean_lateral_position": {
            "meta": {
                "name": "mean_lateral_position",
                "min-value": 140.0,
                "max-value": 199.0,
                "num-cells": 25
            },
            "stats": {
                "mean": 168.1,
                "stdev": 4.701063709417263,
                "median": 168.0
            }
        },
        "min_radius": {
            "meta": {
                "name": "min_radius",
                "min-value": 12.0,
                "max-value": 109.0,
                "num-cells": 25
            },
            "stats": {
                "mean": 19.1,
                "stdev": 6.314885412877876,
                "median": 16.0
            }
        }
    },
    "Reports": [
        {
            "Features": [
                "mean_lateral_position",
                "min_radius"
            ],
            "Sample Count": 10,
            "Outlier Count": 0,
            "Total Cells": 625,
            "Filled Cells": 9,
            "Mapped Misbehaviors": 5,
            "Misbehavior Relative Density": 0.5555555555555556,
            "Misbehavior Density": 0.008,
            "Filled Cells Density": 0.0144,
            "Collisions": 1,
            "Misbehavior Collisions": 0,
            "Collision Ratio": 0.1111111111111111,
            "Misbehavior Collision Ratio": 0.0,
            "Coverage Sparseness": 5.625,
            "Misbehavior Sparseness": 3.75,
            "Avg Sample Distance": 4.166666666666668,
            "Avg Misbehavior Distance": 3.4
        }
    ]
}