{
    "Tool": "DeepJanusBeamNG",
    "Run ID": "006",
    "Tags": [
        "MeanLateralPosition",
        "MinRadius",
        "black-box",
        "rescaled"
    ],
    "Total Samples": 9,
    "Valid Samples": 9,
    "Invalid Samples": 0,
    "Total Misbehaviors": 6,
    "MisbehaviorPerSample": 0.6666666666666666,
    "Features": {
        "mean_lateral_position": {
            "meta": {
                "name": "mean_lateral_position",
                "min-value": 140.0,
                "max-value": 199.0,
                "num-cells": 25
            },
            "stats": {
                "mean": 168.44444444444446,
                "stdev": 5.126185499743233,
                "median": 168
            }
        },
        "min_radius": {
            "meta": {
                "name": "min_radius",
                "min-value": 12.0,
                "max-value": 109.0,
                "num-cells": 25
            },
            "stats": {
                "mean": 17.11111111111111,
                "stdev": 5.011098792790969,
                "median": 15
            }
        }
    },
    "Reports": [
        {
            "Features": [
                "mean_lateral_position",
                "min_radius"
            ],
            "Sample Count": 9,
            "Outlier Count": 0,
            "Total Cells": 625,
            "Filled Cells": 7,
            "Mapped Misbehaviors": 5,
            "Misbehavior Relative Density": 0.7142857142857143,
            "Misbehavior Density": 0.008,
            "Filled Cells Density": 0.0112,
            "Collisions": 2,
            "Misbehavior Collisions": 1,
            "Collision Ratio": 0.2857142857142857,
            "Misbehavior Collision Ratio": 0.2,
            "Coverage Sparseness": 8.333333333333334,
            "Misbehavior Sparseness": 2.5,
            "Avg Sample Distance": 4.285714285714286,
            "Avg Misbehavior Distance": 2.0000000000000004
        }
    ]
}