{
    "Tool": "DeepHyperionBeamNG",
    "Run ID": "001",
    "Tags": [
        "MeanLateralPosition",
        "SegmentCount",
        "black-box",
        "rescaled"
    ],
    "Total Samples": 1169,
    "Valid Samples": 1169,
    "Invalid Samples": 0,
    "Total Misbehaviors": 134,
    "MisbehaviorPerSample": 0.1146278870829769,
    "Features": {
        "mean_lateral_position": {
            "meta": {
                "name": "mean_lateral_position",
                "min-value": 140.0,
                "max-value": 199.0,
                "num-cells": 25
            },
            "stats": {
                "mean": 170.66980325064156,
                "stdev": 4.770642246504474,
                "median": 170
            }
        },
        "segment_count": {
            "meta": {
                "name": "segment_count",
                "min-value": 0.0,
                "max-value": 8.0,
                "num-cells": 9
            },
            "stats": {
                "mean": 2.74508126603935,
                "stdev": 1.0228695773795078,
                "median": 3
            }
        }
    },
    "Reports": [
        {
            "Features": [
                "mean_lateral_position",
                "segment_count"
            ],
            "Sample Count": 1169,
            "Outlier Count": 0,
            "Total Cells": 225,
            "Filled Cells": 50,
            "Mapped Misbehaviors": 25,
            "Misbehavior Relative Density": 0.5,
            "Misbehavior Density": 0.1111111111111111,
            "Filled Cells Density": 0.2222222222222222,
            "Collisions": 43,
            "Misbehavior Collisions": 20,
            "Collision Ratio": 22.38,
            "Misbehavior Collision Ratio": 4.36,
            "Coverage Sparseness": 6.571428571428571,
            "Misbehavior Sparseness": 5.5,
            "Avg Sample Distance": 4.80816326530612,
            "Avg Misbehavior Distance": 3.6199999999999997
        }
    ]
}