{
    "Tool": "DeepHyperionBeamNG",
    "Run ID": "009",
    "Tags": [
        "MeanLateralPosition",
        "MinRadius",
        "black-box",
        "rescaled"
    ],
    "Total Samples": 1186,
    "Valid Samples": 1186,
    "Invalid Samples": 0,
    "Total Misbehaviors": 184,
    "MisbehaviorPerSample": 0.1551433389544688,
    "Features": {
        "mean_lateral_position": {
            "meta": {
                "name": "mean_lateral_position",
                "min-value": 140.0,
                "max-value": 199.0,
                "num-cells": 25
            },
            "stats": {
                "mean": 169.09612141652613,
                "stdev": 5.062732385332919,
                "median": 169.0
            }
        },
        "min_radius": {
            "meta": {
                "name": "min_radius",
                "min-value": 12.0,
                "max-value": 109.0,
                "num-cells": 25
            },
            "stats": {
                "mean": 20.865935919055648,
                "stdev": 5.280142228228379,
                "median": 20.0
            }
        }
    },
    "Reports": [
        {
            "Features": [
                "mean_lateral_position",
                "min_radius"
            ],
            "Sample Count": 1186,
            "Outlier Count": 0,
            "Total Cells": 625,
            "Filled Cells": 56,
            "Mapped Misbehaviors": 19,
            "Misbehavior Relative Density": 0.3392857142857143,
            "Misbehavior Density": 0.0304,
            "Filled Cells Density": 0.0896,
            "Collisions": 51,
            "Misbehavior Collisions": 16,
            "Collision Ratio": 20.178571428571427,
            "Misbehavior Collision Ratio": 8.68421052631579,
            "Coverage Sparseness": 9.4,
            "Misbehavior Sparseness": 6.611111111111111,
            "Avg Sample Distance": 5.995454545454545,
            "Avg Misbehavior Distance": 4.245614035087723
        }
    ]
}