{
    "Tool": "DeepHyperionBeamNG",
    "Run ID": "006",
    "Tags": [
        "MeanLateralPosition",
        "SegmentCount",
        "black-box",
        "rescaled"
    ],
    "Total Samples": 1259,
    "Valid Samples": 1259,
    "Invalid Samples": 0,
    "Total Misbehaviors": 361,
    "MisbehaviorPerSample": 0.28673550436854645,
    "Features": {
        "mean_lateral_position": {
            "meta": {
                "name": "mean_lateral_position",
                "min-value": 140.0,
                "max-value": 199.0,
                "num-cells": 25
            },
            "stats": {
                "mean": 168.7100873709293,
                "stdev": 6.388158628281455,
                "median": 169
            }
        },
        "segment_count": {
            "meta": {
                "name": "segment_count",
                "min-value": 0.0,
                "max-value": 8.0,
                "num-cells": 9
            },
            "stats": {
                "mean": 2.163621922160445,
                "stdev": 1.0314197093714697,
                "median": 2
            }
        }
    },
    "Reports": [
        {
            "Features": [
                "mean_lateral_position",
                "segment_count"
            ],
            "Sample Count": 1259,
            "Outlier Count": 0,
            "Total Cells": 225,
            "Filled Cells": 56,
            "Mapped Misbehaviors": 31,
            "Misbehavior Relative Density": 0.5535714285714286,
            "Misbehavior Density": 0.13777777777777778,
            "Filled Cells Density": 0.24888888888888888,
            "Collisions": 52,
            "Misbehavior Collisions": 28,
            "Collision Ratio": 21.482142857142858,
            "Misbehavior Collision Ratio": 10.64516129032258,
            "Coverage Sparseness": 14.345454545454546,
            "Misbehavior Sparseness": 6.766666666666667,
            "Avg Sample Distance": 5.60714285714285,
            "Avg Misbehavior Distance": 4.559139784946234
        }
    ]
}