{
    "Tool": "DeepHyperionBeamNG",
    "Run ID": "003",
    "Tags": [
        "MeanLateralPosition",
        "SDSteeringAngle",
        "black-box",
        "rescaled"
    ],
    "Total Samples": 1176,
    "Valid Samples": 1176,
    "Invalid Samples": 0,
    "Total Misbehaviors": 179,
    "MisbehaviorPerSample": 0.1522108843537415,
    "Features": {
        "mean_lateral_position": {
            "meta": {
                "name": "mean_lateral_position",
                "min-value": 140.0,
                "max-value": 199.0,
                "num-cells": 25
            },
            "stats": {
                "mean": 170.68027210884352,
                "stdev": 4.619273435815414,
                "median": 171.0
            }
        },
        "sd_steering": {
            "meta": {
                "name": "sd_steering",
                "min-value": 0.0,
                "max-value": 170.0,
                "num-cells": 25
            },
            "stats": {
                "mean": 98.19642857142857,
                "stdev": 20.436546841590207,
                "median": 98.0
            }
        }
    },
    "Reports": [
        {
            "Features": [
                "mean_lateral_position",
                "sd_steering"
            ],
            "Sample Count": 1176,
            "Outlier Count": 0,
            "Total Cells": 625,
            "Filled Cells": 103,
            "Mapped Misbehaviors": 56,
            "Misbehavior Relative Density": 0.5436893203883495,
            "Misbehavior Density": 0.0896,
            "Filled Cells Density": 0.1648,
            "Collisions": 91,
            "Misbehavior Collisions": 39,
            "Collision Ratio": 10.41747572815534,
            "Misbehavior Collision Ratio": 2.1964285714285716,
            "Coverage Sparseness": 11.666666666666666,
            "Misbehavior Sparseness": 10.072727272727272,
            "Avg Sample Distance": 7.127736531505806,
            "Avg Misbehavior Distance": 6.18181818181818
        }
    ]
}