{
    "Tool": "DeepHyperionBeamNG",
    "Run ID": "001",
    "Tags": [
        "MeanLateralPosition",
        "MinRadius",
        "black-box",
        "rescaled"
    ],
    "Total Samples": 1146,
    "Valid Samples": 1146,
    "Invalid Samples": 0,
    "Total Misbehaviors": 80,
    "MisbehaviorPerSample": 0.06980802792321117,
    "Features": {
        "mean_lateral_position": {
            "meta": {
                "name": "mean_lateral_position",
                "min-value": 140.0,
                "max-value": 199.0,
                "num-cells": 25
            },
            "stats": {
                "mean": 170.62041884816753,
                "stdev": 4.527825875699897,
                "median": 170.0
            }
        },
        "min_radius": {
            "meta": {
                "name": "min_radius",
                "min-value": 12.0,
                "max-value": 109.0,
                "num-cells": 25
            },
            "stats": {
                "mean": 23.983420593368237,
                "stdev": 8.49724769163465,
                "median": 22.0
            }
        }
    },
    "Reports": [
        {
            "Features": [
                "mean_lateral_position",
                "min_radius"
            ],
            "Sample Count": 1146,
            "Outlier Count": 0,
            "Total Cells": 625,
            "Filled Cells": 72,
            "Mapped Misbehaviors": 11,
            "Misbehavior Relative Density": 0.1527777777777778,
            "Misbehavior Density": 0.0176,
            "Filled Cells Density": 0.1152,
            "Collisions": 66,
            "Misbehavior Collisions": 9,
            "Collision Ratio": 14.916666666666666,
            "Misbehavior Collision Ratio": 6.2727272727272725,
            "Coverage Sparseness": 11.71830985915493,
            "Misbehavior Sparseness": 4.7,
            "Avg Sample Distance": 6.797730829420967,
            "Avg Misbehavior Distance": 3.272727272727273
        }
    ]
}