{
    "Tool": "DeepJanusBeamNG",
    "Run ID": "002",
    "Tags": [
        "MeanLateralPosition",
        "SDSteeringAngle",
        "black-box",
        "rescaled"
    ],
    "Total Samples": 8,
    "Valid Samples": 8,
    "Invalid Samples": 0,
    "Total Misbehaviors": 4,
    "MisbehaviorPerSample": 0.5,
    "Features": {
        "mean_lateral_position": {
            "meta": {
                "name": "mean_lateral_position",
                "min-value": 140.0,
                "max-value": 199.0,
                "num-cells": 25
            },
            "stats": {
                "mean": 169.75,
                "stdev": 3.9188190640986296,
                "median": 170.0
            }
        },
        "sd_steering": {
            "meta": {
                "name": "sd_steering",
                "min-value": 0.0,
                "max-value": 170.0,
                "num-cells": 25
            },
            "stats": {
                "mean": 111.75,
                "stdev": 19.174015154444234,
                "median": 115.5
            }
        }
    },
    "Reports": [
        {
            "Features": [
                "mean_lateral_position",
                "sd_steering"
            ],
            "Sample Count": 8,
            "Outlier Count": 0,
            "Total Cells": 625,
            "Filled Cells": 6,
            "Mapped Misbehaviors": 3,
            "Misbehavior Relative Density": 0.5,
            "Misbehavior Density": 0.0048,
            "Filled Cells Density": 0.0096,
            "Collisions": 2,
            "Misbehavior Collisions": 1,
            "Collision Ratio": 0.3333333333333333,
            "Misbehavior Collision Ratio": 0.3333333333333333,
            "Coverage Sparseness": 9.0,
            "Misbehavior Sparseness": 8.0,
            "Avg Sample Distance": 5.666666666666666,
            "Avg Misbehavior Distance": 7.333333333333333
        }
    ]
}