{
    "Tool": "DeepJanusBeamNG",
    "Run ID": "001",
    "Tags": [
        "MeanLateralPosition",
        "MinRadius",
        "black-box",
        "rescaled"
    ],
    "Total Samples": 11,
    "Valid Samples": 11,
    "Invalid Samples": 0,
    "Total Misbehaviors": 7,
    "MisbehaviorPerSample": 0.6363636363636364,
    "Features": {
        "mean_lateral_position": {
            "meta": {
                "name": "mean_lateral_position",
                "min-value": 140.0,
                "max-value": 199.0,
                "num-cells": 25
            },
            "stats": {
                "mean": 166.36363636363637,
                "stdev": 5.766675424761259,
                "median": 168
            }
        },
        "min_radius": {
            "meta": {
                "name": "min_radius",
                "min-value": 12.0,
                "max-value": 109.0,
                "num-cells": 25
            },
            "stats": {
                "mean": 15.363636363636363,
                "stdev": 1.3618169680781094,
                "median": 15
            }
        }
    },
    "Reports": [
        {
            "Features": [
                "mean_lateral_position",
                "min_radius"
            ],
            "Sample Count": 11,
            "Outlier Count": 0,
            "Total Cells": 625,
            "Filled Cells": 7,
            "Mapped Misbehaviors": 6,
            "Misbehavior Relative Density": 0.8571428571428571,
            "Misbehavior Density": 0.0096,
            "Filled Cells Density": 0.0112,
            "Collisions": 3,
            "Misbehavior Collisions": 1,
            "Collision Ratio": 0.5714285714285714,
            "Misbehavior Collision Ratio": 0.16666666666666666,
            "Coverage Sparseness": 3.8333333333333335,
            "Misbehavior Sparseness": 4.0,
            "Avg Sample Distance": 3.6190476190476186,
            "Avg Misbehavior Distance": 3.866666666666666
        }
    ]
}