{
    "Tool": "DeepHyperionBeamNG",
    "Run ID": "001",
    "Tags": [
        "MeanLateralPosition",
        "SDSteeringAngle",
        "black-box",
        "rescaled"
    ],
    "Total Samples": 1199,
    "Valid Samples": 1199,
    "Invalid Samples": 0,
    "Total Misbehaviors": 205,
    "MisbehaviorPerSample": 0.17097581317764804,
    "Features": {
        "mean_lateral_position": {
            "meta": {
                "name": "mean_lateral_position",
                "min-value": 140.0,
                "max-value": 199.0,
                "num-cells": 25
            },
            "stats": {
                "mean": 169.09924937447875,
                "stdev": 5.305774512326825,
                "median": 170
            }
        },
        "sd_steering": {
            "meta": {
                "name": "sd_steering",
                "min-value": 0.0,
                "max-value": 170.0,
                "num-cells": 25
            },
            "stats": {
                "mean": 101.01751459549625,
                "stdev": 18.11576187214491,
                "median": 101
            }
        }
    },
    "Reports": [
        {
            "Features": [
                "mean_lateral_position",
                "sd_steering"
            ],
            "Sample Count": 1199,
            "Outlier Count": 0,
            "Total Cells": 625,
            "Filled Cells": 108,
            "Mapped Misbehaviors": 58,
            "Misbehavior Relative Density": 0.5370370370370371,
            "Misbehavior Density": 0.0928,
            "Filled Cells Density": 0.1728,
            "Collisions": 94,
            "Misbehavior Collisions": 44,
            "Collision Ratio": 10.101851851851851,
            "Misbehavior Collision Ratio": 2.5344827586206895,
            "Coverage Sparseness": 12.738317757009346,
            "Misbehavior Sparseness": 8.228070175438596,
            "Avg Sample Distance": 7.241952232606454,
            "Avg Misbehavior Distance": 5.546884452510585
        }
    ]
}