{
    "Tool": "DeepHyperionBeamNG",
    "Run ID": "001",
    "Tags": [
        "SegmentCount",
        "SDSteeringAngle",
        "black-box",
        "rescaled"
    ],
    "Total Samples": 1204,
    "Valid Samples": 1204,
    "Invalid Samples": 0,
    "Total Misbehaviors": 206,
    "MisbehaviorPerSample": 0.17109634551495018,
    "Features": {
        "segment_count": {
            "meta": {
                "name": "segment_count",
                "min-value": 0.0,
                "max-value": 8.0,
                "num-cells": 9
            },
            "stats": {
                "mean": 2.7574750830564785,
                "stdev": 1.220217171386734,
                "median": 3.0
            }
        },
        "sd_steering": {
            "meta": {
                "name": "sd_steering",
                "min-value": 0.0,
                "max-value": 170.0,
                "num-cells": 25
            },
            "stats": {
                "mean": 95.82641196013289,
                "stdev": 24.443102713051545,
                "median": 98.5
            }
        }
    },
    "Reports": [
        {
            "Features": [
                "segment_count",
                "sd_steering"
            ],
            "Sample Count": 1204,
            "Outlier Count": 0,
            "Total Cells": 225,
            "Filled Cells": 85,
            "Mapped Misbehaviors": 39,
            "Misbehavior Relative Density": 0.4588235294117647,
            "Misbehavior Density": 0.17333333333333334,
            "Filled Cells Density": 0.37777777777777777,
            "Collisions": 76,
            "Misbehavior Collisions": 34,
            "Collision Ratio": 13.16470588235294,
            "Misbehavior Collision Ratio": 4.282051282051282,
            "Coverage Sparseness": 14.416666666666666,
            "Misbehavior Sparseness": 8.18421052631579,
            "Avg Sample Distance": 7.147899159663875,
            "Avg Misbehavior Distance": 4.9446693657219996
        }
    ]
}