{
    "Tool": "DeepJanusBeamNG",
    "Run ID": "010",
    "Tags": [
        "MeanLateralPosition",
        "SDSteeringAngle",
        "black-box",
        "rescaled"
    ],
    "Total Samples": 9,
    "Valid Samples": 9,
    "Invalid Samples": 0,
    "Total Misbehaviors": 6,
    "MisbehaviorPerSample": 0.6666666666666666,
    "Features": {
        "mean_lateral_position": {
            "meta": {
                "name": "mean_lateral_position",
                "min-value": 140.0,
                "max-value": 199.0,
                "num-cells": 25
            },
            "stats": {
                "mean": 168.44444444444446,
                "stdev": 4.876246279442598,
                "median": 169
            }
        },
        "sd_steering": {
            "meta": {
                "name": "sd_steering",
                "min-value": 0.0,
                "max-value": 170.0,
                "num-cells": 25
            },
            "stats": {
                "mean": 115,
                "stdev": 15.811388300841896,
                "median": 115
            }
        }
    },
    "Reports": [
        {
            "Features": [
                "mean_lateral_position",
                "sd_steering"
            ],
            "Sample Count": 9,
            "Outlier Count": 0,
            "Total Cells": 625,
            "Filled Cells": 8,
            "Mapped Misbehaviors": 6,
            "Misbehavior Relative Density": 0.75,
            "Misbehavior Density": 0.0096,
            "Filled Cells Density": 0.0128,
            "Collisions": 1,
            "Misbehavior Collisions": 0,
            "Collision Ratio": 0.125,
            "Misbehavior Collision Ratio": 0.0,
            "Coverage Sparseness": 8.0,
            "Misbehavior Sparseness": 8.6,
            "Avg Sample Distance": 4.928571428571428,
            "Avg Misbehavior Distance": 5.533333333333333
        }
    ]
}