{
    "Tool": "DeepJanusBeamNG",
    "Run ID": "002",
    "Tags": [
        "MeanLateralPosition",
        "SegmentCount",
        "black-box",
        "rescaled"
    ],
    "Total Samples": 8,
    "Valid Samples": 8,
    "Invalid Samples": 0,
    "Total Misbehaviors": 4,
    "MisbehaviorPerSample": 0.5,
    "Features": {
        "mean_lateral_position": {
            "meta": {
                "name": "mean_lateral_position",
                "min-value": 140.0,
                "max-value": 199.0,
                "num-cells": 25
            },
            "stats": {
                "mean": 169.75,
                "stdev": 3.9188190640986296,
                "median": 170.0
            }
        },
        "segment_count": {
            "meta": {
                "name": "segment_count",
                "min-value": 0.0,
                "max-value": 8.0,
                "num-cells": 9
            },
            "stats": {
                "mean": 5.25,
                "stdev": 1.0350983390135313,
                "median": 6.0
            }
        }
    },
    "Reports": [
        {
            "Features": [
                "mean_lateral_position",
                "segment_count"
            ],
            "Sample Count": 8,
            "Outlier Count": 0,
            "Total Cells": 225,
            "Filled Cells": 7,
            "Mapped Misbehaviors": 3,
            "Misbehavior Relative Density": 0.42857142857142855,
            "Misbehavior Density": 0.013333333333333334,
            "Filled Cells Density": 0.03111111111111111,
            "Collisions": 1,
            "Misbehavior Collisions": 1,
            "Collision Ratio": 0.14285714285714285,
            "Misbehavior Collision Ratio": 0.3333333333333333,
            "Coverage Sparseness": 5.0,
            "Misbehavior Sparseness": 6.0,
            "Avg Sample Distance": 3.2380952380952377,
            "Avg Misbehavior Distance": 4.666666666666667
        }
    ]
}