{
    "Tool": "DeepHyperionBeamNG",
    "Run ID": "010",
    "Tags": [
        "MeanLateralPosition",
        "MinRadius",
        "black-box",
        "rescaled"
    ],
    "Total Samples": 1190,
    "Valid Samples": 1190,
    "Invalid Samples": 0,
    "Total Misbehaviors": 171,
    "MisbehaviorPerSample": 0.14369747899159663,
    "Features": {
        "mean_lateral_position": {
            "meta": {
                "name": "mean_lateral_position",
                "min-value": 140.0,
                "max-value": 199.0,
                "num-cells": 25
            },
            "stats": {
                "mean": 171.95714285714286,
                "stdev": 4.739542007458756,
                "median": 172.0
            }
        },
        "min_radius": {
            "meta": {
                "name": "min_radius",
                "min-value": 12.0,
                "max-value": 109.0,
                "num-cells": 25
            },
            "stats": {
                "mean": 23.214285714285715,
                "stdev": 8.202255999682073,
                "median": 21.0
            }
        }
    },
    "Reports": [
        {
            "Features": [
                "mean_lateral_position",
                "min_radius"
            ],
            "Sample Count": 1190,
            "Outlier Count": 0,
            "Total Cells": 625,
            "Filled Cells": 71,
            "Mapped Misbehaviors": 17,
            "Misbehavior Relative Density": 0.23943661971830985,
            "Misbehavior Density": 0.0272,
            "Filled Cells Density": 0.1136,
            "Collisions": 63,
            "Misbehavior Collisions": 15,
            "Collision Ratio": 15.76056338028169,
            "Misbehavior Collision Ratio": 9.058823529411764,
            "Coverage Sparseness": 11.214285714285714,
            "Misbehavior Sparseness": 5.0,
            "Avg Sample Distance": 6.6551307847082475,
            "Avg Misbehavior Distance": 3.529411764705881
        }
    ]
}