{
    "Tool": "DeepJanusBeamNG",
    "Run ID": "010",
    "Tags": [
        "MeanLateralPosition",
        "MinRadius",
        "black-box",
        "rescaled"
    ],
    "Total Samples": 9,
    "Valid Samples": 9,
    "Invalid Samples": 0,
    "Total Misbehaviors": 6,
    "MisbehaviorPerSample": 0.6666666666666666,
    "Features": {
        "mean_lateral_position": {
            "meta": {
                "name": "mean_lateral_position",
                "min-value": 140.0,
                "max-value": 199.0,
                "num-cells": 25
            },
            "stats": {
                "mean": 168.44444444444446,
                "stdev": 4.876246279442598,
                "median": 169
            }
        },
        "min_radius": {
            "meta": {
                "name": "min_radius",
                "min-value": 12.0,
                "max-value": 109.0,
                "num-cells": 25
            },
            "stats": {
                "mean": 14.88888888888889,
                "stdev": 1.1666666666666667,
                "median": 15
            }
        }
    },
    "Reports": [
        {
            "Features": [
                "mean_lateral_position",
                "min_radius"
            ],
            "Sample Count": 9,
            "Outlier Count": 0,
            "Total Cells": 625,
            "Filled Cells": 6,
            "Mapped Misbehaviors": 4,
            "Misbehavior Relative Density": 0.6666666666666666,
            "Misbehavior Density": 0.0064,
            "Filled Cells Density": 0.0096,
            "Collisions": 1,
            "Misbehavior Collisions": 1,
            "Collision Ratio": 0.5,
            "Misbehavior Collision Ratio": 0.5,
            "Coverage Sparseness": 4.6,
            "Misbehavior Sparseness": 5.666666666666667,
            "Avg Sample Distance": 3.5333333333333337,
            "Avg Misbehavior Distance": 3.833333333333333
        }
    ]
}