{
    "Tool": "DeepJanusBeamNG",
    "Run ID": "008",
    "Tags": [
        "MeanLateralPosition",
        "SegmentCount",
        "black-box",
        "rescaled"
    ],
    "Total Samples": 7,
    "Valid Samples": 7,
    "Invalid Samples": 0,
    "Total Misbehaviors": 4,
    "MisbehaviorPerSample": 0.5714285714285714,
    "Features": {
        "mean_lateral_position": {
            "meta": {
                "name": "mean_lateral_position",
                "min-value": 140.0,
                "max-value": 199.0,
                "num-cells": 25
            },
            "stats": {
                "mean": 168.57142857142858,
                "stdev": 4.197504927816954,
                "median": 169
            }
        },
        "segment_count": {
            "meta": {
                "name": "segment_count",
                "min-value": 0.0,
                "max-value": 8.0,
                "num-cells": 9
            },
            "stats": {
                "mean": 5.714285714285714,
                "stdev": 0.7559289460184544,
                "median": 6
            }
        }
    },
    "Reports": [
        {
            "Features": [
                "mean_lateral_position",
                "segment_count"
            ],
            "Sample Count": 7,
            "Outlier Count": 0,
            "Total Cells": 225,
            "Filled Cells": 5,
            "Mapped Misbehaviors": 3,
            "Misbehavior Relative Density": 0.6,
            "Misbehavior Density": 0.013333333333333334,
            "Filled Cells Density": 0.022222222222222223,
            "Collisions": 2,
            "Misbehavior Collisions": 1,
            "Collision Ratio": 0.4,
            "Misbehavior Collision Ratio": 0.3333333333333333,
            "Coverage Sparseness": 4.75,
            "Misbehavior Sparseness": 2.5,
            "Avg Sample Distance": 4.0,
            "Avg Misbehavior Distance": 2.6666666666666665
        }
    ]
}