{
    "Tool": "DeepJanusBeamNG",
    "Run ID": "005",
    "Tags": [
        "SegmentCount",
        "SDSteeringAngle",
        "black-box",
        "rescaled"
    ],
    "Total Samples": 9,
    "Valid Samples": 9,
    "Invalid Samples": 0,
    "Total Misbehaviors": 4,
    "MisbehaviorPerSample": 0.4444444444444444,
    "Features": {
        "segment_count": {
            "meta": {
                "name": "segment_count",
                "min-value": 0.0,
                "max-value": 8.0,
                "num-cells": 9
            },
            "stats": {
                "mean": 4.777777777777778,
                "stdev": 1.3944333775567925,
                "median": 4
            }
        },
        "sd_steering": {
            "meta": {
                "name": "sd_steering",
                "min-value": 0.0,
                "max-value": 170.0,
                "num-cells": 25
            },
            "stats": {
                "mean": 104.66666666666667,
                "stdev": 22.20360331117452,
                "median": 102
            }
        }
    },
    "Reports": [
        {
            "Features": [
                "segment_count",
                "sd_steering"
            ],
            "Sample Count": 9,
            "Outlier Count": 0,
            "Total Cells": 225,
            "Filled Cells": 8,
            "Mapped Misbehaviors": 4,
            "Misbehavior Relative Density": 0.5,
            "Misbehavior Density": 0.017777777777777778,
            "Filled Cells Density": 0.035555555555555556,
            "Collisions": 1,
            "Misbehavior Collisions": 0,
            "Collision Ratio": 0.125,
            "Misbehavior Collision Ratio": 0.0,
            "Coverage Sparseness": 8.857142857142858,
            "Misbehavior Sparseness": 7.333333333333333,
            "Avg Sample Distance": 5.571428571428571,
            "Avg Misbehavior Distance": 5.333333333333334
        }
    ]
}