{
    "Tool": "DeepHyperionBeamNG",
    "Run ID": "010",
    "Tags": [
        "MeanLateralPosition",
        "SegmentCount",
        "black-box",
        "rescaled"
    ],
    "Total Samples": 1243,
    "Valid Samples": 1243,
    "Invalid Samples": 0,
    "Total Misbehaviors": 269,
    "MisbehaviorPerSample": 0.2164119066773934,
    "Features": {
        "mean_lateral_position": {
            "meta": {
                "name": "mean_lateral_position",
                "min-value": 140.0,
                "max-value": 199.0,
                "num-cells": 25
            },
            "stats": {
                "mean": 170.93161705551086,
                "stdev": 5.170926049316772,
                "median": 171
            }
        },
        "segment_count": {
            "meta": {
                "name": "segment_count",
                "min-value": 0.0,
                "max-value": 8.0,
                "num-cells": 9
            },
            "stats": {
                "mean": 2.082864038616251,
                "stdev": 1.2245690043419148,
                "median": 2
            }
        }
    },
    "Reports": [
        {
            "Features": [
                "mean_lateral_position",
                "segment_count"
            ],
            "Sample Count": 1243,
            "Outlier Count": 0,
            "Total Cells": 225,
            "Filled Cells": 51,
            "Mapped Misbehaviors": 31,
            "Misbehavior Relative Density": 0.6078431372549019,
            "Misbehavior Density": 0.13777777777777778,
            "Filled Cells Density": 0.22666666666666666,
            "Collisions": 49,
            "Misbehavior Collisions": 25,
            "Collision Ratio": 23.372549019607842,
            "Misbehavior Collision Ratio": 7.67741935483871,
            "Coverage Sparseness": 7.22,
            "Misbehavior Sparseness": 6.366666666666666,
            "Avg Sample Distance": 4.938039215686276,
            "Avg Misbehavior Distance": 4.17634408602151
        }
    ]
}