{
    "Tool": "DeepHyperionBeamNG",
    "Run ID": "009",
    "Tags": [
        "MeanLateralPosition",
        "SDSteeringAngle",
        "black-box",
        "rescaled"
    ],
    "Total Samples": 1235,
    "Valid Samples": 1235,
    "Invalid Samples": 0,
    "Total Misbehaviors": 254,
    "MisbehaviorPerSample": 0.20566801619433198,
    "Features": {
        "mean_lateral_position": {
            "meta": {
                "name": "mean_lateral_position",
                "min-value": 140.0,
                "max-value": 199.0,
                "num-cells": 25
            },
            "stats": {
                "mean": 170.42995951417004,
                "stdev": 4.549982768234215,
                "median": 170
            }
        },
        "sd_steering": {
            "meta": {
                "name": "sd_steering",
                "min-value": 0.0,
                "max-value": 170.0,
                "num-cells": 25
            },
            "stats": {
                "mean": 111.46801619433198,
                "stdev": 20.933511450611864,
                "median": 113
            }
        }
    },
    "Reports": [
        {
            "Features": [
                "mean_lateral_position",
                "sd_steering"
            ],
            "Sample Count": 1235,
            "Outlier Count": 0,
            "Total Cells": 625,
            "Filled Cells": 106,
            "Mapped Misbehaviors": 67,
            "Misbehavior Relative Density": 0.6320754716981132,
            "Misbehavior Density": 0.1072,
            "Filled Cells Density": 0.1696,
            "Collisions": 95,
            "Misbehavior Collisions": 51,
            "Collision Ratio": 10.650943396226415,
            "Misbehavior Collision Ratio": 2.791044776119403,
            "Coverage Sparseness": 12.657142857142857,
            "Misbehavior Sparseness": 10.5,
            "Avg Sample Distance": 7.394249775381849,
            "Avg Misbehavior Distance": 6.341022161917686
        }
    ]
}