{
    "Tool": "DeepHyperionBeamNG",
    "Run ID": "004",
    "Tags": [
        "MeanLateralPosition",
        "SDSteeringAngle",
        "black-box",
        "rescaled"
    ],
    "Total Samples": 1161,
    "Valid Samples": 1161,
    "Invalid Samples": 0,
    "Total Misbehaviors": 83,
    "MisbehaviorPerSample": 0.0714900947459087,
    "Features": {
        "mean_lateral_position": {
            "meta": {
                "name": "mean_lateral_position",
                "min-value": 140.0,
                "max-value": 199.0,
                "num-cells": 25
            },
            "stats": {
                "mean": 168.65891472868216,
                "stdev": 4.404829856254396,
                "median": 168
            }
        },
        "sd_steering": {
            "meta": {
                "name": "sd_steering",
                "min-value": 0.0,
                "max-value": 170.0,
                "num-cells": 25
            },
            "stats": {
                "mean": 96.22652885443583,
                "stdev": 19.51567501971798,
                "median": 97
            }
        }
    },
    "Reports": [
        {
            "Features": [
                "mean_lateral_position",
                "sd_steering"
            ],
            "Sample Count": 1161,
            "Outlier Count": 0,
            "Total Cells": 625,
            "Filled Cells": 98,
            "Mapped Misbehaviors": 37,
            "Misbehavior Relative Density": 0.37755102040816324,
            "Misbehavior Density": 0.0592,
            "Filled Cells Density": 0.1568,
            "Collisions": 79,
            "Misbehavior Collisions": 23,
            "Collision Ratio": 10.846938775510203,
            "Misbehavior Collision Ratio": 1.2432432432432432,
            "Coverage Sparseness": 24.463917525773194,
            "Misbehavior Sparseness": 8.555555555555555,
            "Avg Sample Distance": 7.434672838207458,
            "Avg Misbehavior Distance": 6.087087087087085
        }
    ]
}