{
    "Tool": "DeepJanusBeamNG",
    "Run ID": "006",
    "Tags": [
        "MeanLateralPosition",
        "SegmentCount",
        "black-box",
        "rescaled"
    ],
    "Total Samples": 9,
    "Valid Samples": 9,
    "Invalid Samples": 0,
    "Total Misbehaviors": 6,
    "MisbehaviorPerSample": 0.6666666666666666,
    "Features": {
        "mean_lateral_position": {
            "meta": {
                "name": "mean_lateral_position",
                "min-value": 140.0,
                "max-value": 199.0,
                "num-cells": 25
            },
            "stats": {
                "mean": 168.44444444444446,
                "stdev": 5.126185499743233,
                "median": 168
            }
        },
        "segment_count": {
            "meta": {
                "name": "segment_count",
                "min-value": 0.0,
                "max-value": 8.0,
                "num-cells": 9
            },
            "stats": {
                "mean": 4.666666666666667,
                "stdev": 1.118033988749895,
                "median": 5
            }
        }
    },
    "Reports": [
        {
            "Features": [
                "mean_lateral_position",
                "segment_count"
            ],
            "Sample Count": 9,
            "Outlier Count": 0,
            "Total Cells": 225,
            "Filled Cells": 9,
            "Mapped Misbehaviors": 6,
            "Misbehavior Relative Density": 0.6666666666666666,
            "Misbehavior Density": 0.02666666666666667,
            "Filled Cells Density": 0.04,
            "Collisions": 0,
            "Misbehavior Collisions": 0,
            "Collision Ratio": 0.0,
            "Misbehavior Collision Ratio": 0.0,
            "Coverage Sparseness": 6.25,
            "Misbehavior Sparseness": 3.8,
            "Avg Sample Distance": 3.999999999999999,
            "Avg Misbehavior Distance": 2.9999999999999996
        }
    ]
}