{
    "Tool": "DeepHyperionBeamNG",
    "Run ID": "002",
    "Tags": [
        "MeanLateralPosition",
        "SDSteeringAngle",
        "black-box",
        "rescaled"
    ],
    "Total Samples": 1187,
    "Valid Samples": 1187,
    "Invalid Samples": 0,
    "Total Misbehaviors": 160,
    "MisbehaviorPerSample": 0.13479359730412804,
    "Features": {
        "mean_lateral_position": {
            "meta": {
                "name": "mean_lateral_position",
                "min-value": 140.0,
                "max-value": 199.0,
                "num-cells": 25
            },
            "stats": {
                "mean": 170.82645324347092,
                "stdev": 6.446579636670525,
                "median": 171
            }
        },
        "sd_steering": {
            "meta": {
                "name": "sd_steering",
                "min-value": 0.0,
                "max-value": 170.0,
                "num-cells": 25
            },
            "stats": {
                "mean": 97.5341196293176,
                "stdev": 19.422465915930736,
                "median": 100
            }
        }
    },
    "Reports": [
        {
            "Features": [
                "mean_lateral_position",
                "sd_steering"
            ],
            "Sample Count": 1187,
            "Outlier Count": 0,
            "Total Cells": 625,
            "Filled Cells": 117,
            "Mapped Misbehaviors": 48,
            "Misbehavior Relative Density": 0.41025641025641024,
            "Misbehavior Density": 0.0768,
            "Filled Cells Density": 0.1872,
            "Collisions": 98,
            "Misbehavior Collisions": 28,
            "Collision Ratio": 9.145299145299145,
            "Misbehavior Collision Ratio": 2.3333333333333335,
            "Coverage Sparseness": 25.017241379310345,
            "Misbehavior Sparseness": 8.574468085106384,
            "Avg Sample Distance": 7.868552903035621,
            "Avg Misbehavior Distance": 5.788120567375887
        }
    ]
}