{
    "Tool": "DeepHyperionBeamNG",
    "Run ID": "005",
    "Tags": [
        "MeanLateralPosition",
        "MinRadius",
        "black-box",
        "rescaled"
    ],
    "Total Samples": 1168,
    "Valid Samples": 1168,
    "Invalid Samples": 0,
    "Total Misbehaviors": 116,
    "MisbehaviorPerSample": 0.09931506849315068,
    "Features": {
        "mean_lateral_position": {
            "meta": {
                "name": "mean_lateral_position",
                "min-value": 140.0,
                "max-value": 199.0,
                "num-cells": 25
            },
            "stats": {
                "mean": 171.34760273972603,
                "stdev": 5.574214819586927,
                "median": 172.0
            }
        },
        "min_radius": {
            "meta": {
                "name": "min_radius",
                "min-value": 12.0,
                "max-value": 109.0,
                "num-cells": 25
            },
            "stats": {
                "mean": 24.061643835616437,
                "stdev": 8.35243201214027,
                "median": 22.0
            }
        }
    },
    "Reports": [
        {
            "Features": [
                "mean_lateral_position",
                "min_radius"
            ],
            "Sample Count": 1168,
            "Outlier Count": 0,
            "Total Cells": 625,
            "Filled Cells": 77,
            "Mapped Misbehaviors": 14,
            "Misbehavior Relative Density": 0.18181818181818182,
            "Misbehavior Density": 0.0224,
            "Filled Cells Density": 0.1232,
            "Collisions": 69,
            "Misbehavior Collisions": 13,
            "Collision Ratio": 14.168831168831169,
            "Misbehavior Collision Ratio": 7.285714285714286,
            "Coverage Sparseness": 11.210526315789474,
            "Misbehavior Sparseness": 4.3076923076923075,
            "Avg Sample Distance": 6.477101845522885,
            "Avg Misbehavior Distance": 3.0769230769230766
        }
    ]
}